"Query","Match","HMDB","PubChem","KEGG","SMILES","Comment"
"PC(14:0/P-16:0)","PC(14:0/P-16:0)","HMDB0007895","53478615","C00157","CCCCCCCCCCCCCC/C=C\OC(COC(=O)CCCCCCCCCCCCC)COP(=O)([O-])OCC[N+](C)(C)C","1"
"PE(15:0/P-18:0)","PE(15:0/P-18:0)","HMDB0008917","53479584","C00350","CCCCCCCCCCCCCCCC/C=C\O[C@H](COC(=O)CCCCCCCCCCCCCC)COP(=O)(O)OCCN","1"
"PC(P-16:0/14:0)","PC(P-16:0/14:0)","HMDB0011203","52923874",NA,"CCCCCCCCCCCCCC/C=C\OC[C@H](COP(=O)([O-])OCC[N+](C)(C)C)OC(=O)CCCCCCCCCCCCC","1"
"PE(P-18:0/15:0)","PE(P-18:0/15:0)","HMDB0011370","52925071",NA,"CCCCCCCCCCCCCCCC/C=C\OC[C@H](COP(=O)(O)OCCN)OC(=O)CCCCCCCCCCCCCC","1"
"PC(o-14:0/16:1(9Z))","PC(o-14:0/16:1(9Z))","HMDB0013402","24779277",NA,"CCCCCCCCCCCCCCOC[C@H](COP(=O)([O-])OCC[N+](C)(C)C)OC(=O)CCCCCCC/C=C\CCCCCC","1"
"PC(o-16:0/14:1(9Z))","PC(o-16:0/14:1(9Z))","HMDB0013403","52923736",NA,"CCCCCCCCCCCCCCCCOC[C@H](COP(=O)([O-])OCC[N+](C)(C)C)OC(=O)CCCCCCC/C=C\CCCC","1"
"LysoPE(0:0/22:1(13Z))","LysoPE(0:0/22:1(13Z))","HMDB0011491","53480940",NA,"CCCCCCCC/C=C\CCCCCCCCCCCC(=O)O[C@H](CO)COP(=O)(O)OCCN","1"
"LysoPE(22:1(13Z)/0:0)","LysoPE(22:1(13Z)/0:0)","HMDB0011521","53480953",NA,"CCCCCCCC/C=C\CCCCCCCCCCCC(=O)OC[C@H](COP(=O)(O)OCCN)O","1"
"PE(18:4(6Z,9Z,12Z,15Z)/P-18:1(11Z))","PE(18:4(6Z,9Z,12Z,15Z)/P-18:1(11Z))","HMDB0009215","53479707","C00350","CCCCCC/C=C\CCCCCCCC/C=C\O[C@H](COC(=O)CCCC/C=C\C/C=C\C/C=C\C/C=C\CC)COP(=O)(O)OCCN","1"
"PE(18:4(6Z,9Z,12Z,15Z)/P-18:1(9Z))","PE(18:4(6Z,9Z,12Z,15Z)/P-18:1(9Z))","HMDB0009216","53479708","C00350","CCCCCCCC/C=C\CCCCCC/C=C\O[C@H](COC(=O)CCCC/C=C\C/C=C\C/C=C\C/C=C\CC)COP(=O)(O)OCCN","1"
"PE(20:5(5Z,8Z,11Z,14Z,17Z)/P-16:0)","PE(20:5(5Z,8Z,11Z,14Z,17Z)/P-16:0)","HMDB0009477","53479839","C00350","CCCCCCCCCCCCCC/C=C\O[C@H](COC(=O)CCC/C=C\C/C=C\C/C=C\C/C=C\C/C=C\CC)COP(=O)(O)OCCN","1"
"PE(P-16:0/20:5(5Z,8Z,11Z,14Z,17Z))","PE(P-16:0/20:5(5Z,8Z,11Z,14Z,17Z))","HMDB0011354","52925061",NA,"CCCCCCCCCCCCCC/C=C\OC[C@H](COP(=O)(O)OCCN)OC(=O)CCC/C=C\C/C=C\C/C=C\C/C=C\C/C=C\CC","1"
"PE(P-18:1(11Z)/18:4(6Z,9Z,12Z,15Z))","PE(P-18:1(11Z)/18:4(6Z,9Z,12Z,15Z))","HMDB0011412","53480872",NA,"CCCCCC/C=C\CCCCCCCC/C=C\OC[C@H](COP(=O)(O)OCCN)OC(=O)CCCC/C=C\C/C=C\C/C=C\C/C=C\CC","1"
"PE(P-18:1(9Z)/18:4(6Z,9Z,12Z,15Z))","PE(P-18:1(9Z)/18:4(6Z,9Z,12Z,15Z))","HMDB0011445","53480901",NA,"CCCCCCCC/C=C\CCCCCC/C=C\OC[C@H](COP(=O)(O)OCCN)OC(=O)CCCC/C=C\C/C=C\C/C=C\C/C=C\CC","1"
"2-Aminomuconic acid","2-Aminomuconic acid","HMDB0001241","5280499","C02220","C(=C\C(=O)O)\C=C(/C(=O)O)\N","1"
"Kinetensin 4-7","Kinetensin 4-7","HMDB0012986","71351622",NA,"C1C[C@@H](N(C1)C(=O)[C@H](CC2=CN=CN2)NC(=O)[C@@H](CCCN=C(N)N)N)C(=O)N[C@H](CC3=CC=C(C=C3)O)C(=O)O","1"
"Inosinic acid","Inosinic acid","HMDB0000175","8582","C00130","C1=NC(=O)C2=C(N1)N(C=N2)[C@H]3[C@@H]([C@@H]([C@H](O3)COP(=O)(O)O)O)O","1"
"Inosine 2'-phosphate","Inosine 2'-phosphate","HMDB0011681","18601915",NA,"C1=NC(=O)C2=C(N1)N(C=N2)[C@H]3[C@@H]([C@@H]([C@H](O3)CO)O)OP(=O)(O)O","1"
"Cholic acid glucuronide","Cholic acid glucuronide","HMDB0002577","21252309",NA,"C[C@H](CCC(=O)O)[C@H]1CC[C@@H]2[C@@]1([C@H](C[C@H]3[C@H]2[C@@H](C[C@H]4[C@@]3(CC[C@H](C4)O[C@H]5[C@@H]([C@H]([C@@H]([C@H](O5)C(=O)O)O)O)O)C)O)O)C","1"
"DG(14:0/18:2(9Z,12Z)/0:0)","DG(14:0/18:2(9Z,12Z)/0:0)","HMDB0007016","14275352",NA,"CCCCCCCCCCCCCC(=O)OC[C@H](CO)OC(=O)CCCCCCC/C=C\C/C=C\CCCCC","1"
"DG(14:1(9Z)/18:1(11Z)/0:0)","DG(14:1(9Z)/18:1(11Z)/0:0)","HMDB0007043","53477978",NA,"CCCCCC/C=C\CCCCCCCCCC(=O)O[C@@H](CO)COC(=O)CCCCCCC/C=C\CCCC","1"
"DG(14:1(9Z)/18:1(9Z)/0:0)","DG(14:1(9Z)/18:1(9Z)/0:0)","HMDB0007044","53477979",NA,"CCCCCCCC/C=C\CCCCCCCC(=O)O[C@@H](CO)COC(=O)CCCCCCC/C=C\CCCC","1"
"DG(16:1(9Z)/16:1(9Z)/0:0)","DG(16:1(9Z)/16:1(9Z)/0:0)","HMDB0007128","9543679","C00165","CCCCCC/C=C\CCCCCCCC(=O)OC[C@H](CO)OC(=O)CCCCCCC/C=C\CCCCCC","1"
"DG(18:1(11Z)/14:1(9Z)/0:0)","DG(18:1(11Z)/14:1(9Z)/0:0)","HMDB0007183","53478058",NA,"CCCCCC/C=C\CCCCCCCCCC(=O)OC[C@H](CO)OC(=O)CCCCCCC/C=C\CCCC","1"
"DG(18:1(9Z)/14:1(9Z)/0:0)","DG(18:1(9Z)/14:1(9Z)/0:0)","HMDB0007212","53478087",NA,"CCCCCCCC/C=C\CCCCCCCC(=O)OC[C@H](CO)OC(=O)CCCCCCC/C=C\CCCC","1"
"DG(18:2(9Z,12Z)/14:0/0:0)","DG(18:2(9Z,12Z)/14:0/0:0)","HMDB0007240","53478098",NA,"CCCCCCCCCCCCCC(=O)O[C@@H](CO)COC(=O)CCCCCCC/C=C\C/C=C\CCCCC","1"
"LPA(0:0/18:1(9Z))","LysoPA(0:0/18:1(9Z))","HMDB0007851","56947016","C00416","CCCCCCCC/C=C\CCCCCCCC(=O)O[C@H](CO)COP(=O)(O)O","1"
"LPA(18:1(9Z)/0:0)","LysoPA(18:1(9Z)/0:0)","HMDB0007855","5497152","C00416","CCCCCCCC/C=C\CCCCCCCC(=O)OC[C@H](COP(=O)(O)O)O","1"
"DHAP(18:0)","DHAP(18:0)","HMDB0011133","440127","C03805","CCCCCCCCCCCCCCCCCC(=O)OCC(=O)COP(=O)(O)O","1"
"PC(20:0/22:6(4Z,7Z,10Z,13Z,16Z,19Z))","PC(20:0/22:6(4Z,7Z,10Z,13Z,16Z,19Z))","HMDB0008288","24779053","C00157","CCCCCCCCCCCCCCCCCCCC(=O)OC[C@H](COP(=O)([O-])OCC[N+](C)(C)C)OC(=O)CC/C=C\C/C=C\C/C=C\C/C=C\C/C=C\C/C=C\CC","1"
"PC(20:1(11Z)/22:5(4Z,7Z,10Z,13Z,16Z))","PC(20:1(11Z)/22:5(4Z,7Z,10Z,13Z,16Z))","HMDB0008319","53478903","C00157","CCCCCCCC/C=C\CCCCCCCCCC(=O)OC[C@H](COP(=O)([O-])OCC[N+](C)(C)C)OC(=O)CC/C=C\C/C=C\C/C=C\C/C=C\C/C=C\CCCCC","1"
"PC(20:1(11Z)/22:5(7Z,10Z,13Z,16Z,19Z))","PC(20:1(11Z)/22:5(7Z,10Z,13Z,16Z,19Z))","HMDB0008320","53478905","C00157","CCCCCCCC/C=C\CCCCCCCCCC(=O)OC[C@H](COP(=O)([O-])OCC[N+](C)(C)C)OC(=O)CCCCC/C=C\C/C=C\C/C=C\C/C=C\C/C=C\CC","1"
"PC(20:2(11Z,14Z)/22:4(7Z,10Z,13Z,16Z))","PC(20:2(11Z,14Z)/22:4(7Z,10Z,13Z,16Z))","HMDB0008351","52923207","C00157","CCCCC/C=C\C/C=C\CCCCCCCCCC(=O)OC[C@H](COP(=O)([O-])OCC[N+](C)(C)C)OC(=O)CCCCC/C=C\C/C=C\C/C=C\C/C=C\CCCCC","1"
"PC(20:4(5Z,8Z,11Z,14Z)/22:2(13Z,16Z))","PC(20:4(5Z,8Z,11Z,14Z)/22:2(13Z,16Z))","HMDB0008448","52923323","C00157","CCCCC/C=C\C/C=C\CCCCCCCCCCCC(=O)O[C@H](COC(=O)CCC/C=C\C/C=C\C/C=C\C/C=C\CCCCC)COP(=O)([O-])OCC[N+](C)(C)C","1"
"PC(20:4(8Z,11Z,14Z,17Z)/22:2(13Z,16Z))","PC(20:4(8Z,11Z,14Z,17Z)/22:2(13Z,16Z))","HMDB0008481","53479101","C00157","CCCCC/C=C\C/C=C\CCCCCCCCCCCC(=O)O[C@H](COC(=O)CCCCCC/C=C\C/C=C\C/C=C\C/C=C\CC)COP(=O)([O-])OCC[N+](C)(C)C","1"
"PC(20:5(5Z,8Z,11Z,14Z,17Z)/22:1(13Z))","PC(20:5(5Z,8Z,11Z,14Z,17Z)/22:1(13Z))","HMDB0008513","53479131","C00157","CCCCCCCC/C=C\CCCCCCCCCCCC(=O)O[C@H](COC(=O)CCC/C=C\C/C=C\C/C=C\C/C=C\C/C=C\CC)COP(=O)([O-])OCC[N+](C)(C)C","1"
"PC(22:1(13Z)/20:5(5Z,8Z,11Z,14Z,17Z))","PC(22:1(13Z)/20:5(5Z,8Z,11Z,14Z,17Z))","HMDB0008576","53479201","C00157","CCCCCCCC/C=C\CCCCCCCCCCCC(=O)OC[C@H](COP(=O)([O-])OCC[N+](C)(C)C)OC(=O)CCC/C=C\C/C=C\C/C=C\C/C=C\C/C=C\CC","1"
"PC(22:2(13Z,16Z)/20:4(5Z,8Z,11Z,14Z))","PC(22:2(13Z,16Z)/20:4(5Z,8Z,11Z,14Z))","HMDB0008607","52923593","C00157","CCCCC/C=C\C/C=C\CCCCCCCCCCCC(=O)OC[C@H](COP(=O)([O-])OCC[N+](C)(C)C)OC(=O)CCC/C=C\C/C=C\C/C=C\C/C=C\CCCCC","1"
"PC(22:2(13Z,16Z)/20:4(8Z,11Z,14Z,17Z))","PC(22:2(13Z,16Z)/20:4(8Z,11Z,14Z,17Z))","HMDB0008608","53479231","C00157","CCCCC/C=C\C/C=C\CCCCCCCCCCCC(=O)OC[C@H](COP(=O)([O-])OCC[N+](C)(C)C)OC(=O)CCCCCC/C=C\C/C=C\C/C=C\C/C=C\CC","1"
"PC(22:4(7Z,10Z,13Z,16Z)/20:2(11Z,14Z))","PC(22:4(7Z,10Z,13Z,16Z)/20:2(11Z,14Z))","HMDB0008637","52923651","C00157","CCCCC/C=C\C/C=C\CCCCCCCCCC(=O)O[C@H](COC(=O)CCCCC/C=C\C/C=C\C/C=C\C/C=C\CCCCC)COP(=O)([O-])OCC[N+](C)(C)C","1"
"PC(22:5(4Z,7Z,10Z,13Z,16Z)/20:1(11Z))","PC(22:5(4Z,7Z,10Z,13Z,16Z)/20:1(11Z))","HMDB0008669","53479301","C00157","CCCCCCCC/C=C\CCCCCCCCCC(=O)O[C@H](COC(=O)CC/C=C\C/C=C\C/C=C\C/C=C\C/C=C\CCCCC)COP(=O)([O-])OCC[N+](C)(C)C","1"
"PC(22:5(7Z,10Z,13Z,16Z,19Z)/20:1(11Z))","PC(22:5(7Z,10Z,13Z,16Z,19Z)/20:1(11Z))","HMDB0008702","53479367","C00157","CCCCCCCC/C=C\CCCCCCCCCC(=O)O[C@H](COC(=O)CCCCC/C=C\C/C=C\C/C=C\C/C=C\C/C=C\CC)COP(=O)([O-])OCC[N+](C)(C)C","1"
"PC(22:6(4Z,7Z,10Z,13Z,16Z,19Z)/20:0)","PC(22:6(4Z,7Z,10Z,13Z,16Z,19Z)/20:0)","HMDB0008734","52923707","C00157","CCCCCCCCCCCCCCCCCCCC(=O)O[C@H](COC(=O)CC/C=C\C/C=C\C/C=C\C/C=C\C/C=C\C/C=C\CC)COP(=O)([O-])OCC[N+](C)(C)C","1"
"PG(16:0/18:3(6Z,9Z,12Z))","PG(16:0/18:3(6Z,9Z,12Z))","HMDB0010576","52927171",NA,"CCCCCCCCCCCCCCCC(=O)OC[C@H](COP(=O)(O)OC[C@H](CO)O)OC(=O)CCCC/C=C\C/C=C\C/C=C\CCCCC","1"
"PG(16:0/18:3(9Z,12Z,15Z))","PG(16:0/18:3(9Z,12Z,15Z))","HMDB0010577","52927236",NA,"CCCCCCCCCCCCCCCC(=O)OC[C@H](COP(=O)(O)OC[C@H](CO)O)OC(=O)CCCCCCC/C=C\C/C=C\C/C=C\CC","1"
"PG(16:1(9Z)/18:2(9Z,12Z))","PG(16:1(9Z)/18:2(9Z,12Z))","HMDB0010590","52927166",NA,"CCCCCC/C=C\CCCCCCCC(=O)OC[C@H](COP(=O)(O)OC[C@H](CO)O)OC(=O)CCCCCCC/C=C\C/C=C\CCCCC","1"
"PG(18:2(9Z,12Z)/16:1(9Z))","PG(18:2(9Z,12Z)/16:1(9Z))","HMDB0010646","52926611",NA,"CCCCCC/C=C\CCCCCCCC(=O)O[C@H](COC(=O)CCCCCCC/C=C\C/C=C\CCCCC)COP(=O)(O)OC[C@H](CO)O","1"
"PG(18:3(6Z,9Z,12Z)/16:0)","PG(18:3(6Z,9Z,12Z)/16:0)","HMDB0010660","52926637",NA,"CCCCCCCCCCCCCCCC(=O)O[C@H](COC(=O)CCCC/C=C\C/C=C\C/C=C\CCCCC)COP(=O)(O)OC[C@H](CO)O","1"
"PG(18:3(9Z,12Z,15Z)/16:0)","PG(18:3(9Z,12Z,15Z)/16:0)","HMDB0010675","52927218",NA,"CCCCCCCCCCCCCCCC(=O)O[C@H](COC(=O)CCCCCCC/C=C\C/C=C\C/C=C\CC)COP(=O)(O)OC[C@H](CO)O","1"
"cis-5,6-Dihydro-5,6-dihydroxy-carotene","cis-5,6-Dihydro-5,6-dihydroxy-carotene","HMDB0002746","53477757",NA,"CC(=CCC/C(=C/C=C/C(=C/C=C/C(=C/C=C\C=C(/C)\C=C\C=C(/C)\C=C\C(C(C)(CCC=C(C)C)O)O)/C)/C)/C)C","1"
"3-O-Sulfogalactosylceramide (d18:1/24:0)","3-O-Sulfogalactosylceramide (d18:1/24:0)","HMDB0000024","6451121","C06125","CCCCCCCCCCCCCCCCCCCCCCCC(=O)N[C@@H](CO[C@H]1[C@@H]([C@H]([C@H]([C@H](O1)CO)O)OS(=O)(=O)O)O)[C@@H](/C=C/CCCCCCCCCCCCC)O","1"
"Dihydroneopterin phosphate","Dihydroneopterin phosphate","HMDB0006824","24771767","C05925","C1C(=NC2=C(N1)NC(=NC2=O)N)[C@@H]([C@@H](COP(=O)(O)O)O)O","1"
"Pyrrole-2-carboxylic acid","Pyrrole-2-carboxylic acid","HMDB0004230","12473","C05942","C1=CNC(=C1)C(=O)O","1"
"PIP(16:0/18:1(11Z))","PIP(16:0/18:1(11Z))","HMDB0009924","53480122","C00626","CCCCCCCCCCCCCCCC(=O)OC[C@H](COP(=O)(O)O[C@@H]1C([C@@H](C(C(C1O)O)O)OP(=O)(O)O)O)OC(=O)CCCCCCCCC/C=C\CCCCCC","1"
"PIP(16:0/18:1(9Z))","NA","NA","NA","NA","NA","0"
"PIP(18:0/16:1(9Z))","PIP(18:0/16:1(9Z))","HMDB0009947","53480142","C00626","CCCCCCCCCCCCCCCCCC(=O)OC[C@H](COP(=O)(O)O[C@@H]1C([C@@H](C(C(C1O)O)O)OP(=O)(O)O)O)OC(=O)CCCCCCC/C=C\CCCCCC","1"
"PIP(18:1(11Z)/16:0)","PIP(18:1(11Z)/16:0)","HMDB0009958","53480153","C00626","CCCCCCCCCCCCCCCC(=O)O[C@H](COC(=O)CCCCCCCCC/C=C\CCCCCC)COP(=O)(O)O[C@@H]1C([C@@H](C(C(C1O)O)O)OP(=O)(O)O)O","1"
"PIP(18:1(9Z)/16:0)","PIP(18:1(9Z)/16:0)","HMDB0009970","53480165","C00626","CCCCCCCCCCCCCCCC(=O)O[C@H](COC(=O)CCCCCCC/C=C\CCCCCCCC)COP(=O)(O)O[C@@H]1C([C@@H](C(C(C1O)O)O)OP(=O)(O)O)O","1"
"Tetracosapentaenoic acid (24:5n-6)","Tetracosapentaenoic acid (24:5n-6)","HMDB0006322","14505435",NA,"CCCCC/C=C\C/C=C\C/C=C\C/C=C\C/C=C\CCCCC(=O)O","1"
"Tetracosapentaenoic acid (24:5n-3)","Tetracosapentaenoic acid (24:5n-3)","HMDB0006323","52921801",NA,"CC/C=C\C/C=C\C/C=C\C/C=C\C/C=C\CCCCCCCC(=O)O","1"
"DG(14:0/20:3(5Z,8Z,11Z)/0:0)","DG(14:0/20:3(5Z,8Z,11Z)/0:0)","HMDB0007023","53477958",NA,"CCCCCCCCCCCCCC(=O)OC[C@H](CO)OC(=O)CCC/C=C\C/C=C\C/C=C\CCCCCCCC","1"
"DG(14:0/20:3(8Z,11Z,14Z)/0:0)","DG(14:0/20:3(8Z,11Z,14Z)/0:0)","HMDB0007024","53477959",NA,"CCCCCCCCCCCCCC(=O)OC[C@H](CO)OC(=O)CCCCCC/C=C\C/C=C\C/C=C\CCCCC","1"
"DG(14:1(9Z)/20:2(11Z,14Z)/0:0)","DG(14:1(9Z)/20:2(11Z,14Z)/0:0)","HMDB0007051","53477986",NA,"CCCCC/C=C\C/C=C\CCCCCCCCCC(=O)O[C@@H](CO)COC(=O)CCCCCCC/C=C\CCCC","1"
"DG(16:0/18:3(6Z,9Z,12Z)/0:0)","DG(16:0/18:3(6Z,9Z,12Z)/0:0)","HMDB0007104","14275390",NA,"CCCCCCCCCCCCCCCC(=O)OC[C@H](CO)OC(=O)CCCC/C=C\C/C=C\C/C=C\CCCCC","1"
"DG(16:0/18:3(9Z,12Z,15Z)/0:0)","DG(16:0/18:3(9Z,12Z,15Z)/0:0)","HMDB0007105","9543700",NA,"CCCCCCCCCCCCCCCC(=O)OC[C@H](CO)OC(=O)CCCCCCC/C=C\C/C=C\C/C=C\CC","1"
"DG(16:1(9Z)/18:2(9Z,12Z)/0:0)","DG(16:1(9Z)/18:2(9Z,12Z)/0:0)","HMDB0007132","9543699","C00165","CCCCCC/C=C\CCCCCCCC(=O)OC[C@H](CO)OC(=O)CCCCCCC/C=C\C/C=C\CCCCC","1"
"DG(18:2(9Z,12Z)/16:1(9Z)/0:0)","DG(18:2(9Z,12Z)/16:1(9Z)/0:0)","HMDB0007244","53478102",NA,"CCCCCC/C=C\CCCCCCCC(=O)O[C@@H](CO)COC(=O)CCCCCCC/C=C\C/C=C\CCCCC","1"
"DG(18:3(6Z,9Z,12Z)/16:0/0:0)","DG(18:3(6Z,9Z,12Z)/16:0/0:0)","HMDB0007272","53478115",NA,"CCCCCCCCCCCCCCCC(=O)O[C@@H](CO)COC(=O)CCCC/C=C\C/C=C\C/C=C\CCCCC","1"
"DG(18:3(9Z,12Z,15Z)/16:0/0:0)","DG(18:3(9Z,12Z,15Z)/16:0/0:0)","HMDB0007301","53478143",NA,"CCCCCCCCCCCCCCCC(=O)O[C@@H](CO)COC(=O)CCCCCCC/C=C\C/C=C\C/C=C\CC","1"
"DG(20:2(11Z,14Z)/14:1(9Z)/0:0)","DG(20:2(11Z,14Z)/14:1(9Z)/0:0)","HMDB0007415","53478220",NA,"CCCCC/C=C\C/C=C\CCCCCCCCCC(=O)OC[C@H](CO)OC(=O)CCCCCCC/C=C\CCCC","1"
"DG(20:3(5Z,8Z,11Z)/14:0/0:0)","DG(20:3(5Z,8Z,11Z)/14:0/0:0)","HMDB0007443","53478238",NA,"CCCCCCCCCCCCCC(=O)O[C@@H](CO)COC(=O)CCC/C=C\C/C=C\C/C=C\CCCCCCCC","1"
"DG(20:3(8Z,11Z,14Z)/14:0/0:0)","DG(20:3(8Z,11Z,14Z)/14:0/0:0)","HMDB0007472","53478267",NA,"CCCCCCCCCCCCCC(=O)O[C@@H](CO)COC(=O)CCCCCC/C=C\C/C=C\C/C=C\CCCCC","1"
"LysoPE(0:0/16:0)","LysoPE(0:0/16:0)","HMDB0011473","53480922",NA,"CCCCCCCCCCCCCCCC(=O)O[C@H](CO)COP(=O)(O)OCCN","1"
"LysoPE(16:0/0:0)","LysoPE(16:0/0:0)","HMDB0011503","9547069",NA,"CCCCCCCCCCCCCCCC(=O)OC[C@H](COP(=O)(O)OCCN)O","1"
"DG(14:0/20:1(11Z)/0:0)","DG(14:0/20:1(11Z)/0:0)","HMDB0007021","53477956",NA,"CCCCCCCCCCCCCC(=O)OC[C@H](CO)OC(=O)CCCCCCCCC/C=C\CCCCCCCC","1"
"DG(14:1(9Z)/20:0/0:0)","DG(14:1(9Z)/20:0/0:0)","HMDB0007049","53477984",NA,"CCCCCCCCCCCCCCCCCCCC(=O)O[C@@H](CO)COC(=O)CCCCCCC/C=C\CCCC","1"
"DG(16:0/18:1(11Z)/0:0)","DG(16:0/18:1(11Z)/0:0)","HMDB0007101","9543972","C00165","CCCCCCCCCCCCCCCC(=O)OC[C@H](CO)OC(=O)CCCCCCCCC/C=C\CCCCCC","1"
"DG(16:0/18:1(9Z)/0:0)","DG(16:0/18:1(9Z)/0:0)","HMDB0007102","5282283","C13861","CCCCCCCCCCCCCCCC(=O)OC[C@H](CO)OC(=O)CCCCCCC/C=C\CCCCCCCC","1"
"DG(16:1(9Z)/18:0/0:0)","DG(16:1(9Z)/18:0/0:0)","HMDB0007129","9543691","C00165","CCCCCCCCCCCCCCCCCC(=O)O[C@@H](CO)COC(=O)CCCCCCC/C=C\CCCCCC","1"
"DG(18:0/16:1(9Z)/0:0)","DG(18:0/16:1(9Z)/0:0)","HMDB0007157","53478048",NA,"CCCCCCCCCCCCCCCCCC(=O)OC[C@H](CO)OC(=O)CCCCCCC/C=C\CCCCCC","1"
"DG(18:1(11Z)/16:0/0:0)","DG(18:1(11Z)/16:0/0:0)","HMDB0007185","53478060",NA,"CCCCCCCCCCCCCCCC(=O)O[C@@H](CO)COC(=O)CCCCCCCCC/C=C\CCCCCC","1"
"DG(18:1(9Z)/16:0/0:0)","DG(18:1(9Z)/16:0/0:0)","HMDB0007214","5283471","C00165","CCCCCCCCCCCCCCCC(=O)O[C@@H](CO)COC(=O)CCCCCCC/C=C\CCCCCCCC","1"
"DG(20:0/14:1(9Z)/0:0)","DG(20:0/14:1(9Z)/0:0)","HMDB0007357","53478186",NA,"CCCCCCCCCCCCCCCCCCCC(=O)OC[C@H](CO)OC(=O)CCCCCCC/C=C\CCCC","1"
"DG(20:1(11Z)/14:0/0:0)","DG(20:1(11Z)/14:0/0:0)","HMDB0007385","53478201",NA,"CCCCCCCCCCCCCC(=O)O[C@@H](CO)COC(=O)CCCCCCCCC/C=C\CCCCCCCC","1"
"Pantothenic acid","Pantothenic acid","HMDB0000210","6613","C00864","CC(C)(CO)C(C(=O)NCCC(=O)O)O","1"
"PC(16:0/P-18:1(11Z))","PC(16:0/P-18:1(11Z))","HMDB0007996","53478675","C00157","CCCCCCCCCCCCCCCC(=O)OCC(COP(=O)([O-])OCC[N+](C)(C)C)O/C=C\CCCCCCCC/C=C\CCCCCC","1"
"PC(16:0/P-18:1(9Z))","PC(16:0/P-18:1(9Z))","HMDB0007997","53478677","C00157","CCCCCCCCCCCCCCCC(=O)OCC(COP(=O)([O-])OCC[N+](C)(C)C)O/C=C\CCCCCC/C=C\CCCCCCCC","1"
"PC(16:1(9Z)/P-18:0)","PC(16:1(9Z)/P-18:0)","HMDB0008028","53478695","C00157","CCCCCCCCCCCCCCCC/C=C\OC(COC(=O)CCCCCCC/C=C\CCCCCC)COP(=O)([O-])OCC[N+](C)(C)C","1"
"PC(18:1(11Z)/P-16:0)","PC(18:1(11Z)/P-16:0)","HMDB0008093","53478757","C00157","CCCCCCCCCCCCCC/C=C\OC(COC(=O)CCCCCCCCC/C=C\CCCCCC)COP(=O)([O-])OCC[N+](C)(C)C","1"
"PC(18:1(9Z)/P-16:0)","PC(18:1(9Z)/P-16:0)","HMDB0008126","53478777","C00157","CCCCCCCCCCCCCC/C=C\OC(COC(=O)CCCCCCC/C=C\CCCCCCCC)COP(=O)([O-])OCC[N+](C)(C)C","1"
"PC(O-16:0/18:2(9Z,12Z))","PC(O-16:0/18:2(9Z,12Z))","HMDB0011151","6443157",NA,"CCCCCCCCCCCCCCCCOC[C@H](COP(=O)([O-])OCC[N+](C)(C)C)OC(=O)CCCCCCC/C=C\C/C=C\CCCCC","1"
"PC(P-16:0/18:1(11Z))","PC(P-16:0/18:1(11Z))","HMDB0011209","53480679",NA,"CCCCCCCCCCCCCC/C=C\OC[C@H](COP(=O)([O-])OCC[N+](C)(C)C)OC(=O)CCCCCCCCC/C=C\CCCCCC","1"
"PC(P-16:0/18:1(9Z))","PC(P-16:0/18:1(9Z))","HMDB0011210","24779384",NA,"CCCCCCCCCCCCCC/C=C\OC[C@H](COP(=O)([O-])OCC[N+](C)(C)C)OC(=O)CCCCCCC/C=C\CCCCCCCC","1"
"PC(P-18:0/16:1(9Z))","PC(P-18:0/16:1(9Z))","HMDB0011240","52923934",NA,"CCCCCCCCCCCCCCCC/C=C\OC[C@H](COP(=O)([O-])OCC[N+](C)(C)C)OC(=O)CCCCCCC/C=C\CCCCCC","1"
"PC(P-18:1(11Z)/16:0)","PC(P-18:1(11Z)/16:0)","HMDB0011272","53480735",NA,"CCCCCCCCCCCCCCCC(=O)OC(CO/C=C\CCCCCCCC/C=C\CCCCCC)COP(=O)([O-])OCC[N+](C)(C)C","1"
"PC(P-18:1(9Z)/16:0)","PC(P-18:1(9Z)/16:0)","HMDB0011305","53480793",NA,"CCCCCCCCCCCCCCCC(=O)O[C@H](CO/C=C\CCCCCC/C=C\CCCCCCCC)COP(=O)([O-])OCC[N+](C)(C)C","1"
"L-Cystathionine","L-Cystathionine","HMDB0000099","439258","C02291","C(CSC[C@@H](C(=O)O)N)[C@@H](C(=O)O)N","1"
"Allocystathionine","Allocystathionine","HMDB0000455","10104953","C00542","C(CSCC(C(=O)O)N)[C@@H](C(=O)O)N","1"
"Flavone","Flavone","HMDB0003075","10680","C15608","C1=CC=C(C=C1)C2=CC(=O)C3=CC=CC=C3O2","1"
"Carnosine","Carnosine","HMDB0000033","439224","C00386","C1=C(NC=N1)C[C@@H](C(=O)O)NC(=O)CCN","1"
"(6R)-6-(L-Erythro-1,2-Dihydroxypropyl)-5,6,7,8-tetrahydro-4a-hydroxypterin","(6R)-6-(L-Erythro-1,2-Dihydroxypropyl)-5,6,7,8-tetrahydro-4a-hydroxypterin","HMDB0012482","53481437","C15522","C[C@@H](C([C@@H]1CNC2=C(N1)C(=O)N=CN2)O)O","1"
"PG(16:0/20:3(5Z,8Z,11Z))","PG(16:0/20:3(5Z,8Z,11Z))","HMDB0010578","53480603",NA,"CCCCCCCCCCCCCCCC(=O)OC[C@H](COP(=O)(O)OC[C@H](CO)O)OC(=O)CCC/C=C\C/C=C\C/C=C\CCCCCCCC","1"
"PG(16:0/20:3(8Z,11Z,14Z))","PG(16:0/20:3(8Z,11Z,14Z))","HMDB0010579","52927169",NA,"CCCCCCCCCCCCCCCC(=O)OC[C@H](COP(=O)(O)OC[C@H](CO)O)OC(=O)CCCCCC/C=C\C/C=C\C/C=C\CCCCC","1"
"PG(18:0/18:3(6Z,9Z,12Z))","PG(18:0/18:3(6Z,9Z,12Z))","HMDB0010606","52926580",NA,"CCCCCCCCCCCCCCCCCC(=O)OC[C@H](COP(=O)(O)OC[C@H](CO)O)OC(=O)CCCC/C=C\C/C=C\C/C=C\CCCCC","1"
"PG(18:0/18:3(9Z,12Z,15Z))","PG(18:0/18:3(9Z,12Z,15Z))","HMDB0010607","52926581",NA,"CCCCCCCCCCCCCCCCCC(=O)OC[C@H](COP(=O)(O)OC[C@H](CO)O)OC(=O)CCCCCCC/C=C\C/C=C\C/C=C\CC","1"
"PG(18:1(11Z)/18:2(9Z,12Z))","PG(18:1(11Z)/18:2(9Z,12Z))","HMDB0010620","53480619",NA,"CCCCCC/C=C\CCCCCCCCCC(=O)OC[C@H](COP(=O)(O)OC[C@H](CO)O)OC(=O)CCCCCCC/C=C\C/C=C\CCCCC","1"
"PG(18:1(9Z)/18:2(9Z,12Z))","PG(18:1(9Z)/18:2(9Z,12Z))","HMDB0010635","52927223",NA,"CCCCCCCC/C=C\CCCCCCCC(=O)OC[C@H](COP(=O)(O)OC[C@H](CO)O)OC(=O)CCCCCCC/C=C\C/C=C\CCCCC","1"
"PG(18:2(9Z,12Z)/18:1(11Z))","PG(18:2(9Z,12Z)/18:1(11Z))","HMDB0010648","53480633",NA,"CCCCCC/C=C\CCCCCCCCCC(=O)O[C@H](COC(=O)CCCCCCC/C=C\C/C=C\CCCCC)COP(=O)(O)OC[C@H](CO)O","1"
"PG(18:2(9Z,12Z)/18:1(9Z))","PG(18:2(9Z,12Z)/18:1(9Z))","HMDB0010649","52926615",NA,"CCCCCCCC/C=C\CCCCCCCC(=O)O[C@H](COC(=O)CCCCCCC/C=C\C/C=C\CCCCC)COP(=O)(O)OC[C@H](CO)O","1"
"PG(18:3(6Z,9Z,12Z)/18:0)","PG(18:3(6Z,9Z,12Z)/18:0)","HMDB0010662","52926642",NA,"CCCCCCCCCCCCCCCCCC(=O)O[C@H](COC(=O)CCCC/C=C\C/C=C\C/C=C\CCCCC)COP(=O)(O)OC[C@H](CO)O","1"
"PG(18:3(9Z,12Z,15Z)/18:0)","PG(18:3(9Z,12Z,15Z)/18:0)","HMDB0010677","52926672",NA,"CCCCCCCCCCCCCCCCCC(=O)O[C@H](COC(=O)CCCCCCC/C=C\C/C=C\C/C=C\CC)COP(=O)(O)OC[C@H](CO)O","1"
"Glycerol 3-phosphate","Glycerol 3-phosphate","HMDB0000126","439162","C00093","C([C@H](COP(=O)(O)O)O)O","1"
"Beta-Glycerophosphoric acid","Beta-Glycerophosphoric acid","HMDB0002520","2526","C02979","C(C(CO)OP(=O)(O)O)O","1"
"N-Acetyl-L-glutamate 5-semialdehyde","N-Acetyl-L-glutamate 5-semialdehyde","HMDB0006488","192878","C01250","CC(=O)N[C@@H](CCC=O)C(=O)O","1"
"PE(18:4(6Z,9Z,12Z,15Z)/22:6(4Z,7Z,10Z,13Z,16Z,19Z))","PE(18:4(6Z,9Z,12Z,15Z)/22:6(4Z,7Z,10Z,13Z,16Z,19Z))","HMDB0009210","52924469","C00350","CC/C=C\C/C=C\C/C=C\C/C=C\CCCCC(=O)OC[C@H](COP(=O)(O)OCCN)OC(=O)CC/C=C\C/C=C\C/C=C\C/C=C\C/C=C\C/C=C\CC","1"
"PE(20:5(5Z,8Z,11Z,14Z,17Z)/20:5(5Z,8Z,11Z,14Z,17Z))","PE(20:5(5Z,8Z,11Z,14Z,17Z)/20:5(5Z,8Z,11Z,14Z,17Z))","HMDB0009467","52924686","C00350","CC/C=C\C/C=C\C/C=C\C/C=C\C/C=C\CCCC(=O)OC[C@H](COP(=O)(O)OCCN)OC(=O)CCC/C=C\C/C=C\C/C=C\C/C=C\C/C=C\CC","1"
"PE(22:6(4Z,7Z,10Z,13Z,16Z,19Z)/18:4(6Z,9Z,12Z,15Z))","PE(22:6(4Z,7Z,10Z,13Z,16Z,19Z)/18:4(6Z,9Z,12Z,15Z))","HMDB0009690","52924848","C00350","CC/C=C\C/C=C\C/C=C\C/C=C\CCCCC(=O)O[C@H](COC(=O)CC/C=C\C/C=C\C/C=C\C/C=C\C/C=C\C/C=C\CC)COP(=O)(O)OCCN","1"
"PE(14:1(9Z)/P-16:0)","PE(14:1(9Z)/P-16:0)","HMDB0008883","53479571","C00350","CCCCCCCCCCCCCC/C=C\O[C@H](COC(=O)CCCCCCC/C=C\CCCC)COP(=O)(O)OCCN","1"
"PE(P-16:0/14:1(9Z))","PE(P-16:0/14:1(9Z))","HMDB0011336","52925043",NA,"CCCCCCCCCCCCCC/C=C\OC[C@H](COP(=O)(O)OCCN)OC(=O)CCCCCCC/C=C\CCCC","1"
"Thymine","Thymine","HMDB0000262","1135","C00178","CC1=CNC(=O)NC1=O","1"
"Imidazoleacetic acid","Imidazoleacetic acid","HMDB0002024","96215","C02835","C1=C(NC=N1)CC(=O)O","1"
"Glucosylceramide (d18:1/22:0)","Glucosylceramide (d18:1/22:0)","HMDB0004974","6321359","C01190","CCCCCCCCCCCCCCCCCCCCCC(=O)N[C@@H](CO[C@H]1[C@@H]([C@H]([C@@H]([C@H](O1)CO)O)O)O)[C@@H](/C=C/CCCCCCCCCCCCC)O","1"
"Galactosylceramide (d18:1/22:0)","Galactosylceramide (d18:1/22:0)","HMDB0010711","53480655","C02686","CCCCCCCCCCCCCCCCCCCCCC(=O)NC(CO[C@H]1[C@@H]([C@H]([C@H]([C@H](O1)CO)O)O)O)C(/C=C\CCCCCCCCCCCCC)O","1"
"11-Oxo-androsterone glucuronide","11-Oxo-androsterone glucuronide","HMDB0010338","270604",NA,"CC12CCC(CC1CCC3C2C(=O)CC4(C3CCC4=O)C)OC5C(C(C(C(O5)C(=O)O)O)O)O","1"
"N-Acetyl-D-Glucosamine 6-Phosphate","N-Acetyl-D-Glucosamine 6-Phosphate","HMDB0001062","440996","C00357","CC(=O)N[C@@H]1[C@H]([C@@H]([C@H](OC1O)COP(=O)(O)O)O)O","1"
"N-Acetyl-D-mannosamine 6-phosphate","N-Acetyl-D-mannosamine 6-phosphate","HMDB0001121","440273","C04257","CC(=O)N[C@H]1[C@H]([C@@H]([C@H](O[C@@H]1O)COP(=O)(O)O)O)O","1"
"N-Acetyl-glucosamine 1-phosphate","N-Acetyl-glucosamine 1-phosphate","HMDB0001367","7115","C04256","CC(=O)N[C@@H]1[C@H]([C@@H]([C@H](OC1OP(=O)(O)O)CO)O)O","1"
"N-Acetylglucosamine 6-phosphate","N-Acetylglucosamine 6-phosphate","HMDB0002817","439219",NA,"CC(=O)N[C@@H]1[C@H]([C@@H]([C@H](O[C@@H]1O)COP(=O)(O)O)O)O","1"
"N-Acetyl-D-galactosamine 1-phosphate","N-Acetyl-D-galactosamine 1-phosphate","HMDB0006480","22833661",NA,"CC(=O)N[C@@H]1[C@H]([C@H]([C@H](OC1OP(=O)(O)O)CO)O)O","1"
"PC(18:1(9Z)/18:1(9Z))","PC(18:1(9Z)/18:1(9Z))","HMDB0000593","6437081","C00157","CCCCCCCC/C=C\CCCCCCCC(=O)OCC(COP(=O)([O-])OCC[N+](C)(C)C)OC(=O)CCCCCCC/C=C\CCCCCCCC","1"
"PC(14:0/22:2(13Z,16Z))","PC(14:0/22:2(13Z,16Z))","HMDB0007888","52922236","C00157","CCCCCCCCCCCCCC(=O)OC[C@H](COP(=O)([O-])OCC[N+](C)(C)C)OC(=O)CCCCCCCCCCC/C=C\C/C=C\CCCCC","1"
"PC(14:1(9Z)/22:1(13Z))","PC(14:1(9Z)/22:1(13Z))","HMDB0007920","53478629","C00157","CCCCCCCC/C=C\CCCCCCCCCCCC(=O)O[C@H](COC(=O)CCCCCCC/C=C\CCCC)COP(=O)([O-])OCC[N+](C)(C)C","1"
"PC(16:0/20:2(11Z,14Z))","PC(16:0/20:2(11Z,14Z))","HMDB0007979","52922420","C00157","CCCCCCCCCCCCCCCC(=O)OC[C@H](COP(=O)([O-])OCC[N+](C)(C)C)OC(=O)CCCCCCCCC/C=C\C/C=C\CCCCC","1"
"PC(16:1(9Z)/20:1(11Z))","PC(16:1(9Z)/20:1(11Z))","HMDB0008011","52922459","C00157","CCCCCCCC/C=C\CCCCCCCCCC(=O)O[C@H](COC(=O)CCCCCCC/C=C\CCCCCC)COP(=O)([O-])OCC[N+](C)(C)C","1"
"PC(18:0/18:2(9Z,12Z))","PC(18:0/18:2(9Z,12Z))","HMDB0008039","6441487","C00157","CCCCCCCCCCCCCCCCCC(=O)OC[C@H](COP(=O)([O-])OCC[N+](C)(C)C)OC(=O)CCCCCCC/C=C\C/C=C\CCCCC","1"
"PC(18:1(11Z)/18:1(11Z))","PC(18:1(11Z)/18:1(11Z))","HMDB0008070","24778895","C00157","CCCCCC/C=C\CCCCCCCCCC(=O)OC[C@H](COP(=O)([O-])OCC[N+](C)(C)C)OC(=O)CCCCCCCCC/C=C\CCCCCC","1"
"PC(18:1(11Z)/18:1(9Z))","PC(18:1(11Z)/18:1(9Z))","HMDB0008071","53478721","C00157","CCCCCCCC/C=C\CCCCCCCC(=O)O[C@H](COC(=O)CCCCCCCCC/C=C\CCCCCC)COP(=O)([O-])OCC[N+](C)(C)C","1"
"PC(18:1(9Z)/18:1(11Z))","PC(18:1(9Z)/18:1(11Z))","HMDB0008103","53478765","C00157","CCCCCCCC/C=C\CCCCCCCC(=O)OC[C@H](COP(=O)([O-])OCC[N+](C)(C)C)OC(=O)CCCCCCCCC/C=C\CCCCCC","1"
"PC(18:2(9Z,12Z)/18:0)","PC(18:2(9Z,12Z)/18:0)","HMDB0008135","15378085","C00157","CCCCCCCCCCCCCCCCCC(=O)O[C@H](COC(=O)CCCCCCC/C=C\C/C=C\CCCCC)COP(=O)([O-])OCC[N+](C)(C)C","1"
"PC(20:1(11Z)/16:1(9Z))","PC(20:1(11Z)/16:1(9Z))","HMDB0008299","52923103","C00157","CCCCCCCC/C=C\CCCCCCCCCC(=O)OC[C@H](COP(=O)([O-])OCC[N+](C)(C)C)OC(=O)CCCCCCC/C=C\CCCCCC","1"
"PC(20:2(11Z,14Z)/16:0)","PC(20:2(11Z,14Z)/16:0)","HMDB0008331","52923161","C00157","CCCCCCCCCCCCCCCC(=O)O[C@H](COC(=O)CCCCCCCCC/C=C\C/C=C\CCCCC)COP(=O)([O-])OCC[N+](C)(C)C","1"
"PC(22:1(13Z)/14:1(9Z))","PC(22:1(13Z)/14:1(9Z))","HMDB0008559","53479167","C00157","CCCCCCCC/C=C\CCCCCCCCCCCC(=O)OC[C@H](COP(=O)([O-])OCC[N+](C)(C)C)OC(=O)CCCCCCC/C=C\CCCC","1"
"PC(22:2(13Z,16Z)/14:0)","PC(22:2(13Z,16Z)/14:0)","HMDB0008590","52923551","C00157","CCCCCCCCCCCCCC(=O)O[C@H](COC(=O)CCCCCCCCCCC/C=C\C/C=C\CCCCC)COP(=O)([O-])OCC[N+](C)(C)C","1"
"Glucosylgalactosyl hydroxylysine","Glucosylgalactosyl hydroxylysine","HMDB0000585","122304",NA,"C(CC(CN)O[C@H]1[C@@H]([C@H]([C@H]([C@H](O1)CO)O)O)O[C@@H]2[C@@H](C([C@@H]([C@H](O2)CO)O)O)O)[C@@H](C(=O)O)N","1"
"Nicotinuric acid","Nicotinuric acid","HMDB0003269","68499","C05380","C1=CC(=CN=C1)C(=O)NCC(=O)O","1"
"LysoPE(0:0/20:1(11Z))","LysoPE(0:0/20:1(11Z))","HMDB0011482","53480931",NA,"CCCCCCCC/C=C\CCCCCCCCCC(=O)O[C@H](CO)COP(=O)(O)OCCN","1"
"LysoPE(20:1(11Z)/0:0)","LysoPE(20:1(11Z)/0:0)","HMDB0011512","52925139",NA,"CCCCCCCC/C=C\CCCCCCCCCC(=O)OC[C@H](COP(=O)(O)OCCN)O","1"
"Glucosylceramide","Glucosylceramide","HMDB0000140","53477677","C01190","CCCCCCCCCCCCCCCCCCCCCCCC(=O)N[C@@H](CO[C@H]1[C@@H]([C@H](C([C@H](O1)CO)O)O)O)[C@@H](/C=C/CCCCCCCCCCCCC)O","1"
"Glucosylceramide (d18:1/24:0)","Glucosylceramide (d18:1/24:0)","HMDB0004978","6321361",NA,"CCCCCCCCCCCCCCCCCCCCCCCC(=O)N[C@@H](CO[C@H]1C(C([C@@H]([C@H](O1)CO)O)O)O)[C@@H](/C=C/CCCCCCCCCCCCC)O","1"
"Deuteroporphyrin IX","Deuteroporphyrin IX","HMDB0000579",NA,NA,"CC1=C/C2=C/C3=N/C(=C\C4=C(CCC(O)=O)C(C)=C(N4)/C=C4\N=C(C=C4C)\C=C\1/N\2)/C(CCC(O)=O)=C3C","1"
"Beta-Citryl-L-glutamic acid","Beta-Citryl-L-glutamic acid","HMDB0013220","21125622",NA,"C(CC(=O)O)C(C(=O)O)NC(=O)C(CC(=O)O)(CC(=O)O)O","1"
"Hesperetin","Hesperetin","HMDB0005782","72281","C01709","COC1=C(C=C(C=C1)[C@@H]2CC(=O)C3=C(C=C(C=C3O2)O)O)O","1"
"PG(18:0/22:6(4Z,7Z,10Z,13Z,16Z,19Z))","PG(18:0/22:6(4Z,7Z,10Z,13Z,16Z,19Z))","HMDB0010614","24779554",NA,"CCCCCCCCCCCCCCCCCC(=O)OC[C@H](COP(=O)(O)OC[C@H](CO)O)OC(=O)CC/C=C\C/C=C\C/C=C\C/C=C\C/C=C\C/C=C\CC","1"
"PG(18:1(11Z)/22:5(4Z,7Z,10Z,13Z,16Z))","PG(18:1(11Z)/22:5(4Z,7Z,10Z,13Z,16Z))","HMDB0010627","53480626",NA,"CCCCCC/C=C\CCCCCCCCCC(=O)OC[C@H](COP(=O)(O)OC[C@H](CO)O)OC(=O)CC/C=C\C/C=C\C/C=C\C/C=C\C/C=C\CCCCC","1"
"PG(18:1(11Z)/22:5(7Z,10Z,13Z,16Z,19Z))","PG(18:1(11Z)/22:5(7Z,10Z,13Z,16Z,19Z))","HMDB0010628","53480627",NA,"CCCCCC/C=C\CCCCCCCCCC(=O)OC[C@H](COP(=O)(O)OC[C@H](CO)O)OC(=O)CCCCC/C=C\C/C=C\C/C=C\C/C=C\C/C=C\CC","1"
"PG(18:1(9Z)/22:5(4Z,7Z,10Z,13Z,16Z))","PG(18:1(9Z)/22:5(4Z,7Z,10Z,13Z,16Z))","HMDB0010642","53480631",NA,"CCCCCCCC/C=C\CCCCCCCC(=O)OC[C@H](COP(=O)(O)OC[C@H](CO)O)OC(=O)CC/C=C\C/C=C\C/C=C\C/C=C\C/C=C\CCCCC","1"
"PG(18:1(9Z)/22:5(7Z,10Z,13Z,16Z,19Z))","PG(18:1(9Z)/22:5(7Z,10Z,13Z,16Z,19Z))","HMDB0010643","53480632",NA,"CCCCCCCC/C=C\CCCCCCCC(=O)OC[C@H](COP(=O)(O)OC[C@H](CO)O)OC(=O)CCCCC/C=C\C/C=C\C/C=C\C/C=C\C/C=C\CC","1"
"PG(18:2(9Z,12Z)/22:4(7Z,10Z,13Z,16Z))","PG(18:2(9Z,12Z)/22:4(7Z,10Z,13Z,16Z))","HMDB0010656","52926630",NA,"CCCCC/C=C\C/C=C\CCCCCCCC(=O)OC[C@H](COP(=O)(O)OC[C@H](CO)O)OC(=O)CCCCC/C=C\C/C=C\C/C=C\C/C=C\CCCCC","1"
