,Mutations,Count,Residue
0,R273H/L/C,13,273
3,R248Q/W,8,248
5,R175H/L,5,175
7,G245S/C,4,245
9,Y220C,3,220
10,M237I,2,237
11,V157F,2,157
12,S241F,2,241
13,C242W/F,3,242
15,G154V,2,154
16,R249S,2,249
17,R158L/G,3,158
19,R267P,1,267
20,R110L,1,110
21,Q16L,1,16
22,C135R,1,135
23,P36L/S,2,36
25,R280K/T,2,280
27,R282G,1,282
28,S215I,1,215
29,V143A,1,143
30,V272M,1,272
31,V274F,1,274
32,Y126C/D,2,126
34,P250L,1,250
35,P309S,1,309
36,P278A,1,278
37,C176W/Y/F,3,176
40,C275F,1,275
41,C277F,1,277
42,D259V,1,259
43,E258K,1,258
44,E271K,1,271
45,E285K,1,285
46,F113C,1,113
47,G187R,1,187
48,G262V,1,262
49,G266E,1,266
50,G360V,1,360
51,H179R,1,179
52,H193R,1,193
53,I162N,1,162
54,K132Q,1,132
55,K320N,1,320
56,L130V,1,130
57,L194F,1,194
58,M246I,1,246
59,P223L,1,223
60,Y236C,1,236
