"Query","Match","HMDB","PubChem","KEGG","SMILES","Comment"
"2-Pyrrolidinone","2-Pyrrolidinone","HMDB0002039","12025","C11118","C1CC(=O)NC1","1"
"2-Hydroxybutyric acid","2-Hydroxybutyric acid","HMDB0000008","11266","C05984","CCC(C(=O)O)O","1"
"(R)-3-Hydroxybutyric acid","(R)-3-Hydroxybutyric acid","HMDB0000011","92135","C01089","C[C@H](CC(=O)O)O","1"
"(S)-3-Hydroxyisobutyric acid","(S)-3-Hydroxyisobutyric acid","HMDB0000023","87","C06001","C[C@@H](CO)C(=O)O","1"
"(R)-3-Hydroxyisobutyric acid","(R)-3-Hydroxyisobutyric acid","HMDB0000336","11217234",NA,"C[C@H](CO)C(=O)O","1"
"3-Hydroxybutyric acid","3-Hydroxybutyric acid","HMDB0000357","441","C01089","CC(CC(=O)O)O","1"
"(S)-3-Hydroxybutyric acid","(S)-3-Hydroxybutyric acid","HMDB0000442","94318","C03197","C[C@@H](CC(=O)O)O","1"
"4-Hydroxybutyric acid","4-Hydroxybutyric acid","HMDB0000710","10413","C01991","C(CC(=O)O)CO","1"
"Alpha-Hydroxyisobutyric acid","Alpha-Hydroxyisobutyric acid","HMDB0000729","11671",NA,"CC(C)(C(=O)O)O","1"
"Histamine","Histamine","HMDB0000870","774","C00388","C1=C(NC=N1)CCN","1"
"1-Pyrroline-5-carboxylic acid","1-Pyrroline-5-carboxylic acid","HMDB0001301","6642","C03912","C1CC(N=C1)C(=O)O","1"
"1-Pyrroline-2-carboxylic acid","1-Pyrroline-2-carboxylic acid","HMDB0006875","440046","C03564","C1CC(=NC1)C(=O)O","1"
"Acetylglycine","Acetylglycine","HMDB0000532","10972",NA,"CC(=O)NCC(=O)O","1"
"L-2-Amino-3-oxobutanoic acid","L-2-Amino-3-oxobutanoic acid","HMDB0006454","440033","C03508","CC(=O)[C@@H](C(=O)O)N","1"
"L-Aspartate-semialdehyde","L-Aspartate-semialdehyde","HMDB0012249","439235","C00441","C(C=O)[C@@H](C(=O)O)N","1"
"Betaine","Betaine","HMDB0000043","247","C00719","C[N+](C)(C)CC(=O)[O-]","1"
"L-Valine","L-Valine","HMDB0000883","6287","C00183","CC(C)[C@@H](C(=O)O)N","1"
"Vaporole","Vaporole","HMDB0001382","8053","C07457","CC(C)CCON=O","1"
"N-Methyl-a-aminoisobutyric acid","N-Methyl-a-aminoisobutyric acid","HMDB0002141","75725",NA,"CC(C)(C(=O)[O-])[NH2+]C","1"
"5-Aminopentanoic acid","5-Aminopentanoic acid","HMDB0003355","138","C00431","C(CCN)CC(=O)O","1"
"Glutaconic acid","Glutaconic acid","HMDB0000620","5280498","C02214","C(/C=C/C(=O)O)C(=O)O","1"
"Citraconic acid","Citraconic acid","HMDB0000634","643798","C02226","C/C(=C/C(=O)O)/C(=O)O","1"
"Mesaconic acid","Mesaconic acid","HMDB0000749","643798","C01732","C/C(=C\C(=O)O)/C(=O)O","1"
"Itaconic acid","Itaconic acid","HMDB0002092","811","C00490","C=C(CC(=O)O)C(=O)O","1"
"Gamma-delta-Dioxovaleric acid","Gamma-delta-Dioxovaleric acid","HMDB0013233","119412","C02800","C(CC(=O)O)C(=O)C=O","1"
"Hydroxyproline","4-Hydroxyproline","HMDB0000725","5810","C01157","C1[C@H](CN[C@@H]1C(=O)O)O","1"
"N-Acetyl-L-alanine","N-Acetyl-L-alanine","HMDB0000766","88064",NA,"C[C@@H](C(=O)O)NC(=O)C","1"
"Propionylglycine","Propionylglycine","HMDB0000783","98681",NA,"CCC(=O)NCC(=O)O","1"
"5-Aminolevulinic acid","5-Aminolevulinic acid","HMDB0001149","137","C00430","C(CC(=O)O)C(=O)CN","1"
"L-Glutamic-gamma-semialdehyde","L-Glutamic gamma-semialdehyde","HMDB0002104","193305","C01165","C(C[C@@H](C(=O)O)N)C=O","1"
"3-Hydroxy-L-proline","3-Hydroxy-L-proline","HMDB0002113","11137200","C04397","C1CN[C@H]([C@H]1O)C(=O)O","1"
"4-Hydroxy-L-proline","4-Hydroxy-L-proline","HMDB0006055","69248","C01015","C1[C@H](NCC1O)C(=O)O","1"
"5-Amino-2-oxopentanoic acid","5-Amino-2-oxopentanoic acid","HMDB0006272","439402","C01110","C(CC(=O)C(=O)O)CN","1"
"L-Isoleucine","L-Isoleucine","HMDB0000172","6306","C00407","CC[C@H](C)[C@@H](C(=O)O)N","1"
"L-Alloisoleucine","L-Alloisoleucine","HMDB0000557","99288",NA,"CC[C@@H](C)[C@@H](C(=O)O)N","1"
"L-Leucine","L-Leucine","HMDB0000687","6106","C00123","CC(C)C[C@@H](C(=O)O)N","1"
"L-Norleucine","L-Norleucine","HMDB0001645","21236","C01933","CCCC[C@@H](C(=O)O)N","1"
"Aminocaproic acid","Aminocaproic acid","HMDB0001901","564","C02378","C(CCC(=O)O)CCN","1"
"Beta-Leucine","Beta-Leucine","HMDB0003640","439734","C02486","CC(C)[C@H](CC(=O)O)N","1"
"Vinylacetylglycine","Vinylacetylglycine","HMDB0000894","53477718",NA,"C=CCC(=O)NCC(=O)O","1"
"Isobutyrylglycine","Isobutyrylglycine","HMDB0000730","10855600",NA,"CC(C)C(=O)NCC(=O)O","1"
"N-Butyrylglycine","N-Butyrylglycine","HMDB0000808","88412",NA,"CCCC(=O)NCC(=O)O","1"
"Allysine","Allysine","HMDB0001263","207","C04076","C(CC=O)CC(C(=O)O)N","1"
"4-Acetamidobutanoic acid","4-Acetamidobutanoic acid","HMDB0003681","18189","C02946","CC(=O)NCCCC(=O)O","1"
"(S)-5-Amino-3-oxohexanoate","(S)-5-Amino-3-oxohexanoate","HMDB0012131","440077","C03656","C[C@@H](CC(=O)CC(=O)O)N","1"
"2-Keto-6-aminocaproate","2-Keto-6-aminocaproate","HMDB0012151","439954","C03239","C(CCN)CC(=O)C(=O)O","1"
"Citramalic acid","Citramalic acid","HMDB0000426","441696","C00815","CC(CC(=O)O)(C(=O)O)O","1"
"3-Hydroxyglutaric acid","3-Hydroxyglutaric acid","HMDB0000428","181976",NA,"C(C(CC(=O)O)O)C(=O)O","1"
"D-2-Hydroxyglutaric acid","D-2-Hydroxyglutaric acid","HMDB0000606","439391","C01087","C(CC(=O)O)[C@H](C(=O)O)O","1"
"L-2-Hydroxyglutaric acid","L-2-Hydroxyglutaric acid","HMDB0000694","439939","C03196","C(CC(=O)O)[C@@H](C(=O)O)O","1"
"Ribonolactone","Ribonolactone","HMDB0001900","111064","C02674","C([C@@H]1[C@H]([C@H](C(=O)O1)O)O)O","1"
"D-Xylono-1,5-lactone","D-Xylono-1,5-lactone","HMDB0011676","439692","C02266","C1[C@H]([C@@H]([C@H](C(=O)O1)O)O)O","1"
"L-Methionine","L-Methionine","HMDB0000696","6137","C00073","CSCC[C@@H](C(=O)O)N","1"
"L-Histidine","L-Histidine","HMDB0000177","6274","C00135","C1=C(NC=N1)C[C@@H](C(=O)O)N","1"
"Phenylpyruvic acid","Phenylpyruvic acid","HMDB0000205","997","C00166","C1=CC=C(C=C1)CC(=O)C(=O)O","1"
"m-Coumaric acid","m-Coumaric acid","HMDB0001713","637541","C12621","C1=CC(=CC(=C1)O)/C=C/C(=O)O","1"
"4-Hydroxycinnamic acid","4-Hydroxycinnamic acid","HMDB0002035","637542","C00811","C1=CC(=CC=C1/C=C/C(=O)O)O","1"
"2-Hydroxycinnamic acid","2-Hydroxycinnamic acid","HMDB0002641","637540","C01772","C1=CC=C(C(=C1)/C=C/C(=O)O)O","1"
"Enol-phenylpyruvate","Enol-phenylpyruvate","HMDB0012225","641637","C02763","C1=CC=C(C=C1)/C=C(/C(=O)O)\O","1"
"Methionine sulfoxide","Methionine sulfoxide","HMDB0002005","847","C02989","CS(=O)CCC(C(=O)O)N","1"
"L-Phenylalanine","L-Phenylalanine","HMDB0000159","6140","C00079","C1=CC=C(C=C1)C[C@@H](C(=O)O)N","1"
"3-Pyridinebutanoic acid","3-Pyridinebutanoic acid","HMDB0001007","114",NA,"C1=CC(=CN=C1)CCCC(=O)O","1"
"Benzocaine","Benzocaine","HMDB0004992","2337","C07527","CCOC(=O)C1=CC=C(C=C1)N","1"
"Norsalsolinol","Norsalsolinol","HMDB0006044","36937",NA,"C1CNCC2=CC(=C(C=C21)O)O","1"
"Gallic acid","Gallic acid","HMDB0005807","370","C01424","C1=C(C=C(C(=C1O)O)O)C(=O)O","1"
"N-Acetyl-L-aspartic acid","N-Acetyl-L-aspartic acid","HMDB0000812","65065","C01042","CC(=O)N[C@@H](CC(=O)O)C(=O)O","1"
"N-Formyl-L-glutamic acid","N-Formyl-L-glutamic acid","HMDB0003470","439376","C01045","C(CC(=O)O)[C@@H](C(=O)O)NC=O","1"
"L-Tyrosine","L-Tyrosine","HMDB0000158","6057","C00082","C1=CC(=CC=C1C[C@@H](C(=O)O)N)O","1"
"4-Hydroxy-4-(3-pyridyl)-butanoic acid","4-Hydroxy-4-(3-pyridyl)-butanoic acid","HMDB0001119","438","C19579","C1=CC(=CN=C1)C(CCC(=O)O)O","1"
"L-Threo-3-Phenylserine","L-Threo-3-Phenylserine","HMDB0002184","12314153",NA,"C1=CC=C(C=C1)C([C@@H](C(=O)O)N)O","1"
"Beta-Tyrosine","Beta-Tyrosine","HMDB0003831","440311","C04368","C1=CC(=CC=C1C(CC(=O)O)N)O","1"
"o-Tyrosine","o-Tyrosine","HMDB0006050","91482",NA,"C1=CC=C(C(=C1)CC(C(=O)O)N)O","1"
"L-Carnitine","L-Carnitine","HMDB0000062","2724480","C00318","C[N+](C)(C)C[C@H](CC(=O)[O-])O","1"
"N-Acetylglutamine","N-Acetylglutamine","HMDB0006029","25561",NA,"CC(=O)NC(CCC(=O)N)C(=O)O","1"
"L-glycyl-L-hydroxyproline","L-glycyl-L-hydroxyproline","HMDB0011173","259579",NA,"C1C(CN(C1C(=O)O)C(=O)CN)O","1"
"Glutarylglycine","Glutarylglycine","HMDB0000590","23592950",NA,"C(CC(=O)NCC(=O)O)CC(=O)O","1"
"N-Acetylglutamic acid","N-Acetylglutamic acid","HMDB0001138","185","C00624","CC(=O)NC(CCC(=O)O)C(=O)O","1"
"N-Acetyl-L-methionine","N-Acetyl-L-methionine","HMDB0011745","6180","C02712","CC(=O)NC(CCSC)C(=O)O","1"
"L-beta-aspartyl-L-alanine","L-beta-aspartyl-L-alanine","HMDB0011162","14284576",NA,"CC(C(=O)O)NC(=O)CC(C(=O)O)N","1"
"5-L-Glutamylglycine","gamma-Glutamylglycine","HMDB0011667","165527",NA,"C(CC(=O)NCC(=O)O)[C@@H](C(=O)O)N","1"
"L-Tryptophan","L-Tryptophan","HMDB0000929","6305","C00078","C1=CC=C2C(=C1)C(=CN2)C[C@@H](C(=O)O)N","1"
"D-Tryptophan","D-Tryptophan","HMDB0013609","9060","C00525","C1=CC=C2C(=C1)C(=CN2)C[C@H](C(=O)O)N","1"
"Phosphocreatine","Phosphocreatine","HMDB0001511","587","C02305","CN(CC(=O)O)C(=NP(=O)(O)O)N","1"
"Topaquinone","Topaquinone","HMDB0011639","123871",NA,"C1=C(C(=CC(=O)C1=O)O)C[C@@H](C(=O)O)N","1"
"7C-aglycone","7C-aglycone","HMDB0004808","20348793",NA,"CC1=C(C(=O)C2=CC=CC=C2C1=O)C/C=C(/C)\CCC(=O)O","1"
"Enterolactone","Enterolactone","HMDB0006101","123917","C18165","C1C(C(C(=O)O1)CC2=CC(=CC=C2)O)CC3=CC(=CC=C3)O","1"
"MG(0:0/16:1(9Z)/0:0)","MG(0:0/16:1(9Z)/0:0)","HMDB0011534","53480960",NA,"CCCCCC/C=C\CCCCCCCC(=O)OC(CO)CO","1"
"MG(16:1(9Z)/0:0/0:0)","MG(16:1(9Z)/0:0/0:0)","HMDB0011565","53480976",NA,"CCCCCC/C=C\CCCCCCCC(=O)OC[C@H](CO)O","1"
"Phosphoribosyl formamidocarboxamide","Phosphoribosyl formamidocarboxamide","HMDB0001439","166760","C04734","C1=NC(=C(N1[C@H]2[C@@H]([C@@H]([C@H](O2)COP(=O)(O)O)O)O)NC=O)C(=O)N","1"
"Xanthurenate-8-O-beta-D-glucoside","Xanthurenate-8-O-beta-D-glucoside","HMDB0013118","53481609",NA,"C1=CC2=C(C(=C1)O[C@H]3[C@H]([C@H]([C@H]([C@H](O3)CO)O)O)O)NC(=CC2=O)C(=O)O","1"
"LysoPE(0:0/16:0)","LysoPE(0:0/16:0)","HMDB0011473","53480922",NA,"CCCCCCCCCCCCCCCC(=O)O[C@H](CO)COP(=O)(O)OCCN","1"
"LysoPE(16:0/0:0)","LysoPE(16:0/0:0)","HMDB0011503","9547069",NA,"CCCCCCCCCCCCCCCC(=O)OC[C@H](COP(=O)(O)OCCN)O","1"
"LysoPC(14:0)","LysoPC(14:0)","HMDB0010379","460604","C04230","CCCCCCCCCCCCCC(=O)OC[C@H](COP(=O)([O-])OCC[N+](C)(C)C)O","1"
"LysoPE(0:0/18:2(9Z,12Z))","LysoPE(0:0/18:2(9Z,12Z))","HMDB0011477","53480926",NA,"CCCCC/C=C\C/C=C\CCCCCCCC(=O)O[C@H](CO)COP(=O)(O)OCCN","1"
"LysoPE(18:2(9Z,12Z)/0:0)","LysoPE(18:2(9Z,12Z)/0:0)","HMDB0011507","52925130",NA,"CCCCC/C=C\C/C=C\CCCCCCCC(=O)OC[C@H](COP(=O)(O)OCCN)O","1"
"LysoPC(15:0)","LysoPC(15:0)","HMDB0010381","24779458","C04230","CCCCCCCCCCCCCCC(=O)OC[C@H](COP(=O)([O-])OCC[N+](C)(C)C)O","1"
"LysoPE(0:0/18:0)","LysoPE(0:0/18:0)","HMDB0011129","53480667",NA,"CCCCCCCCCCCCCCCCCC(=O)O[C@H](CO)COP(=O)(O)OCCN","1"
"LysoPE(18:0/0:0)","LysoPE(18:0/0:0)","HMDB0011130","9547068","C21484","CCCCCCCCCCCCCCCCCC(=O)OC[C@H](COP(=O)(O)OCCN)O","1"
"LysoPE(0:0/18:3(6Z,9Z,12Z))","LysoPE(0:0/18:3(6Z,9Z,12Z))","HMDB0011478","53480927",NA,"CCCCC/C=C\C/C=C\C/C=C\CCCCC(=O)O[C@H](CO)COP(=O)(O)OCCN","1"
"LysoPE(0:0/18:3(9Z,12Z,15Z))","LysoPE(0:0/18:3(9Z,12Z,15Z))","HMDB0011479","53480928",NA,"CC/C=C\C/C=C\C/C=C\CCCCCCCC(=O)O[C@H](CO)COP(=O)(O)OCCN","1"
"LysoPE(18:3(6Z,9Z,12Z)/0:0)","LysoPE(18:3(6Z,9Z,12Z)/0:0)","HMDB0011508","52925136",NA,"CCCCC/C=C\C/C=C\C/C=C\CCCCC(=O)OC[C@H](COP(=O)(O)OCCN)O","1"
"LysoPE(18:3(9Z,12Z,15Z)/0:0)","LysoPE(18:3(9Z,12Z,15Z)/0:0)","HMDB0011509","52925148",NA,"CC/C=C\C/C=C\C/C=C\CCCCCCCC(=O)OC[C@H](COP(=O)(O)OCCN)O","1"
"LysoPC(16:0)","LysoPC(16:0)","HMDB0010382","460602","C04230","CCCCCCCCCCCCCCCC(=O)OC[C@H](COP(=O)([O-])OCC[N+](C)(C)C)O","1"
"LysoPE(0:0/20:5(5Z,8Z,11Z,14Z,17Z))","LysoPE(0:0/20:5(5Z,8Z,11Z,14Z,17Z))","HMDB0011489","53480938",NA,"CC/C=C\C/C=C\C/C=C\C/C=C\C/C=C\CCCC(=O)O[C@H](CO)COP(=O)(O)OCCN","1"
"LysoPE(20:5(5Z,8Z,11Z,14Z,17Z)/0:0)","LysoPE(20:5(5Z,8Z,11Z,14Z,17Z)/0:0)","HMDB0011519","52925146",NA,"CC/C=C\C/C=C\C/C=C\C/C=C\C/C=C\CCCC(=O)OC[C@H](COP(=O)(O)OCCN)O","1"
"LysoPE(0:0/20:3(11Z,14Z,17Z))","LysoPE(0:0/20:3(11Z,14Z,17Z))","HMDB0011484","53480933",NA,"CC/C=C\C/C=C\C/C=C\CCCCCCCCCC(=O)O[C@H](CO)COP(=O)(O)OCCN","1"
"LysoPE(0:0/20:3(5Z,8Z,11Z))","LysoPE(0:0/20:3(5Z,8Z,11Z))","HMDB0011485","53480934",NA,"CCCCCCCC/C=C\C/C=C\C/C=C\CCCC(=O)O[C@H](CO)COP(=O)(O)OCCN","1"
"LysoPE(0:0/20:3(8Z,11Z,14Z))","LysoPE(0:0/20:3(8Z,11Z,14Z))","HMDB0011486","53480935",NA,"CCCCC/C=C\C/C=C\C/C=C\CCCCCCC(=O)O[C@H](CO)COP(=O)(O)OCCN","1"
"LysoPE(20:3(11Z,14Z,17Z)/0:0)","LysoPE(20:3(11Z,14Z,17Z)/0:0)","HMDB0011514","53480950",NA,"CC/C=C\C/C=C\C/C=C\CCCCCCCCCC(=O)OC[C@H](COP(=O)(O)OCCN)O","1"
"LysoPE(20:3(5Z,8Z,11Z)/0:0)","LysoPE(20:3(5Z,8Z,11Z)/0:0)","HMDB0011515","53480951",NA,"CCCCCCCC/C=C\C/C=C\C/C=C\CCCC(=O)OC[C@H](COP(=O)(O)OCCN)O","1"
"LysoPE(20:3(8Z,11Z,14Z)/0:0)","LysoPE(20:3(8Z,11Z,14Z)/0:0)","HMDB0011516","52925141",NA,"CCCCC/C=C\C/C=C\C/C=C\CCCCCCC(=O)OC[C@H](COP(=O)(O)OCCN)O","1"
"LysoPE(0:0/20:2(11Z,14Z))","LysoPE(0:0/20:2(11Z,14Z))","HMDB0011483","53480932",NA,"CCCCC/C=C\C/C=C\CCCCCCCCCC(=O)O[C@H](CO)COP(=O)(O)OCCN","1"
"LysoPE(20:2(11Z,14Z)/0:0)","LysoPE(20:2(11Z,14Z)/0:0)","HMDB0011513","52925140",NA,"CCCCC/C=C\C/C=C\CCCCCCCCCC(=O)OC[C@H](COP(=O)(O)OCCN)O","1"
"LysoPE(0:0/22:0)","LysoPE(0:0/22:0)","HMDB0011490","53480939",NA,"CCCCCCCCCCCCCCCCCCCCCC(=O)O[C@H](CO)COP(=O)(O)OCCN","1"
"LysoPE(22:0/0:0)","LysoPE(22:0/0:0)","HMDB0011520","52925144",NA,"CCCCCCCCCCCCCCCCCCCCCC(=O)OC[C@H](COP(=O)(O)OCCN)O","1"
"Guanosine diphosphate mannose","Guanosine diphosphate mannose","HMDB0001163","18396","C00096","C1=NC2=C(N1[C@H]3[C@@H]([C@@H]([C@H](O3)COP(=O)(O)OP(=O)(O)O[C@@H]4[C@H]([C@H]([C@@H]([C@H](O4)CO)O)O)O)O)O)NC(=NC2=O)N","1"
"GDP-glucose","GDP-glucose","HMDB0003351","644106","C00394","C1=NC2=C(N1[C@H]3[C@@H]([C@@H]([C@H](O3)COP(=O)(O)OP(=O)(O)O[C@@H]4[C@@H]([C@H]([C@@H]([C@H](O4)CO)O)O)O)O)O)NC(=NC2=O)N","1"
"PA(16:0/18:2(9Z,12Z))","PA(16:0/18:2(9Z,12Z))","HMDB0007860","9547167","C00416","CCCCCCCCCCCCCCCC(=O)OC[C@H](COP(=O)(O)O)OC(=O)CCCCCCC/C=C\C/C=C\CCCCC","1"
"PA(18:0/18:2(9Z,12Z))","PA(18:0/18:2(9Z,12Z))","HMDB0007861","24779559","C00416","CCCCCCCCCCCCCCCCCC(=O)OC[C@H](COP(=O)(O)O)OC(=O)CCCCCCC/C=C\C/C=C\CCCCC","1"
"PA(18:1(11Z)/18:1(11Z))","PA(18:1(11Z)/18:1(11Z))","HMDB0007862","53478602","C00416","CCCCCC/C=C\CCCCCCCCCC(=O)OC[C@H](COP(=O)(O)O)OC(=O)CCCCCCCCC/C=C\CCCCCC","1"
"PA(18:1(11Z)/18:1(9Z))","PA(18:1(11Z)/18:1(9Z))","HMDB0007863","53478603","C00416","CCCCCCCC/C=C\CCCCCCCC(=O)O[C@H](COC(=O)CCCCCCCCC/C=C\CCCCCC)COP(=O)(O)O","1"
"PA(18:1(9Z)/18:1(11Z))","PA(18:1(9Z)/18:1(11Z))","HMDB0007864","53478604","C00416","CCCCCCCC/C=C\CCCCCCCC(=O)OC[C@H](COP(=O)(O)O)OC(=O)CCCCCCCCC/C=C\CCCCCC","1"
"PA(18:1(9Z)/18:1(9Z))","PA(18:1(9Z)/18:1(9Z))","HMDB0007865","14057128","C00416","CCCCCCCC/C=C\CCCCCCCC(=O)OC[C@H](COP(=O)(O)O)OC(=O)CCCCCCC/C=C\CCCCCCCC","1"
"PE(14:0/20:3(5Z,8Z,11Z))","PE(14:0/20:3(5Z,8Z,11Z))","HMDB0008836","53479552","C00350","CCCCCCCCCCCCCC(=O)OC[C@H](COP(=O)(O)OCCN)OC(=O)CCC/C=C\C/C=C\C/C=C\CCCCCCCC","1"
"PE(14:0/20:3(8Z,11Z,14Z))","PE(14:0/20:3(8Z,11Z,14Z))","HMDB0008837","52924122","C00350","CCCCCCCCCCCCCC(=O)OC[C@H](COP(=O)(O)OCCN)OC(=O)CCCCCC/C=C\C/C=C\C/C=C\CCCCC","1"
"PE(14:1(9Z)/20:2(11Z,14Z))","PE(14:1(9Z)/20:2(11Z,14Z))","HMDB0008868","52924147","C00350","CCCCC/C=C\C/C=C\CCCCCCCCCC(=O)O[C@H](COC(=O)CCCCCCC/C=C\CCCC)COP(=O)(O)OCCN","1"
"PE(16:0/18:3(6Z,9Z,12Z))","PE(16:0/18:3(6Z,9Z,12Z))","HMDB0008929","52924922","C00350","CCCCCCCCCCCCCCCC(=O)OC[C@H](COP(=O)(O)OCCN)OC(=O)CCCC/C=C\C/C=C\C/C=C\CCCCC","1"
"PE(16:0/18:3(9Z,12Z,15Z))","PE(16:0/18:3(9Z,12Z,15Z))","HMDB0008930","9546746","C00350","CCCCCCCCCCCCCCCC(=O)OC[C@H](COP(=O)(O)OCCN)OC(=O)CCCCCCC/C=C\C/C=C\C/C=C\CC","1"
"PE(16:1(9Z)/18:2(9Z,12Z))","PE(16:1(9Z)/18:2(9Z,12Z))","HMDB0008961","52924917","C00350","CCCCCC/C=C\CCCCCCCC(=O)OC[C@H](COP(=O)(O)OCCN)OC(=O)CCCCCCC/C=C\C/C=C\CCCCC","1"
"PE(18:2(9Z,12Z)/16:1(9Z))","PE(18:2(9Z,12Z)/16:1(9Z))","HMDB0009089","52924360","C00350","CCCCCC/C=C\CCCCCCCC(=O)O[C@H](COC(=O)CCCCCCC/C=C\C/C=C\CCCCC)COP(=O)(O)OCCN","1"
"PE(18:3(6Z,9Z,12Z)/16:0)","PE(18:3(6Z,9Z,12Z)/16:0)","HMDB0009121","52924386","C00350","CCCCCCCCCCCCCCCC(=O)O[C@H](COC(=O)CCCC/C=C\C/C=C\C/C=C\CCCCC)COP(=O)(O)OCCN","1"
"PE(18:3(9Z,12Z,15Z)/16:0)","PE(18:3(9Z,12Z,15Z)/16:0)","HMDB0009154","9546752","C00350","CCCCCCCCCCCCCCCC(=O)O[C@H](COC(=O)CCCCCCC/C=C\C/C=C\C/C=C\CC)COP(=O)(O)OCCN","1"
"PE(20:2(11Z,14Z)/14:1(9Z))","PE(20:2(11Z,14Z)/14:1(9Z))","HMDB0009284","52924575","C00350","CCCCC/C=C\C/C=C\CCCCCCCCCC(=O)OC[C@H](COP(=O)(O)OCCN)OC(=O)CCCCCCC/C=C\CCCC","1"
"PE(20:3(5Z,8Z,11Z)/14:0)","PE(20:3(5Z,8Z,11Z)/14:0)","HMDB0009316","53479742","C00350","CCCCCCCCCCCCCC(=O)O[C@H](COC(=O)CCC/C=C\C/C=C\C/C=C\CCCCCCCC)COP(=O)(O)OCCN","1"
"PE(20:3(8Z,11Z,14Z)/14:0)","PE(20:3(8Z,11Z,14Z)/14:0)","HMDB0009349","52924605","C00350","CCCCCCCCCCCCCC(=O)O[C@H](COC(=O)CCCCCC/C=C\C/C=C\C/C=C\CCCCC)COP(=O)(O)OCCN","1"
"PE(14:0/20:2(11Z,14Z))","PE(14:0/20:2(11Z,14Z))","HMDB0008835","52924121","C00350","CCCCCCCCCCCCCC(=O)OC[C@H](COP(=O)(O)OCCN)OC(=O)CCCCCCCCC/C=C\C/C=C\CCCCC","1"
"PE(14:1(9Z)/20:1(11Z))","PE(14:1(9Z)/20:1(11Z))","HMDB0008867","52924146","C00350","CCCCCCCC/C=C\CCCCCCCCCC(=O)O[C@H](COC(=O)CCCCCCC/C=C\CCCC)COP(=O)(O)OCCN","1"
"PE(16:0/18:2(9Z,12Z))","PE(16:0/18:2(9Z,12Z))","HMDB0008928","9546747","C00350","CCCCCCCCCCCCCCCC(=O)OC[C@H](COP(=O)(O)OCCN)OC(=O)CCCCCCC/C=C\C/C=C\CCCCC","1"
"PE(16:1(9Z)/18:1(11Z))","PE(16:1(9Z)/18:1(11Z))","HMDB0008959","53479596","C00350","CCCCCC/C=C\CCCCCCCCCC(=O)O[C@H](COC(=O)CCCCCCC/C=C\CCCCCC)COP(=O)(O)OCCN","1"
"PE(16:1(9Z)/18:1(9Z))","PE(16:1(9Z)/18:1(9Z))","HMDB0008960","52924918","C00350","CCCCCCCC/C=C\CCCCCCCC(=O)O[C@H](COC(=O)CCCCCCC/C=C\CCCCCC)COP(=O)(O)OCCN","1"
"PE(18:1(11Z)/16:1(9Z))","PE(18:1(11Z)/16:1(9Z))","HMDB0009023","53479622","C00350","CCCCCC/C=C\CCCCCCCCCC(=O)OC[C@H](COP(=O)(O)OCCN)OC(=O)CCCCCCC/C=C\CCCCCC","1"
"PE(18:1(9Z)/16:1(9Z))","PE(18:1(9Z)/16:1(9Z))","HMDB0009056","52924899","C00350","CCCCCCCC/C=C\CCCCCCCC(=O)OC[C@H](COP(=O)(O)OCCN)OC(=O)CCCCCCC/C=C\CCCCCC","1"
"PE(18:2(9Z,12Z)/16:0)","PE(18:2(9Z,12Z)/16:0)","HMDB0009088","52924895","C00350","CCCCCCCCCCCCCCCC(=O)O[C@H](COC(=O)CCCCCCC/C=C\C/C=C\CCCCC)COP(=O)(O)OCCN","1"
"PE(20:1(11Z)/14:1(9Z))","PE(20:1(11Z)/14:1(9Z))","HMDB0009251","52924545","C00350","CCCCCCCC/C=C\CCCCCCCCCC(=O)OC[C@H](COP(=O)(O)OCCN)OC(=O)CCCCCCC/C=C\CCCC","1"
"PE(20:2(11Z,14Z)/14:0)","PE(20:2(11Z,14Z)/14:0)","HMDB0009283","52924574","C00350","CCCCCCCCCCCCCC(=O)O[C@H](COC(=O)CCCCCCCCC/C=C\C/C=C\CCCCC)COP(=O)(O)OCCN","1"
"PC(14:0/18:2(9Z,12Z))","PC(14:0/18:2(9Z,12Z))","HMDB0007874","24778624","C00157","CCCCCCCCCCCCCC(=O)OC[C@H](COP(=O)([O-])OCC[N+](C)(C)C)OC(=O)CCCCCCC/C=C\C/C=C\CCCCC","1"
"PC(14:1(9Z)/18:1(11Z))","PC(14:1(9Z)/18:1(11Z))","HMDB0007905","53478623","C00157","CCCCCC/C=C\CCCCCCCCCC(=O)O[C@H](COC(=O)CCCCCCC/C=C\CCCC)COP(=O)([O-])OCC[N+](C)(C)C","1"
"PC(14:1(9Z)/18:1(9Z))","PC(14:1(9Z)/18:1(9Z))","HMDB0007906","52922262","C00157","CCCCCCCC/C=C\CCCCCCCC(=O)O[C@H](COC(=O)CCCCCCC/C=C\CCCC)COP(=O)([O-])OCC[N+](C)(C)C","1"
"PC(16:1(9Z)/16:1(9Z))","PC(16:1(9Z)/16:1(9Z))","HMDB0008002","24778764","C00157","CCCCCC/C=C\CCCCCCCC(=O)OC[C@H](COP(=O)([O-])OCC[N+](C)(C)C)OC(=O)CCCCCCC/C=C\CCCCCC","1"
"PC(18:1(11Z)/14:1(9Z))","PC(18:1(11Z)/14:1(9Z))","HMDB0008065","53478713","C00157","CCCCCC/C=C\CCCCCCCCCC(=O)OC[C@H](COP(=O)([O-])OCC[N+](C)(C)C)OC(=O)CCCCCCC/C=C\CCCC","1"
"PC(18:1(9Z)/14:1(9Z))","PC(18:1(9Z)/14:1(9Z))","HMDB0008098","52922673","C00157","CCCCCCCC/C=C\CCCCCCCC(=O)OC[C@H](COP(=O)([O-])OCC[N+](C)(C)C)OC(=O)CCCCCCC/C=C\CCCC","1"
"PC(18:2(9Z,12Z)/14:0)","PC(18:2(9Z,12Z)/14:0)","HMDB0008130","52922711","C00157","CCCCCCCCCCCCCC(=O)O[C@H](COC(=O)CCCCCCC/C=C\C/C=C\CCCCC)COP(=O)([O-])OCC[N+](C)(C)C","1"
"PE(15:0/20:2(11Z,14Z))","PE(15:0/20:2(11Z,14Z))","HMDB0008901","52924168","C00350","CCCCCCCCCCCCCCC(=O)OC[C@H](COP(=O)(O)OCCN)OC(=O)CCCCCCCCC/C=C\C/C=C\CCCCC","1"
"PE(20:2(11Z,14Z)/15:0)","PE(20:2(11Z,14Z)/15:0)","HMDB0009285","52924576","C00350","CCCCCCCCCCCCCCC(=O)O[C@H](COC(=O)CCCCCCCCC/C=C\C/C=C\CCCCC)COP(=O)(O)OCCN","1"
"PG(16:1(9Z)/18:3(6Z,9Z,12Z))","PG(16:1(9Z)/18:3(6Z,9Z,12Z))","HMDB0010591","52926477",NA,"CCCCCC/C=C\CCCCCCCC(=O)OC[C@H](COP(=O)(O)OC[C@H](CO)O)OC(=O)CCCC/C=C\C/C=C\C/C=C\CCCCC","1"
"PG(16:1(9Z)/18:3(9Z,12Z,15Z))","PG(16:1(9Z)/18:3(9Z,12Z,15Z))","HMDB0010592","52926478",NA,"CCCCCC/C=C\CCCCCCCC(=O)OC[C@H](COP(=O)(O)OC[C@H](CO)O)OC(=O)CCCCCCC/C=C\C/C=C\C/C=C\CC","1"
"PG(18:3(6Z,9Z,12Z)/16:1(9Z))","PG(18:3(6Z,9Z,12Z)/16:1(9Z))","HMDB0010661","52926638",NA,"CCCCCC/C=C\CCCCCCCC(=O)O[C@H](COC(=O)CCCC/C=C\C/C=C\C/C=C\CCCCC)COP(=O)(O)OC[C@H](CO)O","1"
"PG(18:3(9Z,12Z,15Z)/16:1(9Z))","PG(18:3(9Z,12Z,15Z)/16:1(9Z))","HMDB0010676","52926668",NA,"CCCCCC/C=C\CCCCCCCC(=O)O[C@H](COC(=O)CCCCCCC/C=C\C/C=C\C/C=C\CC)COP(=O)(O)OC[C@H](CO)O","1"
"PGP(16:1(9Z)/18:3(9Z,12Z,15Z))","NA","NA","NA","NA","NA","0"
"PC(15:0/18:2(9Z,12Z))","PC(15:0/18:2(9Z,12Z))","HMDB0007940","24778664","C00157","CCCCCCCCCCCCCCC(=O)OC[C@H](COP(=O)([O-])OCC[N+](C)(C)C)OC(=O)CCCCCCC/C=C\C/C=C\CCCCC","1"
"PC(18:2(9Z,12Z)/15:0)","PC(18:2(9Z,12Z)/15:0)","HMDB0008132","52922715","C00157","CCCCCCCCCCCCCCC(=O)O[C@H](COC(=O)CCCCCCC/C=C\C/C=C\CCCCC)COP(=O)([O-])OCC[N+](C)(C)C","1"
"PE(14:0/22:2(13Z,16Z))","PE(14:0/22:2(13Z,16Z))","HMDB0008843","52924125","C00350","CCCCCCCCCCCCCC(=O)OC[C@H](COP(=O)(O)OCCN)OC(=O)CCCCCCCCCCC/C=C\C/C=C\CCCCC","1"
"PE(14:1(9Z)/22:1(13Z))","PE(14:1(9Z)/22:1(13Z))","HMDB0008875","53479566","C00350","CCCCCCCC/C=C\CCCCCCCCCCCC(=O)O[C@H](COC(=O)CCCCCCC/C=C\CCCC)COP(=O)(O)OCCN","1"
"PE(16:0/20:2(11Z,14Z))","PE(16:0/20:2(11Z,14Z))","HMDB0008934","52924213","C00350","CCCCCCCCCCCCCCCC(=O)OC[C@H](COP(=O)(O)OCCN)OC(=O)CCCCCCCCC/C=C\C/C=C\CCCCC","1"
"PE(16:1(9Z)/20:1(11Z))","PE(16:1(9Z)/20:1(11Z))","HMDB0008966","52924233","C00350","CCCCCCCC/C=C\CCCCCCCCCC(=O)O[C@H](COC(=O)CCCCCCC/C=C\CCCCCC)COP(=O)(O)OCCN","1"
"PE(18:0/18:2(9Z,12Z))","PE(18:0/18:2(9Z,12Z))","HMDB0008994","9546749","C00350","CCCCCCCCCCCCCCCCCC(=O)OC[C@H](COP(=O)(O)OCCN)OC(=O)CCCCCCC/C=C\C/C=C\CCCCC","1"
"PE(18:1(11Z)/18:1(11Z))","PE(18:1(11Z)/18:1(11Z))","HMDB0009025","53479624","C00350","CCCCCC/C=C\CCCCCCCCCC(=O)OC[C@H](COP(=O)(O)OCCN)OC(=O)CCCCCCCCC/C=C\CCCCCC","1"
"PE(18:1(11Z)/18:1(9Z))","PE(18:1(11Z)/18:1(9Z))","HMDB0009026","53479625","C00350","CCCCCCCC/C=C\CCCCCCCC(=O)O[C@H](COC(=O)CCCCCCCCC/C=C\CCCCCC)COP(=O)(O)OCCN","1"
"PE(18:1(9Z)/18:1(11Z))","PE(18:1(9Z)/18:1(11Z))","HMDB0009058","53479650","C00350","CCCCCCCC/C=C\CCCCCCCC(=O)OC[C@H](COP(=O)(O)OCCN)OC(=O)CCCCCCCCC/C=C\CCCCCC","1"
"PE(18:1(9Z)/18:1(9Z))","PE(18:1(9Z)/18:1(9Z))","HMDB0009059","9546757","C00350","CCCCCCCC/C=C\CCCCCCCC(=O)OC[C@H](COP(=O)(O)OCCN)OC(=O)CCCCCCC/C=C\CCCCCCCC","1"
"PE(18:2(9Z,12Z)/18:0)","PE(18:2(9Z,12Z)/18:0)","HMDB0009090","52924894","C00350","CCCCCCCCCCCCCCCCCC(=O)O[C@H](COC(=O)CCCCCCC/C=C\C/C=C\CCCCC)COP(=O)(O)OCCN","1"
"PE(20:1(11Z)/16:1(9Z))","PE(20:1(11Z)/16:1(9Z))","HMDB0009254","52924549","C00350","CCCCCCCC/C=C\CCCCCCCCCC(=O)OC[C@H](COP(=O)(O)OCCN)OC(=O)CCCCCCC/C=C\CCCCCC","1"
"PE(20:2(11Z,14Z)/16:0)","PE(20:2(11Z,14Z)/16:0)","HMDB0009286","52924578","C00350","CCCCCCCCCCCCCCCC(=O)O[C@H](COC(=O)CCCCCCCCC/C=C\C/C=C\CCCCC)COP(=O)(O)OCCN","1"
"PE(22:1(13Z)/14:1(9Z))","PE(22:1(13Z)/14:1(9Z))","HMDB0009515","53479853","C00350","CCCCCCCC/C=C\CCCCCCCCCCCC(=O)OC[C@H](COP(=O)(O)OCCN)OC(=O)CCCCCCC/C=C\CCCC","1"
"PE(22:2(13Z,16Z)/14:0)","PE(22:2(13Z,16Z)/14:0)","HMDB0009547","52924774","C00350","CCCCCCCCCCCCCC(=O)O[C@H](COC(=O)CCCCCCCCCCC/C=C\C/C=C\CCCCC)COP(=O)(O)OCCN","1"
"Diadenosine triphosphate","Diadenosine triphosphate","HMDB0001155","14464643","C06197","C1=NC2=C(C(=N1)N)N=CN2[C@H]3[C@@H]([C@@H]([C@H](O3)COP(=O)(O)OP(=O)(O)OP(=O)(O)OC[C@H]4[C@@H]([C@@H]([C@H](O4)N5C=NC6=C5N=CN=C6N)O)O)O)O","1"
"PC(18:4(6Z,9Z,12Z,15Z)/P-18:1(11Z))","PC(18:4(6Z,9Z,12Z,15Z)/P-18:1(11Z))","HMDB0008260","53478875","C00157","CCCCCC/C=C\CCCCCCCC/C=C\OC(COC(=O)CCCC/C=C\C/C=C\C/C=C\C/C=C\CC)COP(=O)([O-])OCC[N+](C)(C)C","1"
"PC(18:4(6Z,9Z,12Z,15Z)/P-18:1(9Z))","PC(18:4(6Z,9Z,12Z,15Z)/P-18:1(9Z))","HMDB0008261","53478877","C00157","CCCCCCCC/C=C\CCCCCC/C=C\OC(COC(=O)CCCC/C=C\C/C=C\C/C=C\C/C=C\CC)COP(=O)([O-])OCC[N+](C)(C)C","1"
"PC(20:5(5Z,8Z,11Z,14Z,17Z)/P-16:0)","PC(20:5(5Z,8Z,11Z,14Z,17Z)/P-16:0)","HMDB0008521","53479139","C00157","CCCCCCCCCCCCCC/C=C\OC(COC(=O)CCC/C=C\C/C=C\C/C=C\C/C=C\C/C=C\CC)COP(=O)([O-])OCC[N+](C)(C)C","1"
"PC(P-16:0/20:5(5Z,8Z,11Z,14Z,17Z))","PC(P-16:0/20:5(5Z,8Z,11Z,14Z,17Z))","HMDB0011222","52923910",NA,"CCCCCCCCCCCCCC/C=C\OC[C@H](COP(=O)([O-])OCC[N+](C)(C)C)OC(=O)CCC/C=C\C/C=C\C/C=C\C/C=C\C/C=C\CC","1"
"PC(P-18:1(11Z)/18:4(6Z,9Z,12Z,15Z))","PC(P-18:1(11Z)/18:4(6Z,9Z,12Z,15Z))","HMDB0011280","53480751",NA,"CCCCCC/C=C\CCCCCCCC/C=C\OC[C@H](COP(=O)([O-])OCC[N+](C)(C)C)OC(=O)CCCC/C=C\C/C=C\C/C=C\C/C=C\CC","1"
"PC(P-18:1(9Z)/18:4(6Z,9Z,12Z,15Z))","PC(P-18:1(9Z)/18:4(6Z,9Z,12Z,15Z))","HMDB0011313","53480809",NA,"CCCCCCCC/C=C\CCCCCC/C=C\OC[C@H](COP(=O)([O-])OCC[N+](C)(C)C)OC(=O)CCCC/C=C\C/C=C\C/C=C\C/C=C\CC","1"
"PG(18:0/18:0)","PG(18:0/18:0)","HMDB0010602","24779552",NA,"CCCCCCCCCCCCCCCCCC(=O)OC[C@H](COP(=O)(O)OC[C@H](CO)O)OC(=O)CCCCCCCCCCCCCCCCC","1"
"PI(16:0/16:2(9Z,12Z))","PI(16:0/16:2(9Z,12Z))","HMDB0009780",NA,"C00626","[H][C@@](COC(=O)CCCCCCCCCCCCCCC)(COP(O)(=O)O[C@H]1C(O)C(O)C(O)[C@@H](O)C1O)OC(=O)CCCCCCC\C=C/C\C=C/CCC","1"
"PI(16:1(9Z)/16:1(9Z))","PI(16:1(9Z)/16:1(9Z))","HMDB0009798",NA,"C00626","[H][C@@](COC(=O)CCCCCCC\C=C/CCCCCC)(COP(O)(=O)O[C@H]1C(O)C(O)C(O)[C@@H](O)C1O)OC(=O)CCCCCCC\C=C/CCCCCC","1"
"PI(16:2(9Z,12Z)/16:0)","PI(16:2(9Z,12Z)/16:0)","HMDB0009802",NA,"C00626","[H][C@@](COC(=O)CCCCCCC\C=C/C\C=C/CCC)(COP(O)(=O)O[C@H]1C(O)C(O)C(O)[C@@H](O)C1O)OC(=O)CCCCCCCCCCCCCCC","1"
"PS(18:1(9Z)/22:6(4Z,7Z,10Z,13Z,16Z,19Z))","PS(18:1(9Z)/22:6(4Z,7Z,10Z,13Z,16Z,19Z))","HMDB0012395","52925155",NA,"CCCCCCCC/C=C\CCCCCCCC(=O)OC[C@H](COP(=O)(O)OC[C@@H](C(=O)O)N)OC(=O)CC/C=C\C/C=C\C/C=C\C/C=C\C/C=C\C/C=C\CC","1"
"PS(20:3(8Z,11Z,14Z)/20:4(5Z,8Z,11Z,14Z))","PS(20:3(8Z,11Z,14Z)/20:4(5Z,8Z,11Z,14Z))","HMDB0012427","52925722",NA,"CCCCC/C=C\C/C=C\C/C=C\CCCCCCC(=O)OC[C@H](COP(=O)(O)OC[C@@H](C(=O)O)N)OC(=O)CCC/C=C\C/C=C\C/C=C\C/C=C\CCCCC","1"
"PS(20:4(5Z,8Z,11Z,14Z)/20:3(8Z,11Z,14Z))","PS(20:4(5Z,8Z,11Z,14Z)/20:3(8Z,11Z,14Z))","HMDB0012437","52925751",NA,"CCCCC/C=C\C/C=C\C/C=C\CCCCCCC(=O)O[C@H](COC(=O)CCC/C=C\C/C=C\C/C=C\C/C=C\CCCCC)COP(=O)(O)OC[C@@H](C(=O)O)N","1"
"PS(22:6(4Z,7Z,10Z,13Z,16Z,19Z)/18:1(9Z))","PS(22:6(4Z,7Z,10Z,13Z,16Z,19Z)/18:1(9Z))","HMDB0012445","52925938",NA,"CCCCCCCC/C=C\CCCCCCCC(=O)O[C@H](COC(=O)CC/C=C\C/C=C\C/C=C\C/C=C\C/C=C\C/C=C\CC)COP(=O)(O)OC[C@@H](C(=O)O)N","1"
"PI(16:0/18:2(9Z,12Z))","PI(16:0/18:2(9Z,12Z))","HMDB0009784",NA,"C00626","[H][C@@](COC(=O)CCCCCCCCCCCCCCC)(COP(O)(=O)O[C@H]1C(O)C(O)C(O)[C@@H](O)C1O)OC(=O)CCCCCCC\C=C/C\C=C/CCCCC","1"
"PI(16:1(9Z)/18:1(11Z))","PI(16:1(9Z)/18:1(11Z))","HMDB0009800",NA,"C00626","[H][C@@](COC(=O)CCCCCCC\C=C/CCCCCC)(COP(O)(=O)O[C@H]1C(O)C(O)C(O)[C@@H](O)C1O)OC(=O)CCCCCCCCC\C=C/CCCCCC","1"
"PI(16:1(9Z)/18:1(9Z))","PI(16:1(9Z)/18:1(9Z))","HMDB0009801",NA,"C00626","[H][C@@](COC(=O)CCCCCCC\C=C/CCCCCC)(COP(O)(=O)O[C@H]1C(O)C(O)C(O)[C@@H](O)C1O)OC(=O)CCCCCCC\C=C/CCCCCCCC","1"
"PI(16:2(9Z,12Z)/18:0)","PI(16:2(9Z,12Z)/18:0)","HMDB0009803",NA,"C00626","[H][C@@](COC(=O)CCCCCCC\C=C/C\C=C/CCC)(COP(O)(=O)O[C@H]1C(O)C(O)C(O)[C@@H](O)C1O)OC(=O)CCCCCCCCCCCCCCCCC","1"
"PI(18:0/16:2(9Z,12Z))","PI(18:0/16:2(9Z,12Z))","HMDB0009807",NA,"C00626","[H][C@@](COC(=O)CCCCCCCCCCCCCCCCC)(COP(O)(=O)O[C@H]1C(O)C(O)C(O)[C@@H](O)C1O)OC(=O)CCCCCCC\C=C/C\C=C/CCC","1"
"PI(18:1(11Z)/16:1(9Z))","PI(18:1(11Z)/16:1(9Z))","HMDB0009823",NA,"C00626","[H][C@@](COC(=O)CCCCCCCCC\C=C/CCCCCC)(COP(O)(=O)O[C@H]1C(O)C(O)C(O)[C@@H](O)C1O)OC(=O)CCCCCCC\C=C/CCCCCC","1"
"PI(18:1(9Z)/16:1(9Z))","PI(18:1(9Z)/16:1(9Z))","HMDB0009835",NA,"C00626","[H][C@@](COC(=O)CCCCCCC\C=C/CCCCCCCC)(COP(O)(=O)O[C@H]1C(O)C(O)C(O)[C@@H](O)C1O)OC(=O)CCCCCCC\C=C/CCCCCC","1"
"PI(18:2(9Z,12Z)/16:0)","PI(18:2(9Z,12Z)/16:0)","HMDB0009846",NA,"C00626","[H][C@@](COC(=O)CCCCCCC\C=C/C\C=C/CCCCC)(COP(O)(=O)O[C@H]1C(O)C(O)C(O)[C@@H](O)C1O)OC(=O)CCCCCCCCCCCCCCC","1"
"PIP(16:0/18:2(9Z,12Z))","PIP(16:0/18:2(9Z,12Z))","HMDB0009926","53480123","C00626","CCCCCCCCCCCCCCCC(=O)OC[C@H](COP(=O)(O)O[C@@H]1C([C@@H](C(C(C1O)O)O)OP(=O)(O)O)O)OC(=O)CCCCCCC/C=C\C/C=C\CCCCC","1"
"PIP(16:1(9Z)/18:1(11Z))","PIP(16:1(9Z)/18:1(11Z))","HMDB0009941","53480136","C00626","CCCCCC/C=C\CCCCCCCCCC(=O)O[C@H](COC(=O)CCCCCCC/C=C\CCCCCC)COP(=O)(O)O[C@@H]1C([C@@H](C(C(C1O)O)O)OP(=O)(O)O)O","1"
"PIP(16:1(9Z)/18:1(9Z))","PIP(16:1(9Z)/18:1(9Z))","HMDB0009942","53480137","C00626","CCCCCCCC/C=C\CCCCCCCC(=O)O[C@H](COC(=O)CCCCCCC/C=C\CCCCCC)COP(=O)(O)O[C@@H]1C([C@@H](C(C(C1O)O)O)OP(=O)(O)O)O","1"
"PIP(16:2(9Z,12Z)/18:0)","PIP(16:2(9Z,12Z)/18:0)","HMDB0009944","53480139","C00626","CCCCCCCCCCCCCCCCCC(=O)O[C@H](COC(=O)CCCCCCC/C=C\C/C=C\CCC)COP(=O)(O)O[C@@H]1C([C@@H](C(C(C1O)O)O)OP(=O)(O)O)O","1"
"PIP(18:0/16:2(9Z,12Z))","PIP(18:0/16:2(9Z,12Z))","HMDB0009948","53480143","C00626","CCCCCCCCCCCCCCCCCC(=O)OC[C@H](COP(=O)(O)O[C@@H]1C([C@@H](C(C(C1O)O)O)OP(=O)(O)O)O)OC(=O)CCCCCCC/C=C\C/C=C\CCC","1"
"PIP(18:1(11Z)/16:1(9Z))","PIP(18:1(11Z)/16:1(9Z))","HMDB0009959","53480154","C00626","CCCCCC/C=C\CCCCCCCCCC(=O)OC[C@H](COP(=O)(O)O[C@@H]1C([C@@H](C(C(C1O)O)O)OP(=O)(O)O)O)OC(=O)CCCCCCC/C=C\CCCCCC","1"
"PIP(18:1(9Z)/16:1(9Z))","PIP(18:1(9Z)/16:1(9Z))","HMDB0009971","53480166","C00626","CCCCCCCC/C=C\CCCCCCCC(=O)OC[C@H](COP(=O)(O)O[C@@H]1C([C@@H](C(C(C1O)O)O)OP(=O)(O)O)O)OC(=O)CCCCCCC/C=C\CCCCCC","1"
"PIP(18:2(9Z,12Z)/16:0)","PIP(18:2(9Z,12Z)/16:0)","HMDB0009983","53480177","C00626","CCCCCCCCCCCCCCCC(=O)O[C@H](COC(=O)CCCCCCC/C=C\C/C=C\CCCCC)COP(=O)(O)O[C@@H]1C([C@@H](C(C(C1O)O)O)OP(=O)(O)O)O","1"
"PIP(16:0/18:1(11Z))","PIP(16:0/18:1(11Z))","HMDB0009924","53480122","C00626","CCCCCCCCCCCCCCCC(=O)OC[C@H](COP(=O)(O)O[C@@H]1C([C@@H](C(C(C1O)O)O)OP(=O)(O)O)O)OC(=O)CCCCCCCCC/C=C\CCCCCC","1"
"PIP(16:0/18:1(9Z))","NA","NA","NA","NA","NA","0"
"PIP(18:0/16:1(9Z))","PIP(18:0/16:1(9Z))","HMDB0009947","53480142","C00626","CCCCCCCCCCCCCCCCCC(=O)OC[C@H](COP(=O)(O)O[C@@H]1C([C@@H](C(C(C1O)O)O)OP(=O)(O)O)O)OC(=O)CCCCCCC/C=C\CCCCCC","1"
"PIP(18:1(11Z)/16:0)","PIP(18:1(11Z)/16:0)","HMDB0009958","53480153","C00626","CCCCCCCCCCCCCCCC(=O)O[C@H](COC(=O)CCCCCCCCC/C=C\CCCCCC)COP(=O)(O)O[C@@H]1C([C@@H](C(C(C1O)O)O)OP(=O)(O)O)O","1"
"PIP(18:1(9Z)/16:0)","PIP(18:1(9Z)/16:0)","HMDB0009970","53480165","C00626","CCCCCCCCCCCCCCCC(=O)O[C@H](COC(=O)CCCCCCC/C=C\CCCCCCCC)COP(=O)(O)O[C@@H]1C([C@@H](C(C(C1O)O)O)OP(=O)(O)O)O","1"
"PIP(16:0/20:2(11Z,14Z))","PIP(16:0/20:2(11Z,14Z))","HMDB0009928","53480125","C00626","CCCCCCCCCCCCCCCC(=O)OC[C@H](COP(=O)(O)O[C@@H]1C([C@@H](C(C(C1O)O)O)OP(=O)(O)O)O)OC(=O)CCCCCCCCC/C=C\C/C=C\CCCCC","1"
"PIP(18:0/18:2(9Z,12Z))","PIP(18:0/18:2(9Z,12Z))","HMDB0009951","53480146","C00626","CCCCCCCCCCCCCCCCCC(=O)OC[C@H](COP(=O)(O)O[C@@H]1C([C@@H](C(C(C1O)O)O)OP(=O)(O)O)O)OC(=O)CCCCCCC/C=C\C/C=C\CCCCC","1"
"PIP(18:1(11Z)/18:1(11Z))","PIP(18:1(11Z)/18:1(11Z))","HMDB0009961","53480156","C00626","CCCCCC/C=C\CCCCCCCCCC(=O)OC[C@H](COP(=O)(O)O[C@@H]1C([C@@H](C(C(C1O)O)O)OP(=O)(O)O)O)OC(=O)CCCCCCCCC/C=C\CCCCCC","1"
"PIP(18:1(11Z)/18:1(9Z))","PIP(18:1(11Z)/18:1(9Z))","HMDB0009962","53480157","C00626","CCCCCCCC/C=C\CCCCCCCC(=O)O[C@H](COC(=O)CCCCCCCCC/C=C\CCCCCC)COP(=O)(O)O[C@@H]1C([C@@H](C(C(C1O)O)O)OP(=O)(O)O)O","1"
"PIP(18:1(9Z)/18:1(11Z))","PIP(18:1(9Z)/18:1(11Z))","HMDB0009973","53480168","C00626","CCCCCCCC/C=C\CCCCCCCC(=O)OC[C@H](COP(=O)(O)O[C@@H]1C([C@@H](C(C(C1O)O)O)OP(=O)(O)O)O)OC(=O)CCCCCCCCC/C=C\CCCCCC","1"
"PIP(18:1(9Z)/18:1(9Z))","PIP(18:1(9Z)/18:1(9Z))","HMDB0009974","53480169","C00626","CCCCCCCC/C=C\CCCCCCCC(=O)OC[C@H](COP(=O)(O)O[C@@H]1C([C@@H](C(C(C1O)O)O)OP(=O)(O)O)O)OC(=O)CCCCCCC/C=C\CCCCCCCC","1"
"PIP(18:2(9Z,12Z)/18:0)","PIP(18:2(9Z,12Z)/18:0)","HMDB0009984","53480178","C00626","CCCCCCCCCCCCCCCCCC(=O)O[C@H](COC(=O)CCCCCCC/C=C\C/C=C\CCCCC)COP(=O)(O)O[C@@H]1C([C@@H](C(C(C1O)O)O)OP(=O)(O)O)O","1"
"PIP(20:2(11Z,14Z)/16:0)","PIP(20:2(11Z,14Z)/16:0)","HMDB0010003","53480197","C00626","CCCCCCCCCCCCCCCC(=O)O[C@H](COC(=O)CCCCCCCCC/C=C\C/C=C\CCCCC)COP(=O)(O)O[C@@H]1C([C@@H](C(C(C1O)O)O)OP(=O)(O)O)O","1"
