"","Total","Expected","Hits","Raw p","-log10(p)","Holm adjust","FDR","Impact"
"Phenylalanine, tyrosine and tryptophan biosynthesis",4,0.18839,3,0.00038799,3.4112,0.032592,0.032236,1
"Phenylalanine metabolism",10,0.47097,4,0.00076753,3.1149,0.063705,0.032236,0.61904
"Aminoacyl-tRNA biosynthesis",48,2.2606,8,0.0013552,2.868,0.11112,0.037945,0
"Valine, leucine and isoleucine biosynthesis",8,0.37677,3,0.0047343,2.3247,0.38348,0.099421,0
"Arginine and proline metabolism",38,1.7897,6,0.0073709,2.1325,0.58967,0.12383,0.23612
"Glycerophospholipid metabolism",36,1.6955,4,0.085429,1.0684,1,1,0.35618
"Valine, leucine and isoleucine degradation",40,1.8839,4,0.11533,0.93804,1,1,0.02711
"Histidine metabolism",16,0.75355,2,0.17184,0.76488,1,1,0.40983
"D-Arginine and D-ornithine metabolism",4,0.18839,1,0.17565,0.75535,1,1,0
"Glycine, serine and threonine metabolism",33,1.5542,3,0.20064,0.69758,1,1,0.05034
"Synthesis and degradation of ketone bodies",5,0.23548,1,0.21457,0.66842,1,1,0
"Linoleic acid metabolism",5,0.23548,1,0.21457,0.66842,1,1,0
"Ubiquinone and other terpenoid-quinone biosynthesis",9,0.42387,1,0.35295,0.45229,1,1,0
"Alanine, aspartate and glutamate metabolism",28,1.3187,2,0.38337,0.41638,1,1,0.08654
"alpha-Linolenic acid metabolism",13,0.61226,1,0.46722,0.33048,1,1,0
"Arginine biosynthesis",14,0.65935,1,0.49252,0.30757,1,1,0
"Glycosylphosphatidylinositol (GPI)-anchor biosynthesis",14,0.65935,1,0.49252,0.30757,1,1,0.00399
"Butanoate metabolism",15,0.70645,1,0.51664,0.28681,1,1,0
"Glycerolipid metabolism",16,0.75355,1,0.53963,0.2679,1,1,0.01246
"Pentose and glucuronate interconversions",18,0.84774,1,0.58242,0.23477,1,1,0
"Pantothenate and CoA biosynthesis",19,0.89484,1,0.60231,0.22018,1,1,0
"Fructose and mannose metabolism",20,0.94194,1,0.62128,0.20671,1,1,0.10766
"beta-Alanine metabolism",21,0.98903,1,0.63935,0.19426,1,1,0
"Propanoate metabolism",23,1.0832,1,0.67297,0.172,1,1,0
"Lysine degradation",25,1.1774,1,0.7035,0.15273,1,1,0.15023
"Phosphatidylinositol signaling system",28,1.3187,1,0.7441,0.12837,1,1,0.00152
"Porphyrin and chlorophyll metabolism",30,1.4129,1,0.76807,0.1146,1,1,0.02799
"Cysteine and methionine metabolism",33,1.5542,1,0.79993,0.096951,1,1,0.10446
"Purine metabolism",65,3.0613,2,0.82306,0.084567,1,1,0.07689
"Arachidonic acid metabolism",36,1.6955,1,0.82746,0.082254,1,1,0
"Amino sugar and nucleotide sugar metabolism",37,1.7426,1,0.83578,0.077909,1,1,0.06557
"N-Glycan biosynthesis",41,1.931,1,0.86528,0.062844,1,1,0
"Tryptophan metabolism",41,1.931,1,0.86528,0.062844,1,1,0.14305
"Tyrosine metabolism",42,1.9781,1,0.8718,0.059585,1,1,0.13972
