"Query","Match","HMDB","PubChem","KEGG","SMILES","Comment"
"Pyrrole-2-carboxylic acid","Pyrrole-2-carboxylic acid","HMDB0004230","12473","C05942","C1=CNC(=C1)C(=O)O","1"
"Xanthine","Xanthine","HMDB0000292","1188","C00385","C1=NC2=C(N1)C(=O)NC(=O)N2","1"
"Oxypurinol","Oxypurinol","HMDB0000786","4644","C07599","C1=C2C(=NC(=O)NC2=O)NN1","1"
"6,8-Dihydroxypurine","6,8-Dihydroxypurine","HMDB0001182","83252",NA,"C1=NC(=O)C2=C(N1)NC(=O)N2","1"
"2-Aminomuconic acid","2-Aminomuconic acid","HMDB0001241","5280499","C02220","C(=C\C(=O)O)\C=C(/C(=O)O)\N","1"
"N-Acetyl-L-glutamate 5-semialdehyde","N-Acetyl-L-glutamate 5-semialdehyde","HMDB0006488","192878","C01250","CC(=O)N[C@@H](CCC=O)C(=O)O","1"
"Phosphohydroxypyruvic acid","Phosphohydroxypyruvic acid","HMDB0001024","105","C03232","C(C(=O)C(=O)O)OP(=O)(O)O","1"
"5-L-Glutamyl-taurine","5-L-Glutamyl-taurine","HMDB0004195","68759","C05844","C(CC(=O)NCCS(=O)(=O)O)[C@@H](C(=O)O)N","1"
"Daidzein","Daidzein","HMDB0003312","5281708","C10208","C1=CC(=CC=C1C2=COC3=C(C2=O)C=CC(=C3)O)O","1"
"Argininosuccinic acid","Argininosuccinic acid","HMDB0000052","16950","C03406","C(C[C@@H](C(=O)O)N)CN=C(N)N[C@@H](CC(=O)O)C(=O)O","1"
"D-4'-Phosphopantothenate","D-4'-Phosphopantothenate","HMDB0001016","131","C03492","CC(C)(COP(=O)(O)O)C(C(=O)NCCC(=O)O)O","1"
"Beta-Citryl-L-glutamic acid","Beta-Citryl-L-glutamic acid","HMDB0013220","21125622",NA,"C(CC(=O)O)C(C(=O)O)NC(=O)C(CC(=O)O)(CC(=O)O)O","1"
"Famotidine","Famotidine","HMDB0001919","3325",NA,"C1=C(N=C(S1)N=C(N)N)CSCCC(=NS(=O)(=O)N)N","1"
"Nervonic acid","Nervonic acid","HMDB0002368","5281120","C08323","CCCCCCCC/C=C\CCCCCCCCCCCCCC(=O)O","1"
"Tetracosanoic acid","Tetracosanoic acid","HMDB0002003","11197","C08320","CCCCCCCCCCCCCCCCCCCCCCCC(=O)O","1"
"Sphingosine 1-phosphate","Sphingosine 1-phosphate","HMDB0000277","5353956","C06124","CCCCCCCCCCCCC/C=C/C(C(COP(=O)(O)O)N)O","1"
"CPA(16:0/0:0)","CPA(16:0/0:0)","HMDB0007003","9801940",NA,"CCCCCCCCCCCCCCCC(=O)OCC1COP(=O)(O1)O","1"
"CPA(18:0/0:0)","CPA(18:0/0:0)","HMDB0007004","51040919",NA,"CCCCCCCCCCCCCCCCCC(=O)OCC1COP(=O)(O1)O","1"
"PE(P-16:0e/0:0)","PE(P-16:0e/0:0)","HMDB0011152","42607469",NA,"CCCCCCCCCCCCCC/C=C\OC[C@H](COP(=O)(O)OCCN)O","1"
"LysoPE(0:0/22:1(13Z))","LysoPE(0:0/22:1(13Z))","HMDB0011491","53480940",NA,"CCCCCCCC/C=C\CCCCCCCCCCCC(=O)O[C@H](CO)COP(=O)(O)OCCN","1"
"LysoPE(22:1(13Z)/0:0)","LysoPE(22:1(13Z)/0:0)","HMDB0011521","53480953",NA,"CCCCCCCC/C=C\CCCCCCCCCCCC(=O)OC[C@H](COP(=O)(O)OCCN)O","1"
"DG(14:0/16:1(9Z)/0:0)","DG(14:0/16:1(9Z)/0:0)","HMDB0007012","53477950",NA,"CCCCCCCCCCCCCC(=O)OC[C@H](CO)OC(=O)CCCCCCC/C=C\CCCCCC","1"
"DG(14:1(9Z)/16:0/0:0)","DG(14:1(9Z)/16:0/0:0)","HMDB0007040","53477975",NA,"CCCCCCCCCCCCCCCC(=O)O[C@@H](CO)COC(=O)CCCCCCC/C=C\CCCC","1"
"DG(16:0/14:1(9Z)/0:0)","DG(16:0/14:1(9Z)/0:0)","HMDB0007096","53478025",NA,"CCCCCCCCCCCCCCCC(=O)OC[C@H](CO)OC(=O)CCCCCCC/C=C\CCCC","1"
"DG(16:1(9Z)/14:0/0:0)","DG(16:1(9Z)/14:0/0:0)","HMDB0007124","53478033",NA,"CCCCCCCCCCCCCC(=O)O[C@@H](CO)COC(=O)CCCCCCC/C=C\CCCCCC","1"
"DG(14:0/18:1(11Z)/0:0)","DG(14:0/18:1(11Z)/0:0)","HMDB0007014","53477952",NA,"CCCCCCCCCCCCCC(=O)OC[C@H](CO)OC(=O)CCCCCCCCC/C=C\CCCCCC","1"
"DG(14:0/18:1(9Z)/0:0)","DG(14:0/18:1(9Z)/0:0)","HMDB0007015","14275341",NA,"CCCCCCCCCCCCCC(=O)OC[C@H](CO)OC(=O)CCCCCCC/C=C\CCCCCCCC","1"
"DG(14:1(9Z)/18:0/0:0)","DG(14:1(9Z)/18:0/0:0)","HMDB0007042","53477977",NA,"CCCCCCCCCCCCCCCCCC(=O)O[C@@H](CO)COC(=O)CCCCCCC/C=C\CCCC","1"
"DG(16:0/16:1(9Z)/0:0)","DG(16:0/16:1(9Z)/0:0)","HMDB0007099","9543678","C00165","CCCCCCCCCCCCCCCC(=O)OC[C@H](CO)OC(=O)CCCCCCC/C=C\CCCCCC","1"
"DG(16:1(9Z)/16:0/0:0)","DG(16:1(9Z)/16:0/0:0)","HMDB0007127","53478036",NA,"CCCCCCCCCCCCCCCC(=O)O[C@@H](CO)COC(=O)CCCCCCC/C=C\CCCCCC","1"
"DG(18:0/14:1(9Z)/0:0)","DG(18:0/14:1(9Z)/0:0)","HMDB0007154","53478046",NA,"CCCCCCCCCCCCCCCCCC(=O)OC[C@H](CO)OC(=O)CCCCCCC/C=C\CCCC","1"
"DG(18:1(11Z)/14:0/0:0)","DG(18:1(11Z)/14:0/0:0)","HMDB0007182","53478057",NA,"CCCCCCCCCCCCCC(=O)O[C@@H](CO)COC(=O)CCCCCCCCC/C=C\CCCCCC","1"
"DG(18:1(9Z)/14:0/0:0)","DG(18:1(9Z)/14:0/0:0)","HMDB0007211","53478086",NA,"CCCCCCCCCCCCCC(=O)O[C@@H](CO)COC(=O)CCCCCCC/C=C\CCCCCCCC","1"
"CE(16:1(9Z))","CE(16:1(9Z))","HMDB0000658","22833543","C02530","CCCCCC/C=C\CCCCCCCC(=O)OC1CC[C@@]2(C3CC[C@@]4([C@H](CCC4C3CC=C2C1)[C@H](C)CCCC(C)C)C)C","1"
"PC(14:1(9Z)/P-16:0)","PC(14:1(9Z)/P-16:0)","HMDB0007928","53478639","C00157","CCCCCCCCCCCCCC/C=C\OC(COC(=O)CCCCCCC/C=C\CCCC)COP(=O)([O-])OCC[N+](C)(C)C","1"
"PE(15:0/P-18:1(11Z))","PE(15:0/P-18:1(11Z))","HMDB0008918","53479585","C00350","CCCCCCCCCCCCCCC(=O)OC[C@H](COP(=O)(O)OCCN)O/C=C\CCCCCCCC/C=C\CCCCCC","1"
"PE(15:0/P-18:1(9Z))","PE(15:0/P-18:1(9Z))","HMDB0008919","53479586","C00350","CCCCCCCCCCCCCCC(=O)OC[C@H](COP(=O)(O)OCCN)O/C=C\CCCCCC/C=C\CCCCCCCC","1"
"PC(P-16:0/14:1(9Z))","PC(P-16:0/14:1(9Z))","HMDB0011204","52923876",NA,"CCCCCCCCCCCCCC/C=C\OC[C@H](COP(=O)([O-])OCC[N+](C)(C)C)OC(=O)CCCCCCC/C=C\CCCC","1"
"PE(P-18:1(11Z)/15:0)","PE(P-18:1(11Z)/15:0)","HMDB0011403","53480863",NA,"CCCCCCCCCCCCCCC(=O)O[C@H](CO/C=C\CCCCCCCC/C=C\CCCCCC)COP(=O)(O)OCCN","1"
"PE(P-18:1(9Z)/15:0)","PE(P-18:1(9Z)/15:0)","HMDB0011436","53480892",NA,"CCCCCCCCCCCCCCC(=O)O[C@H](CO/C=C\CCCCCC/C=C\CCCCCCCC)COP(=O)(O)OCCN","1"
"PC(o-16:1(9Z)/14:1(9Z))","PC(o-16:1(9Z)/14:1(9Z))","HMDB0013410","53481703",NA,"CCCCCC/C=C\CCCCCCCCOC[C@H](COP(=O)([O-])OCC[N+](C)(C)C)OC(=O)CCCCCCC/C=C\CCCC","1"
"PE(18:3(6Z,9Z,12Z)/P-16:0)","PE(18:3(6Z,9Z,12Z)/P-16:0)","HMDB0009147","53479681","C00350","CCCCCCCCCCCCCC/C=C\O[C@H](COC(=O)CCCC/C=C\C/C=C\C/C=C\CCCCC)COP(=O)(O)OCCN","1"
"PE(18:3(9Z,12Z,15Z)/P-16:0)","PE(18:3(9Z,12Z,15Z)/P-16:0)","HMDB0009180","53479693","C00350","CCCCCCCCCCCCCC/C=C\O[C@H](COC(=O)CCCCCCC/C=C\C/C=C\C/C=C\CC)COP(=O)(O)OCCN","1"
"PE(P-16:0/18:3(6Z,9Z,12Z))","PE(P-16:0/18:3(6Z,9Z,12Z))","HMDB0011344","52925052",NA,"CCCCCCCCCCCCCC/C=C\OC[C@H](COP(=O)(O)OCCN)OC(=O)CCCC/C=C\C/C=C\C/C=C\CCCCC","1"
"PE(P-16:0/18:3(9Z,12Z,15Z))","PE(P-16:0/18:3(9Z,12Z,15Z))","HMDB0011345","52925053",NA,"CCCCCCCCCCCCCC/C=C\OC[C@H](COP(=O)(O)OCCN)OC(=O)CCCCCCC/C=C\C/C=C\C/C=C\CC","1"
"PE(16:1(9Z)/P-18:1(11Z))","PE(16:1(9Z)/P-18:1(11Z))","HMDB0008984","53479607","C00350","CCCCCC/C=C\CCCCCCCC/C=C\O[C@H](COC(=O)CCCCCCC/C=C\CCCCCC)COP(=O)(O)OCCN","1"
"PE(16:1(9Z)/P-18:1(9Z))","PE(16:1(9Z)/P-18:1(9Z))","HMDB0008985","53479608","C00350","CCCCCCCC/C=C\CCCCCC/C=C\O[C@H](COC(=O)CCCCCCC/C=C\CCCCCC)COP(=O)(O)OCCN","1"
"PE(18:2(9Z,12Z)/P-16:0)","PE(18:2(9Z,12Z)/P-16:0)","HMDB0009114","53479669","C00350","CCCCCCCCCCCCCC/C=C\O[C@H](COC(=O)CCCCCCC/C=C\C/C=C\CCCCC)COP(=O)(O)OCCN","1"
"PE(P-16:0/18:2(9Z,12Z))","PE(P-16:0/18:2(9Z,12Z))","HMDB0011343","52925127",NA,"CCCCCCCCCCCCCC/C=C\OC[C@H](COP(=O)(O)OCCN)OC(=O)CCCCCCC/C=C\C/C=C\CCCCC","1"
"PE(P-18:1(11Z)/16:1(9Z))","PE(P-18:1(11Z)/16:1(9Z))","HMDB0011405","53480865",NA,"CCCCCC/C=C\CCCCCCCC/C=C\OC[C@H](COP(=O)(O)OCCN)OC(=O)CCCCCCC/C=C\CCCCCC","1"
"PE(P-18:1(9Z)/16:1(9Z))","PE(P-18:1(9Z)/16:1(9Z))","HMDB0011438","53480894",NA,"CCCCCCCC/C=C\CCCCCC/C=C\OC[C@H](COP(=O)(O)OCCN)OC(=O)CCCCCCC/C=C\CCCCCC","1"
"PC(15:0/P-16:0)","PC(15:0/P-16:0)","HMDB0007961","53478661","C00157","CCCCCCCCCCCCCC/C=C\OC(COC(=O)CCCCCCCCCCCCCC)COP(=O)([O-])OCC[N+](C)(C)C","1"
"PE(16:0/P-18:0)","PE(16:0/P-18:0)","HMDB0008950","53479593","C00350","CCCCCCCCCCCCCCCC/C=C\O[C@H](COC(=O)CCCCCCCCCCCCCCC)COP(=O)(O)OCCN","1"
"PE(18:0/P-16:0)","PE(18:0/P-16:0)","HMDB0009015","53479614","C00350","CCCCCCCCCCCCCCCCCC(=O)OC[C@H](COP(=O)(O)OCCN)O/C=C\CCCCCCCCCCCCCC","1"
"PE(P-16:0e/18:1(9Z))","PE(P-16:0e/18:1(9Z))","HMDB0011157","42607455",NA,"CCCCCCCCCCCCCCCCOC[C@H](COP(=O)(O)OCCN)OC(=O)CCCCCCC/C=C\CCCCCCCC","1"
"PC(P-16:0/15:0)","PC(P-16:0/15:0)","HMDB0011205","52923878",NA,"CCCCCCCCCCCCCC/C=C\OC[C@H](COP(=O)([O-])OCC[N+](C)(C)C)OC(=O)CCCCCCCCCCCCCC","1"
"PE(P-16:0/18:0)","PE(P-16:0/18:0)","HMDB0011340","52925051",NA,"CCCCCCCCCCCCCCCCCC(=O)O[C@H](CO/C=C\CCCCCCCCCCCCCC)COP(=O)(O)OCCN","1"
"PE(P-18:0/16:0)","PE(P-18:0/16:0)","HMDB0011371","52925073",NA,"CCCCCCCCCCCCCCCC/C=C\OC[C@H](COP(=O)(O)OCCN)OC(=O)CCCCCCCCCCCCCCC","1"
"DG(20:4(5Z,8Z,11Z,14Z)/22:6(4Z,7Z,10Z,13Z,16Z,19Z)/0:0)","DG(20:4(5Z,8Z,11Z,14Z)/22:6(4Z,7Z,10Z,13Z,16Z,19Z)/0:0)","HMDB0007527","9543946",NA,"CCCCC/C=C\C/C=C\C/C=C\C/C=C\CCCC(=O)OC[C@H](CO)OC(=O)CC/C=C\C/C=C\C/C=C\C/C=C\C/C=C\C/C=C\CC","1"
"DG(20:4(8Z,11Z,14Z,17Z)/22:6(4Z,7Z,10Z,13Z,16Z,19Z)/0:0)","DG(20:4(8Z,11Z,14Z,17Z)/22:6(4Z,7Z,10Z,13Z,16Z,19Z)/0:0)","HMDB0007556","53478334",NA,"CC/C=C\C/C=C\C/C=C\C/C=C\CCCCCCC(=O)OC[C@H](CO)OC(=O)CC/C=C\C/C=C\C/C=C\C/C=C\C/C=C\C/C=C\CC","1"
"DG(20:5(5Z,8Z,11Z,14Z,17Z)/22:5(4Z,7Z,10Z,13Z,16Z)/0:0)","DG(20:5(5Z,8Z,11Z,14Z,17Z)/22:5(4Z,7Z,10Z,13Z,16Z)/0:0)","HMDB0007583","53478356",NA,"CCCCC/C=C\C/C=C\C/C=C\C/C=C\C/C=C\CCC(=O)O[C@@H](CO)COC(=O)CCC/C=C\C/C=C\C/C=C\C/C=C\C/C=C\CC","1"
"DG(20:5(5Z,8Z,11Z,14Z,17Z)/22:5(7Z,10Z,13Z,16Z,19Z)/0:0)","DG(20:5(5Z,8Z,11Z,14Z,17Z)/22:5(7Z,10Z,13Z,16Z,19Z)/0:0)","HMDB0007584","9543945",NA,"CC/C=C\C/C=C\C/C=C\C/C=C\C/C=C\CCCCCC(=O)O[C@@H](CO)COC(=O)CCC/C=C\C/C=C\C/C=C\C/C=C\C/C=C\CC","1"
"DG(22:5(4Z,7Z,10Z,13Z,16Z)/20:5(5Z,8Z,11Z,14Z,17Z)/0:0)","DG(22:5(4Z,7Z,10Z,13Z,16Z)/20:5(5Z,8Z,11Z,14Z,17Z)/0:0)","HMDB0007723","53478476",NA,"CCCCC/C=C\C/C=C\C/C=C\C/C=C\C/C=C\CCC(=O)OC[C@H](CO)OC(=O)CCC/C=C\C/C=C\C/C=C\C/C=C\C/C=C\CC","1"
"DG(22:5(7Z,10Z,13Z,16Z,19Z)/20:5(5Z,8Z,11Z,14Z,17Z)/0:0)","DG(22:5(7Z,10Z,13Z,16Z,19Z)/20:5(5Z,8Z,11Z,14Z,17Z)/0:0)","HMDB0007752","53478505",NA,"CC/C=C\C/C=C\C/C=C\C/C=C\C/C=C\CCCCCC(=O)OC[C@H](CO)OC(=O)CCC/C=C\C/C=C\C/C=C\C/C=C\C/C=C\CC","1"
"DG(22:6(4Z,7Z,10Z,13Z,16Z,19Z)/20:4(5Z,8Z,11Z,14Z)/0:0)","DG(22:6(4Z,7Z,10Z,13Z,16Z,19Z)/20:4(5Z,8Z,11Z,14Z)/0:0)","HMDB0007779","53478530",NA,"CCCCC/C=C\C/C=C\C/C=C\C/C=C\CCCC(=O)O[C@@H](CO)COC(=O)CC/C=C\C/C=C\C/C=C\C/C=C\C/C=C\C/C=C\CC","1"
"DG(22:6(4Z,7Z,10Z,13Z,16Z,19Z)/20:4(8Z,11Z,14Z,17Z)/0:0)","DG(22:6(4Z,7Z,10Z,13Z,16Z,19Z)/20:4(8Z,11Z,14Z,17Z)/0:0)","HMDB0007780","53478531",NA,"CC/C=C\C/C=C\C/C=C\C/C=C\CCCCCCC(=O)O[C@@H](CO)COC(=O)CC/C=C\C/C=C\C/C=C\C/C=C\C/C=C\C/C=C\CC","1"
"PC(14:0/P-16:0)","PC(14:0/P-16:0)","HMDB0007895","53478615","C00157","CCCCCCCCCCCCCC/C=C\OC(COC(=O)CCCCCCCCCCCCC)COP(=O)([O-])OCC[N+](C)(C)C","1"
"PE(15:0/P-18:0)","PE(15:0/P-18:0)","HMDB0008917","53479584","C00350","CCCCCCCCCCCCCCCC/C=C\O[C@H](COC(=O)CCCCCCCCCCCCCC)COP(=O)(O)OCCN","1"
"PC(P-16:0/14:0)","PC(P-16:0/14:0)","HMDB0011203","52923874",NA,"CCCCCCCCCCCCCC/C=C\OC[C@H](COP(=O)([O-])OCC[N+](C)(C)C)OC(=O)CCCCCCCCCCCCC","1"
"PE(P-18:0/15:0)","PE(P-18:0/15:0)","HMDB0011370","52925071",NA,"CCCCCCCCCCCCCCCC/C=C\OC[C@H](COP(=O)(O)OCCN)OC(=O)CCCCCCCCCCCCCC","1"
"PC(o-14:0/16:1(9Z))","PC(o-14:0/16:1(9Z))","HMDB0013402","24779277",NA,"CCCCCCCCCCCCCCOC[C@H](COP(=O)([O-])OCC[N+](C)(C)C)OC(=O)CCCCCCC/C=C\CCCCCC","1"
"PC(o-16:0/14:1(9Z))","PC(o-16:0/14:1(9Z))","HMDB0013403","52923736",NA,"CCCCCCCCCCCCCCCCOC[C@H](COP(=O)([O-])OCC[N+](C)(C)C)OC(=O)CCCCCCC/C=C\CCCC","1"
"PC(o-14:0/16:0)","PC(o-14:0/16:0)","HMDB0013341","24779275",NA,"CCCCCCCCCCCCCCCC(=O)O[C@H](COCCCCCCCCCCCCCC)COP(=O)([O-])OCC[N+](C)(C)C","1"
"DG(22:2(13Z,16Z)/22:6(4Z,7Z,10Z,13Z,16Z,19Z)/0:0)","DG(22:2(13Z,16Z)/22:6(4Z,7Z,10Z,13Z,16Z,19Z)/0:0)","HMDB0007672","9543967",NA,"CCCCC/C=C\C/C=C\CCCCCCCCCCCC(=O)OC[C@H](CO)OC(=O)CC/C=C\C/C=C\C/C=C\C/C=C\C/C=C\C/C=C\CC","1"
"DG(22:4(7Z,10Z,13Z,16Z)/22:4(7Z,10Z,13Z,16Z)/0:0)","DG(22:4(7Z,10Z,13Z,16Z)/22:4(7Z,10Z,13Z,16Z)/0:0)","HMDB0007698","9543963",NA,"CCCCC/C=C\C/C=C\C/C=C\C/C=C\CCCCCC(=O)OC[C@H](CO)OC(=O)CCCCC/C=C\C/C=C\C/C=C\C/C=C\CCCCC","1"
"DG(22:6(4Z,7Z,10Z,13Z,16Z,19Z)/22:2(13Z,16Z)/0:0)","DG(22:6(4Z,7Z,10Z,13Z,16Z,19Z)/22:2(13Z,16Z)/0:0)","HMDB0007784","53478535",NA,"CCCCC/C=C\C/C=C\CCCCCCCCCCCC(=O)O[C@@H](CO)COC(=O)CC/C=C\C/C=C\C/C=C\C/C=C\C/C=C\C/C=C\CC","1"
"PE(18:4(6Z,9Z,12Z,15Z)/P-18:1(11Z))","PE(18:4(6Z,9Z,12Z,15Z)/P-18:1(11Z))","HMDB0009215","53479707","C00350","CCCCCC/C=C\CCCCCCCC/C=C\O[C@H](COC(=O)CCCC/C=C\C/C=C\C/C=C\C/C=C\CC)COP(=O)(O)OCCN","1"
"PE(18:4(6Z,9Z,12Z,15Z)/P-18:1(9Z))","PE(18:4(6Z,9Z,12Z,15Z)/P-18:1(9Z))","HMDB0009216","53479708","C00350","CCCCCCCC/C=C\CCCCCC/C=C\O[C@H](COC(=O)CCCC/C=C\C/C=C\C/C=C\C/C=C\CC)COP(=O)(O)OCCN","1"
"PE(20:5(5Z,8Z,11Z,14Z,17Z)/P-16:0)","PE(20:5(5Z,8Z,11Z,14Z,17Z)/P-16:0)","HMDB0009477","53479839","C00350","CCCCCCCCCCCCCC/C=C\O[C@H](COC(=O)CCC/C=C\C/C=C\C/C=C\C/C=C\C/C=C\CC)COP(=O)(O)OCCN","1"
"PE(P-16:0/20:5(5Z,8Z,11Z,14Z,17Z))","PE(P-16:0/20:5(5Z,8Z,11Z,14Z,17Z))","HMDB0011354","52925061",NA,"CCCCCCCCCCCCCC/C=C\OC[C@H](COP(=O)(O)OCCN)OC(=O)CCC/C=C\C/C=C\C/C=C\C/C=C\C/C=C\CC","1"
"PE(P-18:1(11Z)/18:4(6Z,9Z,12Z,15Z))","PE(P-18:1(11Z)/18:4(6Z,9Z,12Z,15Z))","HMDB0011412","53480872",NA,"CCCCCC/C=C\CCCCCCCC/C=C\OC[C@H](COP(=O)(O)OCCN)OC(=O)CCCC/C=C\C/C=C\C/C=C\C/C=C\CC","1"
"PE(P-18:1(9Z)/18:4(6Z,9Z,12Z,15Z))","PE(P-18:1(9Z)/18:4(6Z,9Z,12Z,15Z))","HMDB0011445","53480901",NA,"CCCCCCCC/C=C\CCCCCC/C=C\OC[C@H](COP(=O)(O)OCCN)OC(=O)CCCC/C=C\C/C=C\C/C=C\C/C=C\CC","1"
"PS(14:0/18:2(9Z,12Z))","PS(14:0/18:2(9Z,12Z))","HMDB0012336","52926034",NA,"CCCCCCCCCCCCCC(=O)OC[C@H](COP(=O)(O)OC[C@@H](C(=O)O)N)OC(=O)CCCCCCC/C=C\C/C=C\CCCCC","1"
"PS(14:1(9Z)/18:1(9Z))","PS(14:1(9Z)/18:1(9Z))","HMDB0012346","52925230",NA,"CCCCCCCC/C=C\CCCCCCCC(=O)O[C@H](COC(=O)CCCCCCC/C=C\CCCC)COP(=O)(O)OC[C@@H](C(=O)O)N","1"
"PS(16:1(9Z)/16:1(9Z))","PS(16:1(9Z)/16:1(9Z))","HMDB0012366","52926071",NA,"CCCCCC/C=C\CCCCCCCC(=O)OC[C@H](COP(=O)(O)OC[C@@H](C(=O)O)N)OC(=O)CCCCCCC/C=C\CCCCCC","1"
"PS(18:1(9Z)/14:1(9Z))","PS(18:1(9Z)/14:1(9Z))","HMDB0012386","52925434",NA,"CCCCCCCC/C=C\CCCCCCCC(=O)OC[C@H](COP(=O)(O)OC[C@@H](C(=O)O)N)OC(=O)CCCCCCC/C=C\CCCC","1"
"PS(18:2(9Z,12Z)/14:0)","PS(18:2(9Z,12Z)/14:0)","HMDB0012396","52925452",NA,"CCCCCCCCCCCCCC(=O)O[C@H](COC(=O)CCCCCCC/C=C\C/C=C\CCCCC)COP(=O)(O)OC[C@@H](C(=O)O)N","1"
"PC(15:0/P-18:0)","PC(15:0/P-18:0)","HMDB0007962","53478663","C00157","CCCCCCCCCCCCCCCC/C=C\OC(COC(=O)CCCCCCCCCCCCCC)COP(=O)([O-])OCC[N+](C)(C)C","1"
"PE(18:0/P-18:0)","PE(18:0/P-18:0)","HMDB0009016","53479615","C00350","CCCCCCCCCCCCCCCCCC(=O)OC[C@H](COP(=O)(O)OCCN)O/C=C\CCCCCCCCCCCCCCCC","1"
"PE(20:0/P-16:0)","PE(20:0/P-16:0)","HMDB0009246","53479714","C00350","CCCCCCCCCCCCCCCCCCCC(=O)OC[C@H](COP(=O)(O)OCCN)O/C=C\CCCCCCCCCCCCCC","1"
"PC(P-18:0/15:0)","PC(P-18:0/15:0)","HMDB0011238","52923930",NA,"CCCCCCCCCCCCCCCC/C=C\OC[C@H](COP(=O)([O-])OCC[N+](C)(C)C)OC(=O)CCCCCCCCCCCCCC","1"
"PE(P-16:0/20:0)","PE(P-16:0/20:0)","HMDB0011347","52925057",NA,"CCCCCCCCCCCCCCCCCCCC(=O)O[C@H](CO/C=C\CCCCCCCCCCCCCC)COP(=O)(O)OCCN","1"
"PE(dm18:0/18:0)","PE(dm18:0/18:0)","HMDB11373","52925078",NA,"CCCCCCCCCCCCCCCCCC(=O)O[C@H](CO/C=C\CCCCCCCCCCCCCCCC)COP(=O)(O)OCCN","1"
"PS(14:0/18:1(9Z))","PS(14:0/18:1(9Z))","HMDB0012335","52926083",NA,"CCCCCCCCCCCCCC(=O)OC[C@H](COP(=O)(O)OC[C@@H](C(=O)O)N)OC(=O)CCCCCCC/C=C\CCCCCCCC","1"
"PS(14:1(9Z)/18:0)","PS(14:1(9Z)/18:0)","HMDB0012345","52925229",NA,"CCCCCCCCCCCCCCCCCC(=O)O[C@H](COC(=O)CCCCCCC/C=C\CCCC)COP(=O)(O)OC[C@@H](C(=O)O)N","1"
"PS(16:0/16:1(9Z))","PS(16:0/16:1(9Z))","HMDB0012355","52926017",NA,"CCCCCCCCCCCCCCCC(=O)OC[C@H](COP(=O)(O)OC[C@@H](C(=O)O)N)OC(=O)CCCCCCC/C=C\CCCCCC","1"
"PS(16:1(9Z)/16:0)","PS(16:1(9Z)/16:0)","HMDB0012365","52925317",NA,"CCCCCCCCCCCCCCCC(=O)O[C@H](COC(=O)CCCCCCC/C=C\CCCCCC)COP(=O)(O)OC[C@@H](C(=O)O)N","1"
"PS(18:0/14:1(9Z))","PS(18:0/14:1(9Z))","HMDB0012375","52925419",NA,"CCCCCCCCCCCCCCCCCC(=O)OC[C@H](COP(=O)(O)OC[C@@H](C(=O)O)N)OC(=O)CCCCCCC/C=C\CCCC","1"
"PS(18:1(9Z)/14:0)","PS(18:1(9Z)/14:0)","HMDB0012385","52925991",NA,"CCCCCCCCCCCCCC(=O)O[C@H](COC(=O)CCCCCCC/C=C\CCCCCCCC)COP(=O)(O)OC[C@@H](C(=O)O)N","1"
"PE(14:0/22:6(4Z,7Z,10Z,13Z,16Z,19Z))","PE(14:0/22:6(4Z,7Z,10Z,13Z,16Z,19Z))","HMDB0008847","52924936","C00350","CCCCCCCCCCCCCC(=O)OC[C@H](COP(=O)(O)OCCN)OC(=O)CC/C=C\C/C=C\C/C=C\C/C=C\C/C=C\C/C=C\CC","1"
"PE(14:1(9Z)/22:5(4Z,7Z,10Z,13Z,16Z))","PE(14:1(9Z)/22:5(4Z,7Z,10Z,13Z,16Z))","HMDB0008878","53479567","C00350","CCCCC/C=C\C/C=C\C/C=C\C/C=C\C/C=C\CCC(=O)O[C@H](COC(=O)CCCCCCC/C=C\CCCC)COP(=O)(O)OCCN","1"
"PE(14:1(9Z)/22:5(7Z,10Z,13Z,16Z,19Z))","PE(14:1(9Z)/22:5(7Z,10Z,13Z,16Z,19Z))","HMDB0008879","53479568","C00350","CCCC/C=C\CCCCCCCC(=O)OC[C@H](COP(=O)(O)OCCN)OC(=O)CCCCC/C=C\C/C=C\C/C=C\C/C=C\C/C=C\CC","1"
"PE(16:1(9Z)/20:5(5Z,8Z,11Z,14Z,17Z))","PE(16:1(9Z)/20:5(5Z,8Z,11Z,14Z,17Z))","HMDB0008972","52924236","C00350","CCCCCC/C=C\CCCCCCCC(=O)OC[C@H](COP(=O)(O)OCCN)OC(=O)CCC/C=C\C/C=C\C/C=C\C/C=C\C/C=C\CC","1"
"PE(18:2(9Z,12Z)/18:4(6Z,9Z,12Z,15Z))","PE(18:2(9Z,12Z)/18:4(6Z,9Z,12Z,15Z))","HMDB0009096","52924367","C00350","CCCCC/C=C\C/C=C\CCCCCCCC(=O)OC[C@H](COP(=O)(O)OCCN)OC(=O)CCCC/C=C\C/C=C\C/C=C\C/C=C\CC","1"
"PE(18:3(6Z,9Z,12Z)/18:3(6Z,9Z,12Z))","PE(18:3(6Z,9Z,12Z)/18:3(6Z,9Z,12Z))","HMDB0009127","52924394","C00350","CCCCC/C=C\C/C=C\C/C=C\CCCCC(=O)OC[C@H](COP(=O)(O)OCCN)OC(=O)CCCC/C=C\C/C=C\C/C=C\CCCCC","1"
"PE(18:3(6Z,9Z,12Z)/18:3(9Z,12Z,15Z))","PE(18:3(6Z,9Z,12Z)/18:3(9Z,12Z,15Z))","HMDB0009128","52924395","C00350","CCCCC/C=C\C/C=C\C/C=C\CCCCC(=O)OC[C@H](COP(=O)(O)OCCN)OC(=O)CCCCCCC/C=C\C/C=C\C/C=C\CC","1"
"PE(18:3(9Z,12Z,15Z)/18:3(6Z,9Z,12Z))","PE(18:3(9Z,12Z,15Z)/18:3(6Z,9Z,12Z))","HMDB0009160","52924423","C00350","CCCCC/C=C\C/C=C\C/C=C\CCCCC(=O)O[C@H](COC(=O)CCCCCCC/C=C\C/C=C\C/C=C\CC)COP(=O)(O)OCCN","1"
"PE(18:3(9Z,12Z,15Z)/18:3(9Z,12Z,15Z))","PE(18:3(9Z,12Z,15Z)/18:3(9Z,12Z,15Z))","HMDB0009161","52924890","C00350","CC/C=C\C/C=C\C/C=C\CCCCCCCC(=O)OC[C@H](COP(=O)(O)OCCN)OC(=O)CCCCCCC/C=C\C/C=C\C/C=C\CC","1"
"PE(18:4(6Z,9Z,12Z,15Z)/18:2(9Z,12Z))","PE(18:4(6Z,9Z,12Z,15Z)/18:2(9Z,12Z))","HMDB0009192","52924452","C00350","CCCCC/C=C\C/C=C\CCCCCCCC(=O)O[C@H](COC(=O)CCCC/C=C\C/C=C\C/C=C\C/C=C\CC)COP(=O)(O)OCCN","1"
"PE(20:5(5Z,8Z,11Z,14Z,17Z)/16:1(9Z))","PE(20:5(5Z,8Z,11Z,14Z,17Z)/16:1(9Z))","HMDB0009452","52924670","C00350","CCCCCC/C=C\CCCCCCCC(=O)O[C@H](COC(=O)CCC/C=C\C/C=C\C/C=C\C/C=C\C/C=C\CC)COP(=O)(O)OCCN","1"
"PE(22:5(4Z,7Z,10Z,13Z,16Z)/14:1(9Z))","PE(22:5(4Z,7Z,10Z,13Z,16Z)/14:1(9Z))","HMDB0009614","53479910","C00350","CCCCC/C=C\C/C=C\C/C=C\C/C=C\C/C=C\CCC(=O)OC[C@H](COP(=O)(O)OCCN)OC(=O)CCCCCCC/C=C\CCCC","1"
"PE(22:5(7Z,10Z,13Z,16Z,19Z)/14:1(9Z))","PE(22:5(7Z,10Z,13Z,16Z,19Z)/14:1(9Z))","HMDB0009647","53479943","C00350","CCCC/C=C\CCCCCCCC(=O)O[C@H](COC(=O)CCCCC/C=C\C/C=C\C/C=C\C/C=C\C/C=C\CC)COP(=O)(O)OCCN","1"
"PE(22:6(4Z,7Z,10Z,13Z,16Z,19Z)/14:0)","PE(22:6(4Z,7Z,10Z,13Z,16Z,19Z)/14:0)","HMDB0009679","52924835","C00350","CCCCCCCCCCCCCC(=O)O[C@H](COC(=O)CC/C=C\C/C=C\C/C=C\C/C=C\C/C=C\C/C=C\CC)COP(=O)(O)OCCN","1"
"PC(14:0/P-18:0)","PC(14:0/P-18:0)","HMDB0007896","53478617","C00157","CCCCCCCCCCCCCCCC/C=C\OC(COC(=O)CCCCCCCCCCCCC)COP(=O)([O-])OCC[N+](C)(C)C","1"
"PC(16:0/P-16:0)","PC(16:0/P-16:0)","HMDB0007994","53478671","C00157","CCCCCCCCCCCCCCCC(=O)OCC(COP(=O)([O-])OCC[N+](C)(C)C)O/C=C\CCCCCCCCCCCCCC","1"
"PC(P-16:0/16:0)","PC(P-16:0/16:0)","HMDB0011206","11146967",NA,"CCCCCCCCCCCCCCCC(=O)O[C@H](CO/C=C\CCCCCCCCCCCCCC)COP(=O)([O-])OCC[N+](C)(C)C","1"
"PC(P-18:0/14:0)","PC(P-18:0/14:0)","HMDB0011236","52923926",NA,"CCCCCCCCCCCCCCCC/C=C\OC[C@H](COP(=O)([O-])OCC[N+](C)(C)C)OC(=O)CCCCCCCCCCCCC","1"
"PC(o-16:0/16:1(9Z))","PC(o-16:0/16:1(9Z))","HMDB0013404","52923742",NA,"CCCCCCCCCCCCCCCCOC[C@H](COP(=O)([O-])OCC[N+](C)(C)C)OC(=O)CCCCCCC/C=C\CCCCCC","1"
"PE(O-16:1(1Z)/22:6(4Z,7Z,10Z,13Z,16Z,19Z))","PE(O-16:1(1Z)/22:6(4Z,7Z,10Z,13Z,16Z,19Z))","HMDB0005780","5283497","C00350","CCCCCCCCCCCCCC/C=C\OC[C@H](COP(=O)(O)OCCN)OC(=O)CC/C=C\C/C=C\C/C=C\C/C=C\C/C=C\C/C=C\CC","1"
"PE(20:5(5Z,8Z,11Z,14Z,17Z)/P-18:1(11Z))","PE(20:5(5Z,8Z,11Z,14Z,17Z)/P-18:1(11Z))","HMDB0009479","53479841","C00350","CCCCCC/C=C\CCCCCCCC/C=C\O[C@H](COC(=O)CCC/C=C\C/C=C\C/C=C\C/C=C\C/C=C\CC)COP(=O)(O)OCCN","1"
"PE(20:5(5Z,8Z,11Z,14Z,17Z)/P-18:1(9Z))","PE(20:5(5Z,8Z,11Z,14Z,17Z)/P-18:1(9Z))","HMDB0009480","53479842","C00350","CCCCCCCC/C=C\CCCCCC/C=C\O[C@H](COC(=O)CCC/C=C\C/C=C\C/C=C\C/C=C\C/C=C\CC)COP(=O)(O)OCCN","1"
"PE(22:6(4Z,7Z,10Z,13Z,16Z,19Z)/P-16:0)","PE(22:6(4Z,7Z,10Z,13Z,16Z,19Z)/P-16:0)","HMDB0009708","53479983","C00350","CCCCCCCCCCCCCC/C=C\O[C@H](COC(=O)CC/C=C\C/C=C\C/C=C\C/C=C\C/C=C\C/C=C\CC)COP(=O)(O)OCCN","1"
"PE(P-18:1(11Z)/20:5(5Z,8Z,11Z,14Z,17Z))","PE(P-18:1(11Z)/20:5(5Z,8Z,11Z,14Z,17Z))","HMDB0011420","53480880",NA,"CCCCCC/C=C\CCCCCCCC/C=C\OC[C@H](COP(=O)(O)OCCN)OC(=O)CCC/C=C\C/C=C\C/C=C\C/C=C\C/C=C\CC","1"
"PE(P-18:1(9Z)/20:5(5Z,8Z,11Z,14Z,17Z))","PE(P-18:1(9Z)/20:5(5Z,8Z,11Z,14Z,17Z))","HMDB0011453","53480910",NA,"CCCCCCCC/C=C\CCCCCC/C=C\OC[C@H](COP(=O)(O)OCCN)OC(=O)CCC/C=C\C/C=C\C/C=C\C/C=C\C/C=C\CC","1"
"PG(16:0/18:1(11Z))","PG(16:0/18:1(11Z))","HMDB0010573","5289145",NA,"CCCCCCCCCCCCCCCC(=O)OC[C@H](COP(=O)(O)OC[C@H](CO)O)OC(=O)CCCCCCCCC/C=C\CCCCCC","1"
"PG(16:0/18:1(9Z))","PG(16:0/18:1(9Z))","HMDB0010574","52941750",NA,"CCCCCCCCCCCCCCCC(=O)OC[C@H](COP(=O)(O)OC[C@H](CO)O)OC(=O)CCCCCCC/C=C\CCCCCCCC","1"
"PG(16:1(9Z)/18:0)","PG(16:1(9Z)/18:0)","HMDB0010587","52926476",NA,"CCCCCCCCCCCCCCCCCC(=O)O[C@H](COC(=O)CCCCCCC/C=C\CCCCCC)COP(=O)(O)OC[C@H](CO)O","1"
"PG(18:0/16:1(9Z))","PG(18:0/16:1(9Z))","HMDB0010601","52927152",NA,"CCCCCCCCCCCCCCCCCC(=O)OC[C@H](COP(=O)(O)OC[C@H](CO)O)OC(=O)CCCCCCC/C=C\CCCCCC","1"
"PG(18:1(11Z)/16:0)","PG(18:1(11Z)/16:0)","HMDB0010615","53480614",NA,"CCCCCCCCCCCCCCCC(=O)O[C@H](COC(=O)CCCCCCCCC/C=C\CCCCCC)COP(=O)(O)OC[C@H](CO)O","1"
"PG(18:1(9Z)/16:0)","PG(18:1(9Z)/16:0)","HMDB0010630","52927225",NA,"CCCCCCCCCCCCCCCC(=O)O[C@H](COC(=O)CCCCCCC/C=C\CCCCCCCC)COP(=O)(O)OC[C@H](CO)O","1"
"PS(16:0/18:2(9Z,12Z))","PS(16:0/18:2(9Z,12Z))","HMDB0012358","46891802",NA,"CCCCCCCCCCCCCCCC(=O)OC[C@H](COP(=O)(O)OC[C@@H](C(=O)O)N)OC(=O)CCCCCCC/C=C\C/C=C\CCCCC","1"
"PS(16:1(9Z)/18:1(9Z))","PS(16:1(9Z)/18:1(9Z))","HMDB0012368","52926009",NA,"CCCCCCCC/C=C\CCCCCCCC(=O)O[C@H](COC(=O)CCCCCCC/C=C\CCCCCC)COP(=O)(O)OC[C@@H](C(=O)O)N","1"
"PS(18:1(9Z)/16:1(9Z))","PS(18:1(9Z)/16:1(9Z))","HMDB0012388","52925990",NA,"CCCCCCCC/C=C\CCCCCCCC(=O)OC[C@H](COP(=O)(O)OC[C@@H](C(=O)O)N)OC(=O)CCCCCCC/C=C\CCCCCC","1"
"PS(18:2(9Z,12Z)/16:0)","PS(18:2(9Z,12Z)/16:0)","HMDB0012398","52925986",NA,"CCCCCCCCCCCCCCCC(=O)O[C@H](COC(=O)CCCCCCC/C=C\C/C=C\CCCCC)COP(=O)(O)OC[C@@H](C(=O)O)N","1"
"PS(16:0/18:1(9Z))","PS(16:0/18:1(9Z))","HMDB0012357","5283499","C13880","CCCCCCCCCCCCCCCC(=O)OC[C@H](COP(=O)(O)OC[C@@H](C(=O)O)N)OC(=O)CCCCCCC/C=C\CCCCCCCC","1"
"PS(16:1(9Z)/18:0)","PS(16:1(9Z)/18:0)","HMDB0012367","52925321",NA,"CCCCCCCCCCCCCCCCCC(=O)O[C@H](COC(=O)CCCCCCC/C=C\CCCCCC)COP(=O)(O)OC[C@@H](C(=O)O)N","1"
"PS(18:0/16:1(9Z))","PS(18:0/16:1(9Z))","HMDB0012377","52925996",NA,"CCCCCCCCCCCCCCCCCC(=O)OC[C@H](COP(=O)(O)OC[C@@H](C(=O)O)N)OC(=O)CCCCCCC/C=C\CCCCCC","1"
"PS(18:1(9Z)/16:0)","PS(18:1(9Z)/16:0)","HMDB0012387","52926066",NA,"CCCCCCCCCCCCCCCC(=O)O[C@H](COC(=O)CCCCCCC/C=C\CCCCCCCC)COP(=O)(O)OC[C@@H](C(=O)O)N","1"
"PG(16:1(9Z)/20:4(5Z,8Z,11Z,14Z))","PG(16:1(9Z)/20:4(5Z,8Z,11Z,14Z))","HMDB0010595","52927164",NA,"CCCCCC/C=C\CCCCCCCC(=O)OC[C@H](COP(=O)(O)OC[C@H](CO)O)OC(=O)CCC/C=C\C/C=C\C/C=C\C/C=C\CCCCC","1"
"PG(18:2(9Z,12Z)/18:3(6Z,9Z,12Z))","PG(18:2(9Z,12Z)/18:3(6Z,9Z,12Z))","HMDB0010651","52926616",NA,"CCCCC/C=C\C/C=C\CCCCCCCC(=O)OC[C@H](COP(=O)(O)OC[C@H](CO)O)OC(=O)CCCC/C=C\C/C=C\C/C=C\CCCCC","1"
"PG(18:2(9Z,12Z)/18:3(9Z,12Z,15Z))","PG(18:2(9Z,12Z)/18:3(9Z,12Z,15Z))","HMDB0010652","52926617",NA,"CCCCC/C=C\C/C=C\CCCCCCCC(=O)OC[C@H](COP(=O)(O)OC[C@H](CO)O)OC(=O)CCCCCCC/C=C\C/C=C\C/C=C\CC","1"
"PG(18:3(6Z,9Z,12Z)/18:2(9Z,12Z))","PG(18:3(6Z,9Z,12Z)/18:2(9Z,12Z))","HMDB0010665","52926644",NA,"CCCCC/C=C\C/C=C\CCCCCCCC(=O)O[C@H](COC(=O)CCCC/C=C\C/C=C\C/C=C\CCCCC)COP(=O)(O)OC[C@H](CO)O","1"
"PG(18:3(9Z,12Z,15Z)/18:2(9Z,12Z))","PG(18:3(9Z,12Z,15Z)/18:2(9Z,12Z))","HMDB0010680","52926673",NA,"CCCCC/C=C\C/C=C\CCCCCCCC(=O)O[C@H](COC(=O)CCCCCCC/C=C\C/C=C\C/C=C\CC)COP(=O)(O)OC[C@H](CO)O","1"
"PG(16:0/20:3(5Z,8Z,11Z))","PG(16:0/20:3(5Z,8Z,11Z))","HMDB0010578","53480603",NA,"CCCCCCCCCCCCCCCC(=O)OC[C@H](COP(=O)(O)OC[C@H](CO)O)OC(=O)CCC/C=C\C/C=C\C/C=C\CCCCCCCC","1"
"PG(16:0/20:3(8Z,11Z,14Z))","PG(16:0/20:3(8Z,11Z,14Z))","HMDB0010579","52927169",NA,"CCCCCCCCCCCCCCCC(=O)OC[C@H](COP(=O)(O)OC[C@H](CO)O)OC(=O)CCCCCC/C=C\C/C=C\C/C=C\CCCCC","1"
"PG(18:0/18:3(6Z,9Z,12Z))","PG(18:0/18:3(6Z,9Z,12Z))","HMDB0010606","52926580",NA,"CCCCCCCCCCCCCCCCCC(=O)OC[C@H](COP(=O)(O)OC[C@H](CO)O)OC(=O)CCCC/C=C\C/C=C\C/C=C\CCCCC","1"
"PG(18:0/18:3(9Z,12Z,15Z))","PG(18:0/18:3(9Z,12Z,15Z))","HMDB0010607","52926581",NA,"CCCCCCCCCCCCCCCCCC(=O)OC[C@H](COP(=O)(O)OC[C@H](CO)O)OC(=O)CCCCCCC/C=C\C/C=C\C/C=C\CC","1"
"PG(18:1(11Z)/18:2(9Z,12Z))","PG(18:1(11Z)/18:2(9Z,12Z))","HMDB0010620","53480619",NA,"CCCCCC/C=C\CCCCCCCCCC(=O)OC[C@H](COP(=O)(O)OC[C@H](CO)O)OC(=O)CCCCCCC/C=C\C/C=C\CCCCC","1"
"PG(18:1(9Z)/18:2(9Z,12Z))","PG(18:1(9Z)/18:2(9Z,12Z))","HMDB0010635","52927223",NA,"CCCCCCCC/C=C\CCCCCCCC(=O)OC[C@H](COP(=O)(O)OC[C@H](CO)O)OC(=O)CCCCCCC/C=C\C/C=C\CCCCC","1"
"PG(18:2(9Z,12Z)/18:1(11Z))","PG(18:2(9Z,12Z)/18:1(11Z))","HMDB0010648","53480633",NA,"CCCCCC/C=C\CCCCCCCCCC(=O)O[C@H](COC(=O)CCCCCCC/C=C\C/C=C\CCCCC)COP(=O)(O)OC[C@H](CO)O","1"
"PG(18:2(9Z,12Z)/18:1(9Z))","PG(18:2(9Z,12Z)/18:1(9Z))","HMDB0010649","52926615",NA,"CCCCCCCC/C=C\CCCCCCCC(=O)O[C@H](COC(=O)CCCCCCC/C=C\C/C=C\CCCCC)COP(=O)(O)OC[C@H](CO)O","1"
"PG(18:3(6Z,9Z,12Z)/18:0)","PG(18:3(6Z,9Z,12Z)/18:0)","HMDB0010662","52926642",NA,"CCCCCCCCCCCCCCCCCC(=O)O[C@H](COC(=O)CCCC/C=C\C/C=C\C/C=C\CCCCC)COP(=O)(O)OC[C@H](CO)O","1"
"PG(18:3(9Z,12Z,15Z)/18:0)","PG(18:3(9Z,12Z,15Z)/18:0)","HMDB0010677","52926672",NA,"CCCCCCCCCCCCCCCCCC(=O)O[C@H](COC(=O)CCCCCCC/C=C\C/C=C\C/C=C\CC)COP(=O)(O)OC[C@H](CO)O","1"
"PG(18:0/18:2(9Z,12Z))","PG(18:0/18:2(9Z,12Z))","HMDB0010605","52927245",NA,"CCCCCCCCCCCCCCCCCC(=O)OC[C@H](COP(=O)(O)OC[C@H](CO)O)OC(=O)CCCCCCC/C=C\C/C=C\CCCCC","1"
"PG(18:1(11Z)/18:1(11Z))","PG(18:1(11Z)/18:1(11Z))","HMDB0010618","53480617",NA,"CCCCCC/C=C\CCCCCCCCCC(=O)OC[C@H](COP(=O)(O)OC[C@H](CO)O)OC(=O)CCCCCCCCC/C=C\CCCCCC","1"
"PG(18:1(11Z)/18:1(9Z))","PG(18:1(11Z)/18:1(9Z))","HMDB0010619","53480618",NA,"CCCCCCCC/C=C\CCCCCCCC(=O)O[C@H](COC(=O)CCCCCCCCC/C=C\CCCCCC)COP(=O)(O)OC[C@H](CO)O","1"
"PG(18:1(9Z)/18:1(11Z))","PG(18:1(9Z)/18:1(11Z))","HMDB0010633","53480629",NA,"CCCCCCCC/C=C\CCCCCCCC(=O)OC[C@H](COP(=O)(O)OC[C@H](CO)O)OC(=O)CCCCCCCCC/C=C\CCCCCC","1"
"PG(18:1(9Z)/18:1(9Z))","PG(18:1(9Z)/18:1(9Z))","HMDB0010634","52927248",NA,"CCCCCCCC/C=C\CCCCCCCC(=O)OC[C@H](COP(=O)(O)OC[C@H](CO)O)OC(=O)CCCCCCC/C=C\CCCCCCCC","1"
"PG(18:2(9Z,12Z)/18:0)","PG(18:2(9Z,12Z)/18:0)","HMDB0010647","52927141",NA,"CCCCCCCCCCCCCCCCCC(=O)O[C@H](COC(=O)CCCCCCC/C=C\C/C=C\CCCCC)COP(=O)(O)OC[C@H](CO)O","1"
"PE(22:4(7Z,10Z,13Z,16Z)/P-18:1(11Z))","PE(22:4(7Z,10Z,13Z,16Z)/P-18:1(11Z))","HMDB0009611","53479907","C00350","CCCCCC/C=C\CCCCCCCC/C=C\O[C@H](COC(=O)CCCCC/C=C\C/C=C\C/C=C\C/C=C\CCCCC)COP(=O)(O)OCCN","1"
"PE(22:4(7Z,10Z,13Z,16Z)/P-18:1(9Z))","PE(22:4(7Z,10Z,13Z,16Z)/P-18:1(9Z))","HMDB0009612","53479908","C00350","CCCCCCCC/C=C\CCCCCC/C=C\O[C@H](COC(=O)CCCCC/C=C\C/C=C\C/C=C\C/C=C\CCCCC)COP(=O)(O)OCCN","1"
"PE(22:5(4Z,7Z,10Z,13Z,16Z)/dm18:0)","PE(22:5(4Z,7Z,10Z,13Z,16Z)/dm18:0)","HMDB09643","53479939","C00350","CCCCCCCCCCCCCCCC/C=C\O[C@H](COC(=O)CC/C=C\C/C=C\C/C=C\C/C=C\C/C=C\CCCCC)COP(=O)(O)OCCN","1"
"PE(22:5(7Z,10Z,13Z,16Z,19Z)/P-18:0)","PE(22:5(7Z,10Z,13Z,16Z,19Z)/P-18:0)","HMDB0009676","53479972","C00350","CCCCCCCCCCCCCCCC/C=C\O[C@H](COC(=O)CCCCC/C=C\C/C=C\C/C=C\C/C=C\C/C=C\CC)COP(=O)(O)OCCN","1"
"PE(P-18:0/22:5(4Z,7Z,10Z,13Z,16Z))","PE(P-18:0/22:5(4Z,7Z,10Z,13Z,16Z))","HMDB0011392","53480857",NA,"CCCCCCCCCCCCCCCC/C=C\OC[C@H](COP(=O)(O)OCCN)OC(=O)CC/C=C\C/C=C\C/C=C\C/C=C\C/C=C\CCCCC","1"
"PE(P-18:0/22:5(7Z,10Z,13Z,16Z,19Z))","PE(P-18:0/22:5(7Z,10Z,13Z,16Z,19Z))","HMDB0011393","53480858",NA,"CCCCCCCCCCCCCCCC/C=C\OC[C@H](COP(=O)(O)OCCN)OC(=O)CCCCC/C=C\C/C=C\C/C=C\C/C=C\C/C=C\CC","1"
"PE(P-18:1(11Z)/22:4(7Z,10Z,13Z,16Z))","PE(P-18:1(11Z)/22:4(7Z,10Z,13Z,16Z))","HMDB0011424","53480884",NA,"CCCCCC/C=C\CCCCCCCC/C=C\OC[C@H](COP(=O)(O)OCCN)OC(=O)CCCCC/C=C\C/C=C\C/C=C\C/C=C\CCCCC","1"
"PE(P-18:1(9Z)/22:4(7Z,10Z,13Z,16Z))","PE(P-18:1(9Z)/22:4(7Z,10Z,13Z,16Z))","HMDB0011457","53480914",NA,"CCCCCCCC/C=C\CCCCCC/C=C\OC[C@H](COP(=O)(O)OCCN)OC(=O)CCCCC/C=C\C/C=C\C/C=C\C/C=C\CCCCC","1"
"PE(18:4(6Z,9Z,12Z,15Z)/22:6(4Z,7Z,10Z,13Z,16Z,19Z))","PE(18:4(6Z,9Z,12Z,15Z)/22:6(4Z,7Z,10Z,13Z,16Z,19Z))","HMDB0009210","52924469","C00350","CC/C=C\C/C=C\C/C=C\C/C=C\CCCCC(=O)OC[C@H](COP(=O)(O)OCCN)OC(=O)CC/C=C\C/C=C\C/C=C\C/C=C\C/C=C\C/C=C\CC","1"
"PE(20:5(5Z,8Z,11Z,14Z,17Z)/20:5(5Z,8Z,11Z,14Z,17Z))","PE(20:5(5Z,8Z,11Z,14Z,17Z)/20:5(5Z,8Z,11Z,14Z,17Z))","HMDB0009467","52924686","C00350","CC/C=C\C/C=C\C/C=C\C/C=C\C/C=C\CCCC(=O)OC[C@H](COP(=O)(O)OCCN)OC(=O)CCC/C=C\C/C=C\C/C=C\C/C=C\C/C=C\CC","1"
"PE(22:6(4Z,7Z,10Z,13Z,16Z,19Z)/18:4(6Z,9Z,12Z,15Z))","PE(22:6(4Z,7Z,10Z,13Z,16Z,19Z)/18:4(6Z,9Z,12Z,15Z))","HMDB0009690","52924848","C00350","CC/C=C\C/C=C\C/C=C\C/C=C\CCCCC(=O)O[C@H](COC(=O)CC/C=C\C/C=C\C/C=C\C/C=C\C/C=C\C/C=C\CC)COP(=O)(O)OCCN","1"
"PG(16:0/22:4(7Z,10Z,13Z,16Z))","PG(16:0/22:4(7Z,10Z,13Z,16Z))","HMDB0010581","52927231",NA,"CCCCCCCCCCCCCCCC(=O)OC[C@H](COP(=O)(O)OC[C@H](CO)O)OC(=O)CCCCC/C=C\C/C=C\C/C=C\C/C=C\CCCCC","1"
"PG(18:0/20:4(5Z,8Z,11Z,14Z))","PG(18:0/20:4(5Z,8Z,11Z,14Z))","HMDB0010610","24779553",NA,"CCCCCCCCCCCCCCCCCC(=O)OC[C@H](COP(=O)(O)OC[C@H](CO)O)OC(=O)CCC/C=C\C/C=C\C/C=C\C/C=C\CCCCC","1"
"PG(18:1(11Z)/20:3(5Z,8Z,11Z))","PG(18:1(11Z)/20:3(5Z,8Z,11Z))","HMDB0010623","53480622",NA,"CCCCCCCC/C=C\C/C=C\C/C=C\CCCC(=O)O[C@H](COC(=O)CCCCCCCCC/C=C\CCCCCC)COP(=O)(O)OC[C@H](CO)O","1"
"PG(18:1(11Z)/20:3(8Z,11Z,14Z))","PG(18:1(11Z)/20:3(8Z,11Z,14Z))","HMDB0010624","53480623",NA,"CCCCCC/C=C\CCCCCCCCCC(=O)OC[C@H](COP(=O)(O)OC[C@H](CO)O)OC(=O)CCCCCC/C=C\C/C=C\C/C=C\CCCCC","1"
"PG(18:1(9Z)/20:3(5Z,8Z,11Z))","PG(18:1(9Z)/20:3(5Z,8Z,11Z))","HMDB0010638","53480630",NA,"CCCCCCCC/C=C\CCCCCCCC(=O)OC[C@H](COP(=O)(O)OC[C@H](CO)O)OC(=O)CCC/C=C\C/C=C\C/C=C\CCCCCCCC","1"
"PG(18:1(9Z)/20:3(8Z,11Z,14Z))","PG(18:1(9Z)/20:3(8Z,11Z,14Z))","HMDB0010639","52926600",NA,"CCCCCCCC/C=C\CCCCCCCC(=O)OC[C@H](COP(=O)(O)OC[C@H](CO)O)OC(=O)CCCCCC/C=C\C/C=C\C/C=C\CCCCC","1"
"PC(14:1(9Z)/22:2(13Z,16Z))","PC(14:1(9Z)/22:2(13Z,16Z))","HMDB0007921","52922294","C00157","CCCCC/C=C\C/C=C\CCCCCCCCCCCC(=O)O[C@H](COC(=O)CCCCCCC/C=C\CCCC)COP(=O)([O-])OCC[N+](C)(C)C","1"
"PC(16:0/20:3(5Z,8Z,11Z))","PC(16:0/20:3(5Z,8Z,11Z))","HMDB0007980","24778715","C00157","CCCCCCCCCCCCCCCC(=O)OC[C@H](COP(=O)([O-])OCC[N+](C)(C)C)OC(=O)CCC/C=C\C/C=C\C/C=C\CCCCCCCC","1"
"PC(16:0/20:3(8Z,11Z,14Z))","PC(16:0/20:3(8Z,11Z,14Z))","HMDB0007981","24778719","C00157","CCCCCCCCCCCCCCCC(=O)OC[C@H](COP(=O)([O-])OCC[N+](C)(C)C)OC(=O)CCCCCC/C=C\C/C=C\C/C=C\CCCCC","1"
"PC(16:1(9Z)/20:2(11Z,14Z))","PC(16:1(9Z)/20:2(11Z,14Z))","HMDB0008012","52922461","C00157","CCCCCC/C=C\CCCCCCCC(=O)OC[C@H](COP(=O)([O-])OCC[N+](C)(C)C)OC(=O)CCCCCCCCC/C=C\C/C=C\CCCCC","1"
"PC(18:0/18:3(6Z,9Z,12Z))","PC(18:0/18:3(6Z,9Z,12Z))","HMDB0008040","52922655","C00157","CCCCCCCCCCCCCCCCCC(=O)OC[C@H](COP(=O)([O-])OCC[N+](C)(C)C)OC(=O)CCCC/C=C\C/C=C\C/C=C\CCCCC","1"
"PC(18:0/18:3(9Z,12Z,15Z))","PC(18:0/18:3(9Z,12Z,15Z))","HMDB0008041","52922657","C00157","CCCCCCCCCCCCCCCCCC(=O)OC[C@H](COP(=O)([O-])OCC[N+](C)(C)C)OC(=O)CCCCCCC/C=C\C/C=C\C/C=C\CC","1"
"PC(18:1(11Z)/18:2(9Z,12Z))","PC(18:1(11Z)/18:2(9Z,12Z))","HMDB0008072","53478723","C00157","CCCCCC/C=C\CCCCCCCCCC(=O)OC[C@H](COP(=O)([O-])OCC[N+](C)(C)C)OC(=O)CCCCCCC/C=C\C/C=C\CCCCC","1"
"PC(18:1(9Z)/18:2(9Z,12Z))","PC(18:1(9Z)/18:2(9Z,12Z))","HMDB0008105","24778939","C00157","CCCCCCCC/C=C\CCCCCCCC(=O)OC[C@H](COP(=O)([O-])OCC[N+](C)(C)C)OC(=O)CCCCCCC/C=C\C/C=C\CCCCC","1"
"PC(18:2(9Z,12Z)/18:1(11Z))","PC(18:2(9Z,12Z)/18:1(11Z))","HMDB0008136","53478785","C00157","CCCCCC/C=C\CCCCCCCCCC(=O)O[C@H](COC(=O)CCCCCCC/C=C\C/C=C\CCCCC)COP(=O)([O-])OCC[N+](C)(C)C","1"
"PC(18:2(9Z,12Z)/18:1(9Z))","PC(18:2(9Z,12Z)/18:1(9Z))","HMDB0008137","52922727","C00157","CCCCCCCC/C=C\CCCCCCCC(=O)O[C@H](COC(=O)CCCCCCC/C=C\C/C=C\CCCCC)COP(=O)([O-])OCC[N+](C)(C)C","1"
"PC(18:3(6Z,9Z,12Z)/18:0)","PC(18:3(6Z,9Z,12Z)/18:0)","HMDB0008168","52922781","C00157","CCCCCCCCCCCCCCCCCC(=O)O[C@H](COC(=O)CCCC/C=C\C/C=C\C/C=C\CCCCC)COP(=O)([O-])OCC[N+](C)(C)C","1"
"PC(18:3(9Z,12Z,15Z)/18:0)","PC(18:3(9Z,12Z,15Z)/18:0)","HMDB0008201","52922843","C00157","CCCCCCCCCCCCCCCCCC(=O)O[C@H](COC(=O)CCCCCCC/C=C\C/C=C\C/C=C\CC)COP(=O)([O-])OCC[N+](C)(C)C","1"
"PC(20:2(11Z,14Z)/16:1(9Z))","PC(20:2(11Z,14Z)/16:1(9Z))","HMDB0008332","52923163","C00157","CCCCCC/C=C\CCCCCCCC(=O)O[C@H](COC(=O)CCCCCCCCC/C=C\C/C=C\CCCCC)COP(=O)([O-])OCC[N+](C)(C)C","1"
"PC(20:3(5Z,8Z,11Z)/16:0)","PC(20:3(5Z,8Z,11Z)/16:0)","HMDB0008364","53478949","C00157","CCCCCCCCCCCCCCCC(=O)O[C@H](COC(=O)CCC/C=C\C/C=C\C/C=C\CCCCCCCC)COP(=O)([O-])OCC[N+](C)(C)C","1"
"PC(20:3(8Z,11Z,14Z)/16:0)","PC(20:3(8Z,11Z,14Z)/16:0)","HMDB0008397","52923221","C00157","CCCCCCCCCCCCCCCC(=O)O[C@H](COC(=O)CCCCCC/C=C\C/C=C\C/C=C\CCCCC)COP(=O)([O-])OCC[N+](C)(C)C","1"
"PC(22:2(13Z,16Z)/14:1(9Z))","PC(22:2(13Z,16Z)/14:1(9Z))","HMDB0008591","52923553","C00157","CCCCC/C=C\C/C=C\CCCCCCCCCCCC(=O)OC[C@H](COP(=O)([O-])OCC[N+](C)(C)C)OC(=O)CCCCCCC/C=C\CCCC","1"
"PI(16:0/16:1(9Z))","PI(16:0/16:1(9Z))","HMDB0009779",NA,"C00626","[H][C@@](COC(=O)CCCCCCCCCCCCCCC)(COP(O)(=O)O[C@H]1C(O)C(O)C(O)[C@@H](O)C1O)OC(=O)CCCCCCC\C=C/CCCCCC","1"
"PI(16:1(9Z)/16:0)","PI(16:1(9Z)/16:0)","HMDB0009797",NA,"C00626","[H][C@@](COC(=O)CCCCCCC\C=C/CCCCCC)(COP(O)(=O)O[C@H]1C(O)C(O)C(O)[C@@H](O)C1O)OC(=O)CCCCCCCCCCCCCCC","1"
"Lactosylceramide (d18:1/12:0)","Lactosylceramide (d18:1/12:0)","HMDB0004866","52931260","C01290","CCCCCCCCCCCCC/C=C/[C@H]([C@H](CO[C@H]1C([C@H]([C@@H]([C@H](O1)CO)O[C@H]2[C@@H]([C@H]([C@H]([C@H](O2)CO)O)O)O)O)O)NC(=O)CCCCCCCCCCC)O","1"
"PG(18:0/22:4(7Z,10Z,13Z,16Z))","PG(18:0/22:4(7Z,10Z,13Z,16Z))","HMDB0010611","52927148",NA,"CCCCCCCCCCCCCCCCCC(=O)OC[C@H](COP(=O)(O)OC[C@H](CO)O)OC(=O)CCCCC/C=C\C/C=C\C/C=C\C/C=C\CCCCC","1"
"PC(16:0/22:4(7Z,10Z,13Z,16Z))","PC(16:0/22:4(7Z,10Z,13Z,16Z))","HMDB0007988","24778732","C00157","CCCCCCCCCCCCCCCC(=O)OC[C@H](COP(=O)([O-])OCC[N+](C)(C)C)OC(=O)CCCCC/C=C\C/C=C\C/C=C\C/C=C\CCCCC","1"
"PC(18:0/20:4(5Z,8Z,11Z,14Z))","PC(18:0/20:4(5Z,8Z,11Z,14Z))","HMDB0008048","16219824","C00157","CCCCCCCCCCCCCCCCCC(=O)OC[C@H](COP(=O)([O-])OCC[N+](C)(C)C)OC(=O)CCC/C=C\C/C=C\C/C=C\C/C=C\CCCCC","1"
"PC(18:0/20:4(8Z,11Z,14Z,17Z))","PC(18:0/20:4(8Z,11Z,14Z,17Z))","HMDB0008049","53478701","C00157","CCCCCCCCCCCCCCCCCC(=O)OC[C@H](COP(=O)([O-])OCC[N+](C)(C)C)OC(=O)CCCCCC/C=C\C/C=C\C/C=C\C/C=C\CC","1"
"PC(18:1(11Z)/20:3(5Z,8Z,11Z))","PC(18:1(11Z)/20:3(5Z,8Z,11Z))","HMDB0008079","53478737","C00157","CCCCCCCC/C=C\C/C=C\C/C=C\CCCC(=O)O[C@H](COC(=O)CCCCCCCCC/C=C\CCCCCC)COP(=O)([O-])OCC[N+](C)(C)C","1"
"PC(18:1(11Z)/20:3(8Z,11Z,14Z))","PC(18:1(11Z)/20:3(8Z,11Z,14Z))","HMDB0008080","53478739","C00157","CCCCCC/C=C\CCCCCCCCCC(=O)OC[C@H](COP(=O)([O-])OCC[N+](C)(C)C)OC(=O)CCCCCC/C=C\C/C=C\C/C=C\CCCCC","1"
"PC(18:1(9Z)/20:3(5Z,8Z,11Z))","PC(18:1(9Z)/20:3(5Z,8Z,11Z))","HMDB0008112","24778947","C00157","CCCCCCCC/C=C\CCCCCCCC(=O)OC[C@H](COP(=O)([O-])OCC[N+](C)(C)C)OC(=O)CCC/C=C\C/C=C\C/C=C\CCCCCCCC","1"
"PC(18:1(9Z)/20:3(8Z,11Z,14Z))","PC(18:1(9Z)/20:3(8Z,11Z,14Z))","HMDB0008113","52922697","C00157","CCCCCCCC/C=C\CCCCCCCC(=O)OC[C@H](COP(=O)([O-])OCC[N+](C)(C)C)OC(=O)CCCCCC/C=C\C/C=C\C/C=C\CCCCC","1"
"PC(18:2(9Z,12Z)/20:2(11Z,14Z))","PC(18:2(9Z,12Z)/20:2(11Z,14Z))","HMDB0008145","52922743","C00157","CCCCC/C=C\C/C=C\CCCCCCCCCC(=O)O[C@H](COC(=O)CCCCCCC/C=C\C/C=C\CCCCC)COP(=O)([O-])OCC[N+](C)(C)C","1"
"PC(18:3(6Z,9Z,12Z)/20:1(11Z))","PC(18:3(6Z,9Z,12Z)/20:1(11Z))","HMDB0008176","52922799","C00157","CCCCCCCC/C=C\CCCCCCCCCC(=O)O[C@H](COC(=O)CCCC/C=C\C/C=C\C/C=C\CCCCC)COP(=O)([O-])OCC[N+](C)(C)C","1"
"PC(18:3(9Z,12Z,15Z)/20:1(11Z))","PC(18:3(9Z,12Z,15Z)/20:1(11Z))","HMDB0008209","52922857","C00157","CCCCCCCC/C=C\CCCCCCCCCC(=O)O[C@H](COC(=O)CCCCCCC/C=C\C/C=C\C/C=C\CC)COP(=O)([O-])OCC[N+](C)(C)C","1"
"PC(18:4(6Z,9Z,12Z,15Z)/20:0)","PC(18:4(6Z,9Z,12Z,15Z)/20:0)","HMDB0008241","52922917","C00157","CCCCCCCCCCCCCCCCCCCC(=O)O[C@H](COC(=O)CCCC/C=C\C/C=C\C/C=C\C/C=C\CC)COP(=O)([O-])OCC[N+](C)(C)C","1"
"PC(20:0/18:4(6Z,9Z,12Z,15Z))","PC(20:0/18:4(6Z,9Z,12Z,15Z))","HMDB0008273","52923071","C00157","CCCCCCCCCCCCCCCCCCCC(=O)OC[C@H](COP(=O)([O-])OCC[N+](C)(C)C)OC(=O)CCCC/C=C\C/C=C\C/C=C\C/C=C\CC","1"
"PC(20:1(11Z)/18:3(6Z,9Z,12Z))","PC(20:1(11Z)/18:3(6Z,9Z,12Z))","HMDB0008304","52923117","C00157","CCCCCCCC/C=C\CCCCCCCCCC(=O)OC[C@H](COP(=O)([O-])OCC[N+](C)(C)C)OC(=O)CCCC/C=C\C/C=C\C/C=C\CCCCC","1"
"PC(20:1(11Z)/18:3(9Z,12Z,15Z))","PC(20:1(11Z)/18:3(9Z,12Z,15Z))","HMDB0008305","52923119","C00157","CCCCCCCC/C=C\CCCCCCCCCC(=O)OC[C@H](COP(=O)([O-])OCC[N+](C)(C)C)OC(=O)CCCCCCC/C=C\C/C=C\C/C=C\CC","1"
"PC(20:2(11Z,14Z)/18:2(9Z,12Z))","PC(20:2(11Z,14Z)/18:2(9Z,12Z))","HMDB0008336","52923175","C00157","CCCCC/C=C\C/C=C\CCCCCCCCCC(=O)OC[C@H](COP(=O)([O-])OCC[N+](C)(C)C)OC(=O)CCCCCCC/C=C\C/C=C\CCCCC","1"
"PC(20:3(5Z,8Z,11Z)/18:1(11Z))","PC(20:3(5Z,8Z,11Z)/18:1(11Z))","HMDB0008367","53478955","C00157","CCCCCCCC/C=C\C/C=C\C/C=C\CCCC(=O)OC[C@H](COP(=O)([O-])OCC[N+](C)(C)C)OC(=O)CCCCCCCCC/C=C\CCCCCC","1"
"PC(20:3(5Z,8Z,11Z)/18:1(9Z))","PC(20:3(5Z,8Z,11Z)/18:1(9Z))","HMDB0008368","53478957","C00157","CCCCCCCC/C=C\CCCCCCCC(=O)O[C@H](COC(=O)CCC/C=C\C/C=C\C/C=C\CCCCCCCC)COP(=O)([O-])OCC[N+](C)(C)C","1"
"PC(20:3(8Z,11Z,14Z)/18:1(11Z))","PC(20:3(8Z,11Z,14Z)/18:1(11Z))","HMDB0008400","53479009","C00157","CCCCCC/C=C\CCCCCCCCCC(=O)O[C@H](COC(=O)CCCCCC/C=C\C/C=C\C/C=C\CCCCC)COP(=O)([O-])OCC[N+](C)(C)C","1"
"PC(20:3(8Z,11Z,14Z)/18:1(9Z))","PC(20:3(8Z,11Z,14Z)/18:1(9Z))","HMDB0008401","52923233","C00157","CCCCCCCC/C=C\CCCCCCCC(=O)O[C@H](COC(=O)CCCCCC/C=C\C/C=C\C/C=C\CCCCC)COP(=O)([O-])OCC[N+](C)(C)C","1"
"PC(20:4(5Z,8Z,11Z,14Z)/18:0)","PC(20:4(5Z,8Z,11Z,14Z)/18:0)","HMDB0008431","52923291","C00157","CCCCCCCCCCCCCCCCCC(=O)O[C@H](COC(=O)CCC/C=C\C/C=C\C/C=C\C/C=C\CCCCC)COP(=O)([O-])OCC[N+](C)(C)C","1"
"PC(20:4(8Z,11Z,14Z,17Z)/18:0)","PC(20:4(8Z,11Z,14Z,17Z)/18:0)","HMDB0008464","53479067","C00157","CCCCCCCCCCCCCCCCCC(=O)O[C@H](COC(=O)CCCCCC/C=C\C/C=C\C/C=C\C/C=C\CC)COP(=O)([O-])OCC[N+](C)(C)C","1"
"PC(22:4(7Z,10Z,13Z,16Z)/16:0)","PC(22:4(7Z,10Z,13Z,16Z)/16:0)","HMDB0008626","52923621","C00157","CCCCCCCCCCCCCCCC(=O)O[C@H](COC(=O)CCCCC/C=C\C/C=C\C/C=C\C/C=C\CCCCC)COP(=O)([O-])OCC[N+](C)(C)C","1"
