"","Total","Expected","Hits","Raw p","-log10(p)","Holm adjust","FDR","Impact"
"Valine, leucine and isoleucine degradation",40,1.8839,8,0.00037495,3.426,0.031496,0.031496,0.13641
"Glyoxylate and dicarboxylate metabolism",32,1.5071,6,0.0030302,2.5185,0.25151,0.099421,0.06349
"Valine, leucine and isoleucine biosynthesis",8,0.37677,3,0.0047343,2.3247,0.38822,0.099421,0
"Taurine and hypotaurine metabolism",8,0.37677,3,0.0047343,2.3247,0.38822,0.099421,0.71428
"Aminoacyl-tRNA biosynthesis",48,2.2606,7,0.0059913,2.2225,0.47931,0.10065,0
"Pantothenate and CoA biosynthesis",19,0.89484,3,0.056458,1.2483,1,0.77088,0.05
"Citrate cycle (TCA cycle)",20,0.94194,3,0.06424,1.1922,1,0.77088,0.18352
"Glycerophospholipid metabolism",36,1.6955,4,0.085429,1.0684,1,0.84303,0.38583
"Propanoate metabolism",23,1.0832,3,0.090325,1.0442,1,0.84303,0.22335
"D-Arginine and D-ornithine metabolism",4,0.18839,1,0.17565,0.75535,1,1,0
"Phenylalanine, tyrosine and tryptophan biosynthesis",4,0.18839,1,0.17565,0.75535,1,1,0.5
"Linoleic acid metabolism",5,0.23548,1,0.21457,0.66842,1,1,0
"Sphingolipid metabolism",21,0.98903,2,0.25988,0.58523,1,1,0.02434
"beta-Alanine metabolism",21,0.98903,2,0.25988,0.58523,1,1,0.16045
"Ascorbate and aldarate metabolism",8,0.37677,1,0.32079,0.49377,1,1,0.5
"Alanine, aspartate and glutamate metabolism",28,1.3187,2,0.38337,0.41638,1,1,0
"Phenylalanine metabolism",10,0.47097,1,0.3836,0.41612,1,1,0.35714
"alpha-Linolenic acid metabolism",13,0.61226,1,0.46722,0.33048,1,1,0
"Glycosylphosphatidylinositol (GPI)-anchor biosynthesis",14,0.65935,1,0.49252,0.30757,1,1,0.00399
"Arginine biosynthesis",14,0.65935,1,0.49252,0.30757,1,1,0.07614
"Glycerolipid metabolism",16,0.75355,1,0.53963,0.2679,1,1,0.01246
"Arginine and proline metabolism",38,1.7897,2,0.54261,0.26551,1,1,0.05786
"Pyrimidine metabolism",39,1.8368,2,0.55695,0.25419,1,1,0.03878
"Pentose and glucuronate interconversions",18,0.84774,1,0.58242,0.23477,1,1,0.125
"Tryptophan metabolism",41,1.931,2,0.58468,0.23308,1,1,0.14305
"Lysine degradation",25,1.1774,1,0.7035,0.15273,1,1,0.14085
"Folate biosynthesis",27,1.2716,1,0.73122,0.13595,1,1,0.09111
"Phosphatidylinositol signaling system",28,1.3187,1,0.7441,0.12837,1,1,0.00152
"Glutathione metabolism",28,1.3187,1,0.7441,0.12837,1,1,0.02698
"Cysteine and methionine metabolism",33,1.5542,1,0.79993,0.096951,1,1,0
"Glycine, serine and threonine metabolism",33,1.5542,1,0.79993,0.096951,1,1,0.05034
"Arachidonic acid metabolism",36,1.6955,1,0.82746,0.082254,1,1,0
"Amino sugar and nucleotide sugar metabolism",37,1.7426,1,0.83578,0.077909,1,1,0.01991
"Tyrosine metabolism",42,1.9781,1,0.8718,0.059585,1,1,0
"Primary bile acid biosynthesis",46,2.1665,1,0.8949,0.048227,1,1,0.00758
"Purine metabolism",65,3.0613,1,0.9594,0.018,1,1,0.00772
"Steroid hormone biosynthesis",85,4.0032,1,0.98528,0.0064385,1,1,0
