"Query","Match","HMDB","PubChem","KEGG","SMILES","Comment"
"Pyruvaldehyde","Pyruvaldehyde","HMDB0001167","880","C00546","CC(=O)C=O","1"
"Malondialdehyde","Malondialdehyde","HMDB0006112","10964","C19440","C(C=O)C=O","1"
"Fumaric acid","Fumaric acid","HMDB0000134","444972","C00122","C(=C/C(=O)O)\C(=O)O","1"
"Maleic acid","Maleic acid","HMDB0000176","444972","C01384","C(=C\C(=O)O)\C(=O)O","1"
"L-Malic acid","L-Malic acid","HMDB0000156","222656","C00149","C([C@@H](C(=O)O)O)C(=O)O","1"
"Malic acid","Malic acid","HMDB0000744","525","C03668","C(C(C(=O)O)O)C(=O)O","1"
"O-Phosphoethanolamine","O-Phosphoethanolamine","HMDB0000224","1015","C00346","C(COP(=O)(O)O)N","1"
"2,5-Furandicarboxylic acid","2,5-Furandicarboxylic acid","HMDB0004812","76720","C20450","C1=C(OC(=C1)C(=O)O)C(=O)O","1"
"L-Fucose","L-Fucose","HMDB0000174","25310","C01019","C[C@H]1[C@H]([C@H]([C@@H](C(O1)O)O)O)O","1"
"Rhamnose","Rhamnose","HMDB0000849","25310","C00507","C[C@H]1[C@@H]([C@H]([C@H](C(O1)O)O)O)O","1"
"1,5-Anhydrosorbitol","1,5-Anhydrosorbitol","HMDB0002712","64960","C07326","C1[C@@H]([C@H]([C@@H]([C@H](O1)CO)O)O)O","1"
"Beta-D-Fucose","Beta-D-Fucose","HMDB0003081","439650","C02095","C[C@@H]1[C@@H]([C@@H]([C@H]([C@@H](O1)O)O)O)O","1"
"L-Rhamnulose","L-Rhamnulose","HMDB0010207","439330","C00861","C[C@@H]([C@H]([C@@H](C(=O)CO)O)O)O","1"
"2-Deoxygalactopyranose","2-Deoxygalactopyranose","HMDB0012327","439804","C02781","C1[C@H]([C@H]([C@H](OC1O)CO)O)O","1"
"Galactitol","Galactitol","HMDB0000107","11850","C01697","C([C@H]([C@@H]([C@@H]([C@H](CO)O)O)O)O)O","1"
"Sorbitol","Sorbitol","HMDB0000247","5780","C00794","C([C@H]([C@H]([C@@H]([C@H](CO)O)O)O)O)O","1"
"Mannitol","Mannitol","HMDB0000765","6251","C00392","C([C@H]([C@H]([C@@H]([C@@H](CO)O)O)O)O)O","1"
"L-Iditol","L-Iditol","HMDB0011632","656655","C01507","C([C@@H]([C@H]([C@@H]([C@H](CO)O)O)O)O)O","1"
"Epinephrine","Epinephrine","HMDB0000068","5816","C00788","CNC[C@@H](C1=CC(=C(C=C1)O)O)O","1"
"Normetanephrine","Normetanephrine","HMDB0000819","1237","C05589","COC1=C(C=CC(=C1)C(CN)O)O","1"
"Methylnoradrenaline","Methylnoradrenaline","HMDB0002832","3917","C17925","CC(C(C1=CC(=C(C=C1)O)O)O)N","1"
"Mannitol 1-phosphate","Mannitol 1-phosphate","HMDB0001530","130418","C00644","C([C@H]([C@H]([C@@H]([C@@H](COP(=O)(O)O)O)O)O)O)O","1"
"Sorbitol-6-phosphate","Sorbitol-6-phosphate","HMDB0005831","618","C02810","C(C(C(C(C(COP(=O)(O)O)O)O)O)O)O","1"
"N-Acetylneuraminic acid","N-Acetylneuraminic acid","HMDB0000230","445063","C19910","CC(=O)N[C@@H]1[C@H](C[C@](O[C@H]1[C@@H]([C@@H](CO)O)O)(C(=O)O)O)O","1"
"N-Acetyl-a-neuraminic acid","N-Acetyl-a-neuraminic acid","HMDB0000773","444885","C19909","CC(=O)N[C@@H]1[C@H](C[C@@](O[C@H]1[C@@H]([C@@H](CO)O)O)(C(=O)O)O)O","1"
"N-Oleoylethanolamine","N-Oleoylethanolamine","HMDB0002088","5283454","C20792","CCCCCCCC/C=C\CCCCCCCC(=O)NCCO","1"
"Stearoylethanolamide","Stearoylethanolamide","HMDB0013078","27902",NA,"CCCCCCCCCCCCCCCCCC(=O)NCCO","1"
"N,N-Dimethylsphingosine","N,N-Dimethylsphingosine","HMDB0013645","5282309","C13914","CCCCCCCCCCCCC/C=C/[C@H]([C@H](CO)N(C)C)O","1"
"CDP-Ethanolamine","CDP-Ethanolamine","HMDB0001564","123727","C00570","C1=CN(C(=O)N=C1N)[C@H]2[C@@H]([C@@H]([C@H](O2)COP(=O)(O)OP(=O)(O)OCCN)O)O","1"
"LysoPC(15:0)","LysoPC(15:0)","HMDB0010381","24779458","C04230","CCCCCCCCCCCCCCC(=O)OC[C@H](COP(=O)([O-])OCC[N+](C)(C)C)O","1"
"LysoPE(0:0/18:0)","LysoPE(0:0/18:0)","HMDB0011129","53480667",NA,"CCCCCCCCCCCCCCCCCC(=O)O[C@H](CO)COP(=O)(O)OCCN","1"
"LysoPE(18:0/0:0)","LysoPE(18:0/0:0)","HMDB0011130","9547068","C21484","CCCCCCCCCCCCCCCCCC(=O)OC[C@H](COP(=O)(O)OCCN)O","1"
"SM(d18:1/14:0)","SM(d18:1/14:0)","HMDB0012097","11433862",NA,"CCCCCCCCCCCCC/C=C/[C@H]([C@H](COP(=O)([O-])OCC[N+](C)(C)C)NC(=O)CCCCCCCCCCCCC)O","1"
"PE(20:2(11Z,14Z)/P-18:1(11Z))","PE(20:2(11Z,14Z)/P-18:1(11Z))","HMDB0009314","53479740","C00350","CCCCCC/C=C\CCCCCCCC/C=C\O[C@H](COC(=O)CCCCCCCCC/C=C\C/C=C\CCCCC)COP(=O)(O)OCCN","1"
"PE(20:2(11Z,14Z)/P-18:1(9Z))","PE(20:2(11Z,14Z)/P-18:1(9Z))","HMDB0009315","53479741","C00350","CCCCCCCC/C=C\CCCCCC/C=C\O[C@H](COC(=O)CCCCCCCCC/C=C\C/C=C\CCCCC)COP(=O)(O)OCCN","1"
"PE(20:3(5Z,8Z,11Z)/P-18:0)","PE(20:3(5Z,8Z,11Z)/P-18:0)","HMDB0009346","53479772","C00350","CCCCCCCCCCCCCCCC/C=C\O[C@H](COC(=O)CCC/C=C\C/C=C\C/C=C\CCCCCCCC)COP(=O)(O)OCCN","1"
"PE(20:3(8Z,11Z,14Z)/P-18:0)","PE(20:3(8Z,11Z,14Z)/P-18:0)","HMDB0009379","53479784","C00350","CCCCCCCCCCCCCCCC/C=C\O[C@H](COC(=O)CCCCCC/C=C\C/C=C\C/C=C\CCCCC)COP(=O)(O)OCCN","1"
"PE(P-18:0/20:3(5Z,8Z,11Z))","PE(P-18:0/20:3(5Z,8Z,11Z))","HMDB0011383","53480854",NA,"CCCCCCCCCCCCCCCC/C=C\OC[C@H](COP(=O)(O)OCCN)OC(=O)CCC/C=C\C/C=C\C/C=C\CCCCCCCC","1"
"PE(P-18:0/20:3(8Z,11Z,14Z))","PE(P-18:0/20:3(8Z,11Z,14Z))","HMDB0011384","52925088",NA,"CCCCCCCCCCCCCCCC/C=C\OC[C@H](COP(=O)(O)OCCN)OC(=O)CCCCCC/C=C\C/C=C\C/C=C\CCCCC","1"
"PE(P-18:1(11Z)/20:2(11Z,14Z))","PE(P-18:1(11Z)/20:2(11Z,14Z))","HMDB0011415","53480875",NA,"CCCCCC/C=C\CCCCCCCC/C=C\OC[C@H](COP(=O)(O)OCCN)OC(=O)CCCCCCCCC/C=C\C/C=C\CCCCC","1"
"PE(P-18:1(9Z)/20:2(11Z,14Z))","PE(P-18:1(9Z)/20:2(11Z,14Z))","HMDB0011448","53480904",NA,"CCCCCCCC/C=C\CCCCCC/C=C\OC[C@H](COP(=O)(O)OCCN)OC(=O)CCCCCCCCC/C=C\C/C=C\CCCCC","1"
"Malonyl-CoA","Malonyl-CoA","HMDB0001175","10663","C03188","CC(C)(COP(=O)(O)OP(=O)(O)OC[C@@H]1[C@H]([C@H]([C@@H](O1)N2C=NC3=C2N=CN=C3N)O)OP(=O)(O)O)C(C(=O)NCCC(=O)NCCSC(=O)CC(=O)O)O","1"
"PIP(16:0/20:2(11Z,14Z))","PIP(16:0/20:2(11Z,14Z))","HMDB0009928","53480125","C00626","CCCCCCCCCCCCCCCC(=O)OC[C@H](COP(=O)(O)O[C@@H]1C([C@@H](C(C(C1O)O)O)OP(=O)(O)O)O)OC(=O)CCCCCCCCC/C=C\C/C=C\CCCCC","1"
"PIP(18:0/18:2(9Z,12Z))","PIP(18:0/18:2(9Z,12Z))","HMDB0009951","53480146","C00626","CCCCCCCCCCCCCCCCCC(=O)OC[C@H](COP(=O)(O)O[C@@H]1C([C@@H](C(C(C1O)O)O)OP(=O)(O)O)O)OC(=O)CCCCCCC/C=C\C/C=C\CCCCC","1"
"PIP(18:1(11Z)/18:1(11Z))","PIP(18:1(11Z)/18:1(11Z))","HMDB0009961","53480156","C00626","CCCCCC/C=C\CCCCCCCCCC(=O)OC[C@H](COP(=O)(O)O[C@@H]1C([C@@H](C(C(C1O)O)O)OP(=O)(O)O)O)OC(=O)CCCCCCCCC/C=C\CCCCCC","1"
"PIP(18:1(11Z)/18:1(9Z))","PIP(18:1(11Z)/18:1(9Z))","HMDB0009962","53480157","C00626","CCCCCCCC/C=C\CCCCCCCC(=O)O[C@H](COC(=O)CCCCCCCCC/C=C\CCCCCC)COP(=O)(O)O[C@@H]1C([C@@H](C(C(C1O)O)O)OP(=O)(O)O)O","1"
"PIP(18:1(9Z)/18:1(11Z))","PIP(18:1(9Z)/18:1(11Z))","HMDB0009973","53480168","C00626","CCCCCCCC/C=C\CCCCCCCC(=O)OC[C@H](COP(=O)(O)O[C@@H]1C([C@@H](C(C(C1O)O)O)OP(=O)(O)O)O)OC(=O)CCCCCCCCC/C=C\CCCCCC","1"
"PIP(18:1(9Z)/18:1(9Z))","PIP(18:1(9Z)/18:1(9Z))","HMDB0009974","53480169","C00626","CCCCCCCC/C=C\CCCCCCCC(=O)OC[C@H](COP(=O)(O)O[C@@H]1C([C@@H](C(C(C1O)O)O)OP(=O)(O)O)O)OC(=O)CCCCCCC/C=C\CCCCCCCC","1"
"PIP(18:2(9Z,12Z)/18:0)","PIP(18:2(9Z,12Z)/18:0)","HMDB0009984","53480178","C00626","CCCCCCCCCCCCCCCCCC(=O)O[C@H](COC(=O)CCCCCCC/C=C\C/C=C\CCCCC)COP(=O)(O)O[C@@H]1C([C@@H](C(C(C1O)O)O)OP(=O)(O)O)O","1"
"PIP(20:2(11Z,14Z)/16:0)","PIP(20:2(11Z,14Z)/16:0)","HMDB0010003","53480197","C00626","CCCCCCCCCCCCCCCC(=O)O[C@H](COC(=O)CCCCCCCCC/C=C\C/C=C\CCCCC)COP(=O)(O)O[C@@H]1C([C@@H](C(C(C1O)O)O)OP(=O)(O)O)O","1"
"Galabiosylceramide (d18:1/22:0)","Galabiosylceramide (d18:1/22:0)","HMDB0004836","20057277","C06126","CCCCCCCCCCCCCCCCCCCCCC(=O)NC(CO[C@H]1[C@@H]([C@H]([C@H]([C@H](O1)CO)O[C@@H]2[C@@H]([C@H]([C@H]([C@H](O2)CO)O)O)O)O)O)C(/C=C\CCCCCCCCCCCCC)O","1"
"Lactosylceramide (d18:1/22:0)","Lactosylceramide (d18:1/22:0)","HMDB0011594","52921641","C01290","CCCCCCCCCCCCCCCCCCCCCC(=O)N[C@@H](CO[C@H]1[C@@H]([C@H]([C@@H]([C@H](O1)CO)O[C@H]2[C@@H]([C@H]([C@H]([C@H](O2)CO)O)O)O)O)O)[C@@H](/C=C/CCCCCCCCCCCCC)O","1"
