"","Total","Expected","Hits","Raw p","-log10(p)","Holm adjust","FDR","Impact"
"Glycerophospholipid metabolism",36,0.8129,4,0.0076844,2.1144,0.64549,0.33903,0.17325
"Sphingolipid metabolism",21,0.47419,3,0.01062,1.9739,0.88146,0.33903,0.05274
"Pyruvate metabolism",22,0.49677,3,0.012108,1.9169,0.99286,0.33903,0.0622
"Tyrosine metabolism",42,0.94839,3,0.066392,1.1779,1,1,0.05177
"Fructose and mannose metabolism",20,0.45161,2,0.073002,1.1367,1,1,0.03313
"Citrate cycle (TCA cycle)",20,0.45161,2,0.073002,1.1367,1,1,0.07393
"Galactose metabolism",27,0.60968,2,0.12237,0.91233,1,1,0
"Arginine biosynthesis",14,0.31613,1,0.27466,0.5612,1,1,0
"Glycosylphosphatidylinositol (GPI)-anchor biosynthesis",14,0.31613,1,0.27466,0.5612,1,1,0.00399
"Alanine, aspartate and glutamate metabolism",28,0.63226,1,0.47545,0.3229,1,1,0.0024
"Glyoxylate and dicarboxylate metabolism",32,0.72258,1,0.5221,0.28224,1,1,0
"Glycine, serine and threonine metabolism",33,0.74516,1,0.53312,0.27317,1,1,0
"Amino sugar and nucleotide sugar metabolism",37,0.83548,1,0.57478,0.2405,1,1,0
