"Query","Match","HMDB","PubChem","KEGG","SMILES","Comment"
"Butyric acid","Butyric acid","HMDB0000039","264","C00246","CCCC(=O)O","1"
"Isobutyric acid","Isobutyric acid","HMDB0001873","6590","C02632","CC(C)C(=O)O","1"
"Acetoin","Acetoin","HMDB0003243","4068","C00466","CC(C(=O)C)O","1"
"trans-1,2-Dihydrobenzene-1,2-diol","trans-1,2-Dihydrobenzene-1,2-diol","HMDB0001164","149186","C04221","C1=C[C@H]([C@@H](C=C1)O)O","1"
"p-Hydroxyphenylacetic acid","p-Hydroxyphenylacetic acid","HMDB0000020","127","C00642","C1=CC(=CC=C1CC(=O)O)O","1"
"3-Hydroxyphenylacetic acid","3-Hydroxyphenylacetic acid","HMDB0000440","12122","C05593","C1=CC(=CC(=C1)O)CC(=O)O","1"
"Ortho-Hydroxyphenylacetic acid","Ortho-Hydroxyphenylacetic acid","HMDB0000669","11970","C05852","C1=CC=C(C(=C1)CC(=O)O)O","1"
"Mandelic acid","Mandelic acid","HMDB0000703","439616","C01984","C1=CC=C(C=C1)[C@@H](C(=O)O)O","1"
"p-Anisic acid","p-Anisic acid","HMDB0001101","7478","C02519","COC1=CC=C(C=C1)C(=O)O","1"
"3-Cresotinic acid","3-Cresotinic acid","HMDB0002390","6738","C14088","CC1=CC=CC(=C1O)C(=O)O","1"
"3,4-Dihydroxyphenylacetaldehyde","3,4-Dihydroxyphenylacetaldehyde","HMDB0003791","119219","C04043","C1=CC(=C(C=C1CC=O)O)O","1"
"4-Hydroxy-3-methylbenzoic acid","4-Hydroxy-3-methylbenzoic acid","HMDB0004815","68138","C21167","CC1=C(C=CC(=C1)C(=O)O)O","1"
"Vanillin","Vanillin","HMDB0012308","1183","C00755","COC1=C(C=CC(=C1)C=O)O","1"
"cis-4-Hydroxycyclohexylacetic acid","cis-4-Hydroxycyclohexylacetic acid","HMDB0000451","12702257",NA,"C1CC(CCC1CC(=O)O)O","1"
"trans-4-Hydroxycyclohexylacetic acid","trans-4-Hydroxycyclohexylacetic acid","HMDB0000909",NA,NA,"O[C@H]1CC[C@H](CC(O)=O)CC1","1"
"3-Oxooctanoic acid","3-Oxooctanoic acid","HMDB0010721","128859",NA,"CCCCCC(=O)CC(=O)O","1"
"Alpha-Ketooctanoic acid","Alpha-Ketooctanoic acid","HMDB0013211","67600",NA,"CCCCCCC(=O)C(=O)O","1"
"2-Methylbutyrylglycine","2-Methylbutyrylglycine","HMDB0000339","193872",NA,"CCC(C)C(=O)NCC(=O)O","1"
"Isovalerylglycine","Isovalerylglycine","HMDB0000678","546304",NA,"CC(C)CC(=O)NCC(=O)O","1"
"Valerylglycine","Valerylglycine","HMDB0000927","4737557",NA,"CCCCC(=O)NCC(=O)O","1"
"N-Acetylvaline","N-Acetylvaline","HMDB0011757","227752",NA,"CC(C)C(C(=O)O)NC(=O)C","1"
"3-Dehydrocarnitine","3-Dehydrocarnitine","HMDB0012154","6991982","C02636","C[N+](C)(C)CC(=O)CC(=O)[O-]","1"
"5-Acetamidovalerate","5-Acetamidovalerate","HMDB0012175","439903","C03087","CC(=O)NCCCCC(=O)O","1"
"3-Methyladipic acid","3-Methyladipic acid","HMDB0000555","6999745",NA,"C[C@@H](CCC(=O)O)CC(=O)O","1"
"Pimelic acid","Pimelic acid","HMDB0000857","385","C02656","C(CCC(=O)O)CCC(=O)O","1"
"3,3-Dimethylglutaric acid","3,3-Dimethylglutaric acid","HMDB0002441","20984",NA,"CC(C)(CC(=O)O)CC(=O)O","1"
"Suberic acid","Suberic acid","HMDB0000893","10457","C08278","C(CCCC(=O)O)CCC(=O)O","1"
"Ethyladipic acid","Ethyladipic acid","HMDB0002023","152459",NA,"CCC(CCCC(=O)O)C(=O)O","1"
"3-Oxodecanoic acid","3-Oxodecanoic acid","HMDB0010724","5282982",NA,"CCCCCCCC(=O)CC(=O)O","1"
"Azelaic acid","Azelaic acid","HMDB0000784","2266","C08261","C(CCCC(=O)O)CCCC(=O)O","1"
"Nonate","Nonate","HMDB0011717","16058309",NA,"CCCCC[C@@H](CC(=O)O)C(=O)O","1"
"cis-4-Decenedioic acid","cis-4-Decenedioic acid","HMDB0000603","9543671",NA,"C(CCC(=O)O)C/C=C\CCC(=O)O","1"
"cis-5-Decenedioic acid","cis-5-Decenedioic acid","HMDB0013227","7563148",NA,"C(C/C=C\CCCC(=O)O)CC(=O)O","1"
"Dodecanoic acid","Dodecanoic acid","HMDB0000638","3893","C02679","CCCCCCCCCCCC(=O)O","1"
"Capryloylglycine","Capryloylglycine","HMDB0000832","84290",NA,"CCCCCCCC(=O)NCC(=O)O","1"
"Valproylglycine","Valproylglycine","HMDB0013116","181919",NA,"CCCC(CCC)C(=O)NCC(=O)O","1"
"Sebacic acid","Sebacic acid","HMDB0000792","5192","C08277","C(CCCCC(=O)O)CCCC(=O)O","1"
"Tridecanoic acid","Tridecanoic acid","HMDB0000910","656741","C17076","CCCCCCCCCCCCC(=O)O","1"
"Undecanedioic acid","Undecanedioic acid","HMDB0000888","15816",NA,"C(CCCCC(=O)O)CCCCC(=O)O","1"
"Gamma-glutamyl-L-putrescine","Gamma-glutamyl-L-putrescine","HMDB0012230","20841830","C15699","C(CCNC(=O)CC[C@@H](C(=O)O)N)CN","1"
"Monoisobutyl phthalic acid","Monoisobutyl phthalic acid","HMDB0002056","92272",NA,"CC(C)COC(=O)C1=CC=CC=C1C(=O)O","1"
"Monobutylphthalate","Monobutylphthalate","HMDB0013247","8575",NA,"CCCCOC(=O)C1=CC=CC=C1C(=O)O","1"
"5,8-Tetradecadienoic acid","5,8-Tetradecadienoic acid","HMDB0000560","5312409",NA,"CCCCC/C=C\C/C=C\CCCC(=O)O","1"
"5-Tetradecenoic acid","5-Tetradecenoic acid","HMDB0000499","5282740",NA,"CCCCCCCC/C=C/CCCC(=O)O","1"
"5Z-Tetradecenoic acid","5Z-Tetradecenoic acid","HMDB0000521","5312400",NA,"CCCCCCCC/C=C\CCCC(=O)O","1"
"Myristoleic acid","Myristoleic acid","HMDB0002000","5281119","C08322","CCCC/C=C\CCCCCCCC(=O)O","1"
"Tsuzuic acid","Tsuzuic acid","HMDB0005051","5312399",NA,"CCCCCCCCC/C=C\CCC(=O)O","1"
"trans-Tetra-dec-2-enoic acid","trans-Tetra-dec-2-enoic acid","HMDB0010732","5282738",NA,"CCCCCCCCCCC/C=C/C(=O)O","1"
"Traumatic acid","Traumatic acid","HMDB0000933","5283028","C16308","C(CCCCC(=O)O)CCC/C=C/C(=O)O","1"
"Dodecanedioic acid","Dodecanedioic acid","HMDB0000623","12736","C02678","C(CCCCCC(=O)O)CCCCC(=O)O","1"
"3-Oxotetradecanoic acid","3-Oxotetradecanoic acid","HMDB0010730","454064",NA,"CCCCCCCCCCCC(=O)CC(=O)O","1"
"Pentadecanoic acid","Pentadecanoic acid","HMDB0000826","13849","C16537","CCCCCCCCCCCCCCC(=O)O","1"
"1,11-Undecanedicarboxylic acid","1,11-Undecanedicarboxylic acid","HMDB0002327","10458",NA,"C(CCCCCC(=O)O)CCCCCC(=O)O","1"
"Histidylproline diketopiperazine","Histidylproline diketopiperazine","HMDB0002053","65137",NA,"C1CCN2[C@@H](C1)C(=O)N[C@H](C2=O)CC3=CN=CN3","1"
"Gamma-CEHC","Gamma-CEHC","HMDB0001931","15887183",NA,"CC1=C(C2=C(CCC(O2)(C)CCC(=O)O)C=C1)C","1"
"2-Hexenoylcarnitine","2-Hexenoylcarnitine","HMDB0013161","53481638",NA,"CCC/C=C/C(=O)OC(CC(=O)[O-])C[N+](C)(C)C","1"
"3-Oxohexadecanoic acid","3-Oxohexadecanoic acid","HMDB0010733","5282997",NA,"CCCCCCCCCCCCCC(=O)CC(=O)O","1"
"Heptadecanoic acid","Heptadecanoic acid","HMDB0002259","10465",NA,"CCCCCCCCCCCCCCCCC(=O)O","1"
"Estradiol","Estradiol","HMDB0000151","5757","C00951","C[C@]12CC[C@H]3[C@H]([C@@H]1CC[C@@H]2O)CCC4=C3C=CC(=C4)O","1"
"17a-Estradiol","17a-Estradiol","HMDB0000429","68570","C02537","C[C@]12CC[C@H]3[C@H]([C@@H]1CC[C@H]2O)CCC4=C3C=CC(=C4)O","1"
"Epsilon-(gamma-Glutamyl)-lysine","Epsilon-(gamma-Glutamyl)-lysine","HMDB0003869","7015685",NA,"C(CCNC(=O)CC[C@@H](C(=O)[O-])[NH3+])C[C@@H](C(=O)[O-])[NH3+]","1"
"L-a-glutamyl-L-Lysine","L-a-glutamyl-L-Lysine","HMDB04207","7015703","C04700","C(CC[NH3+])C[C@@H](C(=O)[O-])NC(=O)[C@H](CCC(=O)[O-])[NH3+]","1"
"Fumarycarnitine","Fumarycarnitine","HMDB0013134","53481630",NA,"C[N+](C)(C)C[C@H](CC(=O)[O-])OC(=O)/C=C/C(=O)O","1"
"Boldione","Boldione","HMDB0003422","13472","C20144","C[C@]12CC[C@H]3[C@H]([C@@H]1CCC2=O)CCC4=CC(=O)C=C[C@]34C","1"
"Myristoylglycine","Myristoylglycine","HMDB0013250","72348",NA,"CCCCCCCCCCCCCC(=O)NCC(=O)O","1"
"Hexadecanedioic acid","Hexadecanedioic acid","HMDB0000672","10459","C19615","C(CCCCCCCC(=O)O)CCCCCCC(=O)O","1"
"13-OxoODE","13-OxoODE","HMDB0004668","6446027","C14765","CCCCCC(=O)/C=C/C=C\CCCCCCCC(=O)O","1"
"9-OxoODE","9-OxoODE","HMDB0004669","9839084","C14766","CCCCC/C=C\C=C\C(=O)CCCCCCCC(=O)O","1"
"A-12(13)-EpODE","A-12(13)-EpODE","HMDB0010200","16061061",NA,"CC/C=C\CC1C(O1)C/C=C\CCCCCCCC(=O)O","1"
"13-HOTE","13-HOTE","HMDB0010203","10469728",NA,"CC/C=C\CC(/C=C/C=C\CCCCCCCC(=O)O)O","1"
"15(16)-EpODE","15(16)-EpODE","HMDB0010206","16061062",NA,"CCC1C(O1)C/C=C\C/C=C\CCCCCCCC(=O)O","1"
"9(10)-EpODE","9(10)-EpODE","HMDB0010220","16061060",NA,"CC/C=C\C/C=C\CC1C(O1)CCCCCCCC(=O)O","1"
"9-HOTE","9-HOTE","HMDB0010224","53480359",NA,"CC/C=C\CC/C=C/C=C(\CCCCCCCC(=O)O)/O","1"
"17-Hydroxylinolenic acid","17-Hydroxylinolenic acid","HMDB0011108","10708957","C16346","CC(/C=C\C/C=C\C/C=C\CCCCCCCC(=O)O)O","1"
"13S-hydroxyoctadecadienoic acid","13S-hydroxyoctadecadienoic acid","HMDB0004667","6443013","C14762","CCCCC[C@@H](/C=C/C=C\CCCCCCCC(=O)O)O","1"
"Alpha-dimorphecolic","Alpha-dimorphecolic acid","HMDB0004670","5312830","C14767","CCCCC/C=C\C=C\[C@H](CCCCCCCC(=O)O)O","1"
"9,10-Epoxyoctadecenoic acid","9,10-Epoxyoctadecenoic acid","HMDB0004701","6246154","C14825","CCCCC/C=C\CC1C(O1)CCCCCCCC(=O)O","1"
"12,13-EpOME","12,13-EpOME","HMDB0004702","5356421","C14826","CCCCCC1C(O1)C/C=C\CCCCCCCC(=O)O","1"
"9-HODE","9-HODE","HMDB0010223","5282945",NA,"CCCCC/C=C/C=C/C(CCCCCCCC(=O)O)O","1"
"7C-aglycone","7C-aglycone","HMDB0004808","20348793",NA,"CC1=C(C(=O)C2=CC=CC=C2C1=O)C/C=C(/C)\CCC(=O)O","1"
"Enterolactone","Enterolactone","HMDB0006101","123917","C18165","C1C(C(C(=O)O1)CC2=CC(=CC=C2)O)CC3=CC(=CC=C3)O","1"
"6-Ketoestriol","6-Ketoestriol","HMDB0000530","11876959",NA,"C[C@]12CC[C@H]3[C@H]([C@@H]1C[C@H]([C@@H]2O)O)CC(=O)C4=C3C=CC(=C4)O","1"
"Enterodiol","Enterodiol","HMDB0005056","115089","C18166","C1=CC(=CC(=C1)O)C[C@@H](CO)[C@@H](CC2=CC(=CC=C2)O)CO","1"
"Nordihydroguaiaretate","Nordihydroguaiaretate","HMDB0012270","688035","C10719","C[C@@H](CC1=CC(=C(C=C1)O)O)[C@@H](C)CC2=CC(=C(C=C2)O)O","1"
"3a,16b-Dihydroxyandrostenone","3a,16b-Dihydroxyandrostenone","HMDB0000309",NA,NA,"[H][C@@]12C[C@H](O)C[C@@]1(C)CC[C@@]1([H])[C@@]2([H])CCC2CC(O)=CC(=O)[C@]12C","1"
"16-Oxoandrostenediol","16-Oxoandrostenediol","HMDB0000322","53477682",NA,"C[C@]12CCC3C(C1CC(=O)[C@@H]2O)CC=C4[C@@]3(CC[C@@H](C4)O)C","1"
"3a,16a-Dihydroxyandrostenone","3a,16a-Dihydroxyandrostenone","HMDB0000324",NA,NA,"[H][C@@]12C[C@@H](O)C[C@@]1(C)CC[C@@]1([H])[C@@]2([H])CCC2CC(O)=CC(=O)[C@]12C","1"
"16a-Hydroxydehydroisoandrosterone","16a-Hydroxydehydroisoandrosterone","HMDB0000352","102030","C05139","C[C@]12CC[C@@H](CC1=CC[C@@H]3[C@@H]2CC[C@]4([C@H]3C[C@H](C4=O)O)C)O","1"
"3a,16-Dihydroxyandrostenone","3a,16-Dihydroxyandrostenone","HMDB0000388",NA,NA,"[H][C@@]12CC(O)C[C@@]1(C)CC[C@@]1([H])[C@@]2([H])CCC2CC(O)=CC(=O)[C@]12C","1"
"7a-Hydroxytestosterone","7a-Hydroxytestosterone","HMDB0003956","53477776","C05291","C[C@]12CCC3C(C1CC[C@@H]2O)CCC4=C(C(=O)CC[C@]34C)O","1"
"7a-Hydroxydehydroepiandrosterone","7a-Hydroxydehydroepiandrosterone","HMDB0004611","65517","C18045","C[C@]12CC[C@H]3[C@H]([C@@H]1CCC2=O)[C@@H](C=C4[C@@]3(CC[C@@H](C4)O)C)O","1"
"7b-Hydroxydehydroepiandrosterone","7b-Hydroxydehydroepiandrosterone","HMDB0004624","9817954",NA,"C[C@]12CC[C@H]3[C@H]([C@@H]1CCC2=O)[C@H](C=C4[C@@]3(CC[C@@H](C4)O)C)O","1"
"11-Ketoetiocholanolone","11-Ketoetiocholanolone","HMDB0006031","101850","C14552","C[C@]12CC[C@H](C[C@H]1CC[C@@H]3[C@@H]2C(=O)C[C@]4([C@H]3CCC4=O)C)O","1"
"6beta-Hydroxytestosterone","6beta-Hydroxytestosterone","HMDB0006259","65543","C14497","C[C@]12CC[C@H]3[C@H]([C@@H]1CC[C@@H]2O)C[C@H](C4=CC(=O)CC[C@]34C)O","1"
"19-Hydroxytestosterone","19-Hydroxytestosterone","HMDB0006769","16395893","C05579","C[C@]12CCC3[C@H](C1CC[C@@H]2O)CCC4=CC(=O)CC[C@]34CO","1"
"11beta-Hydroxytestosterone","11beta-Hydroxytestosterone","HMDB0012533","9817955",NA,"C[C@]12CCC(=O)C=C1CCC3C2[C@H](C[C@]4(C3CC[C@@H]4O)C)O","1"
"2beta-Hydroxytestosterone","2beta-Hydroxytestosterone","HMDB0012654","53481514","C00550","C[C@]12CCC3C(C1CC[C@@H]2O)CCC4=CC(=O)[C@H](C[C@]34C)O","1"
"16b-Hydroxyestrone","16b-Hydroxyestrone","HMDB0000313","22833517","C05300","C[C@]12CC[C@H]3[C@H]([C@@H]1C[C@@H](C2=O)O)CCC4=C3C=CC(=C4)O","1"
"16a-Hydroxyestrone","16a-Hydroxyestrone","HMDB0000335","115116","C05300","C[C@]12CC[C@H]3[C@H]([C@@H]1C[C@H](C2=O)O)CCC4=C3C=CC(=C4)O","1"
"2-Hydroxyestrone","2-Hydroxyestrone","HMDB0000343","440623","C05298","C[C@]12CC[C@H]3[C@H]([C@@H]1CCC2=O)CCC4=CC(=C(C=C34)O)O","1"
"16-Ketoestradiol","16-Ketoestradiol","HMDB0000406","66417","C14383","C[C@]12CC[C@H]3[C@H]([C@@H]1CC(=O)[C@@H]2O)CCC4=C3C=CC(=C4)O","1"
"4-Hydroxyestrone","4-Hydroxyestrone","HMDB0005895","53477797",NA,"C[C@@]12CCC3C(C1CCC2=O)CCC4=C3C=CC(=C4O)O","1"
"N-Acetylneuraminic acid","N-Acetylneuraminic acid","HMDB0000230","445063","C19910","CC(=O)N[C@@H]1[C@H](C[C@](O[C@H]1[C@@H]([C@@H](CO)O)O)(C(=O)O)O)O","1"
"N-Acetyl-a-neuraminic acid","N-Acetyl-a-neuraminic acid","HMDB0000773","444885","C19909","CC(=O)N[C@@H]1[C@H](C[C@@](O[C@H]1[C@@H]([C@@H](CO)O)O)(C(=O)O)O)O","1"
"12(13)Ep-9-KODE","12(13)Ep-9-KODE","HMDB0013623","5283007",NA,"CCCCCC1C(O1)/C=C/C(=O)CCCCCCCC(=O)O","1"
"Octadecanedioic acid","Octadecanedioic acid","HMDB0000782","70095",NA,"C(CCCCCCCCC(=O)O)CCCCCCCC(=O)O","1"
"9,10-DHOME","9,10-DHOME","HMDB0004704","9966640","C14828","CCCCC/C=C\CC(C(CCCCCCCC(=O)O)O)O","1"
"12,13-DHOME","12,13-DHOME","HMDB0004705","10236635","C14829","CCCCCC(C(C/C=C\CCCCCCCC(=O)O)O)O","1"
"Ubiquinone Q2","Ubiquinone-2","HMDB0006709","5280346","C00399","CC1=C(C(=O)C(=C(C1=O)OC)OC)C/C=C(\C)/CCC=C(C)C","1"
"5,6-Epoxy-8,11,14-eicosatrienoic acid","5,6-Epoxy-8,11,14-eicosatrienoic acid","HMDB0002190","5283202","C14768","CCCCC/C=C\C/C=C\C/C=C\CC1C(O1)CCCC(=O)O","1"
"8,9-Epoxyeicosatrienoic acid","8,9-Epoxyeicosatrienoic acid","HMDB0002232","5283203","C14769","CCCCC/C=C\C/C=C\CC1C(O1)C/C=C\CCCC(=O)O","1"
"14R,15S-EpETrE","14R,15S-EpETrE","HMDB0002283","5283201",NA,"CCCCC[C@H]1[C@H](O1)C/C=C\C/C=C\C/C=C\CCCC(=O)O","1"
"Hydroxyeicosatetraenoic acid","NA","NA","NA","NA","NA","0"
"15(S)-HETE","15(S)-HETE","HMDB0003876","9966861","C04742","CCCCC[C@@H](/C=C/C=C\C/C=C\C/C=C\CCCC(=O)O)O","1"
"14,15-Epoxy-5,8,11-eicosatrienoic acid","14,15-Epoxy-5,8,11-eicosatrienoic acid","HMDB0004264","5283205","C14771","CCCCCC1C(O1)C/C=C\C/C=C\C/C=C\CCCC(=O)O","1"
"11,12-Epoxyeicosatrienoic acid","11,12-Epoxyeicosatrienoic acid","HMDB0004673","5353269","C14770","CCCCC/C=C/CC1C(O1)C/C=C/C/C=C/CCCC(=O)O","1"
"8-HETE","8-HETE","HMDB0004679","5283154","C14776","CCCCC/C=C\C/C=C\C=C\[C@H](C/C=C\CCCC(=O)O)O","1"
"16(R)-HETE","16(R)-HETE","HMDB0004680","9548884","C14778","CCCC[C@H](/C=C\C/C=C\C/C=C\C/C=C\CCCC(=O)O)O","1"
"11(R)-HETE","11(R)-HETE","HMDB0004682","5312981","C14780","CCCCC/C=C\C=C/[C@@H](C/C=C\C/C=C/CCCC(=O)O)O","1"
"20-Hydroxyeicosatetraenoic acid","20-Hydroxyeicosatetraenoic acid","HMDB0005998","5283157","C14748","C(CC/C=C\C/C=C\C/C=C\C/C=C\CCCC(=O)O)CCO","1"
"12-HETE","12-HETE","HMDB0006111","5312983","C14777","CCCCC/C=C\CC(/C=C\C=C/C/C=C/CCCC(=O)O)O","1"
"18-Hydroxyarachidonic acid","18-Hydroxyarachidonic acid","HMDB0006245","11141754",NA,"CC[C@H](CC/C=C\C/C=C\C/C=C\C/C=C\CCCC(=O)O)O","1"
"9-HETE","9-HETE","HMDB0010222","5312978",NA,"CCCCC/C=C\C/C=C\CC(/C=C\C=C\CCCC(=O)O)O","1"
"11,12-EpETrE","11,12-EpETrE","HMDB0010409","5353269","C14770","CCCCC/C=C/CC1C(O1)C/C=C\C/C=C/CCCC(=O)O","1"
"5-HETE","5-HETE","HMDB0011134","5280733","C04805","CCCCC/C=C\C/C=C\C/C=C\C=C\[C@H](CCCC(=O)O)O","1"
"19(S)-HETE","19(S)-HETE","HMDB0011136","9548883","C14749","C[C@@H](CCC/C=C\C/C=C\C/C=C\C/C=C\CCCC(=O)O)O","1"
"3a,20b-Pregnanediol","3a,20b-Pregnanediol","HMDB0002156","120059",NA,"C[C@@H]([C@H]1CC[C@@H]2[C@@]1(CC[C@H]3[C@H]2CCC4[C@@]3(CC[C@H](C4)O)C)C)O","1"
"Pregnanediol","Pregnanediol","HMDB0004025","3032822","C05484","CC[C@H]1CC[C@@H]2[C@@]1(CC[C@H]3[C@H]2CCC4[C@@]3(CCC(C4)(O)O)C)C","1"
"7a,17-dimethyl-5b-Androstane-3a,17b-diol","7a,17-dimethyl-5b-Androstane-3a,17b-diol","HMDB0006013","15706076",NA,"C[C@@H]1C[C@@H]2C[C@@H](CC[C@@]2([C@@H]3[C@@H]1[C@@H]4CC[C@]([C@]4(CC3)C)(C)O)C)O","1"
"15(S)-Hydroxyeicosatrienoic acid","15(S)-Hydroxyeicosatrienoic acid","HMDB0005045","5283145","C00861","CCCCC[C@@H](/C=C/C=C\C/C=C\CCCCCCC(=O)O)O","1"
"N-Glycolylneuraminic acid","N-Glycolylneuraminic acid","HMDB0000833","16738688","C03410","C1[C@@H]([C@H]([C@@H](O[C@@]1(C(=O)O)O)[C@@H]([C@@H](CO)O)O)NC(=O)CO)O","1"
"Stearoylethanolamide","Stearoylethanolamide","HMDB0013078","27902",NA,"CCCCCCCCCCCCCCCCCC(=O)NCCO","1"
"N,N-Dimethylsphingosine","N,N-Dimethylsphingosine","HMDB0013645","5282309","C13914","CCCCCCCCCCCCC/C=C/[C@H]([C@H](CO)N(C)C)O","1"
"9,12,13-TriHOME","9,12,13-TriHOME","HMDB0004708","9858729","C14833","CCCCC[C@@H]([C@H](/C=C/[C@H](CCCCCCCC(=O)O)O)O)O","1"
"9,10,13-TriHOME","9,10,13-TriHOME","HMDB0004710","14968868","C14835","CCCCC[C@@H](/C=C/[C@H]([C@H](CCCCCCCC(=O)O)O)O)O","1"
"16-Dehydroprogesterone","16-Dehydroprogesterone","HMDB0000995","101964","C03207","CC(=O)C1=CC[C@@H]2[C@@]1(CC[C@H]3[C@H]2CCC4=CC(=O)CC[C@]34C)C","1"
"Tetrahydrogestrinone","Tetrahydrogestrinone","HMDB0004626","6857686",NA,"CC[C@@]1(CC[C@@H]2[C@@]1(C=CC3=C4CCC(=O)C=C4CC[C@@H]23)CC)O","1"
"Tetrahydrodeoxycorticosterone","Tetrahydrodeoxycorticosterone","HMDB0000879","101771","C13713","C[C@]12CC[C@H](C[C@@H]1CC[C@@H]3[C@@H]2CC[C@]4([C@H]3CC[C@@H]4C(=O)CO)C)O","1"
"trans-2-Dodecenoylcarnitine","trans-2-Dodecenoylcarnitine","HMDB0013326","53481671",NA,"CCCCCCCCC/C=C/C(=O)O[C@@H](CCC(=O)[O-])[N+](C)(C)C","1"
"3b,15b,17a-Trihydroxy-pregnenone","3b,15b,17a-Trihydroxy-pregnenone","HMDB0000353",NA,NA,"[H][C@@]12[C@H](O)C[C@](O)(CC)[C@@]1(C)CC[C@@]1([H])[C@@]2([H])CCC2CC(O)=CC(=O)[C@]12C","1"
"3b,17a,21-Trihydroxypregnenone","NA","NA","NA","NA","NA","0"
"3a,21-Dihydroxy-5b-pregnane-11,20-dione","3a,21-Dihydroxy-5b-pregnane-11,20-dione","HMDB0006755","44263347","C05478","C[C@]12CC[C@H](C[C@H]1CC[C@@H]3[C@@H]2C(=O)C[C@]4([C@H]3CCC4C(=O)CO)C)O","1"
"11b,21-Dihydroxy-5b-pregnane-3,20-dione","11b,21-Dihydroxy-5b-pregnane-3,20-dione","HMDB0006757","7835","C05475","C[C@]12CCC(=O)C[C@H]1CC[C@@H]3[C@@H]2[C@H](C[C@]4([C@H]3CCC4C(=O)CO)C)O","1"
"17a,21-Dihydroxypreg-nenolone","17a,21-Dihydroxypreg-nenolone","HMDB06762","192735","C05487","C[C@]12CC[C@@H](CC1=CC[C@@H]3[C@@H]2CC[C@]4([C@H]3CC[C@@]4(C(=O)CO)O)C)O","1"
"Carnosol","Carnosol","HMDB0002121","442009","C09069","CC(C)C1=C(C(=C2C(=C1)[C@@H]3C[C@@H]4[C@@]2(CCCC4(C)C)C(=O)O3)O)O","1"
"8-iso-15-keto-PGE2","8-iso-15-keto-PGE2","HMDB0002341","53477750",NA,"CCCCCC(=O)/C=C/[C@@H]1[C@@H](C(=O)CC1O)C/C=C\CCCC(=O)O","1"
"Prostaglandin E3","Prostaglandin E3","HMDB0002664","5280937","C06439","CC/C=C\C[C@@H](/C=C/[C@H]1[C@@H](CC(=O)[C@@H]1C/C=C\CCCC(=O)O)O)O","1"
"Prostaglandin D3","Prostaglandin D3","HMDB0003034","5282260","C13802","CC/C=C\C[C@@H](/C=C/[C@@H]1[C@H]([C@H](CC1=O)O)C/C=C\CCCC(=O)O)O","1"
"15-Keto-prostaglandin E2","15-Keto-prostaglandin E2","HMDB0003175","5280719","C04707","CCCCCC(=O)/C=C/[C@H]1[C@@H](CC(=O)[C@@H]1C/C=C\CCCC(=O)O)O","1"
"Resolvin E1","Resolvin E1","HMDB0010410","25063347",NA,"CCC(/C=C/C=C\CC(/C=C/C=C/C=C\C(CCCC(=O)O)O)O)O","1"
"Prostaglandin E2","Prostaglandin E2","HMDB0001220","5283116","C00584","CCCCC[C@@H](/C=C/[C@H]1[C@@H](CC(=O)[C@@H]1C/C=C\CCCC(=O)O)O)O","1"
"(13E)-11a-Hydroxy-9,15-dioxoprost-13-enoic acid","(13E)-11a-Hydroxy-9,15-dioxoprost-13-enoic acid","HMDB0001320","5280710","C04654","CCCCCC(=O)/C=C/[C@H]1[C@@H](CC(=O)[C@@H]1CCCCCCC(=O)O)O","1"
"Prostaglandin I2","Prostaglandin I2","HMDB0001335","5282411","C01312","CCCCC[C@@H](/C=C/[C@H]1[C@@H](C[C@H]2[C@@H]1C/C(=C/CCCC(=O)O)/O2)O)O","1"
"Prostaglandin H2","Prostaglandin H2","HMDB0001381","445049","C00427","CCCCC[C@@H](/C=C/[C@H]1[C@H]2C[C@@H]([C@@H]1C/C=C\CCCC(=O)O)OO2)O","1"
"Prostaglandin D2","Prostaglandin D2","HMDB0001403","448457","C00696","CCCCC[C@@H](/C=C/[C@@H]1[C@H]([C@H](CC1=O)O)C/C=C\CCCC(=O)O)O","1"
"Thromboxane A2","Thromboxane A2","HMDB0001452","5280497","C02198","CCCCC[C@@H](/C=C/[C@@H]1[C@H]([C@@H]2C[C@@H](O2)O1)C/C=C\CCCC(=O)O)O","1"
"20-Hydroxy-leukotriene B4","20-Hydroxy-leukotriene B4","HMDB0001509","5280745","C04853","C(CC/C=C\C[C@H](/C=C/C=C/C=C\[C@H](CCCC(=O)O)O)O)CCO","1"
"Prostaglandin F3a","Prostaglandin F3a","HMDB0002122","5280940","C06476","CC/C=C\C[C@@H](/C=C/[C@H]1[C@@H](C[C@@H]([C@@H]1C/C=C\CCCC(=O)O)O)O)O","1"
"8-iso-PGF3a","8-iso-PGF3a","HMDB0002132","5283217",NA,"CC/C=C\C[C@@H](/C=C/[C@H]1[C@@H](C[C@@H]([C@H]1C/C=C\CCCC(=O)O)O)O)O","1"
"Levuglandin E2","Levuglandin E2","HMDB0002363","5771742","C13807","CCCCC[C@@H](/C=C/[C@@H](C=O)[C@H](C/C=C\CCCC(=O)O)C(=O)C)O","1"
"Levuglandin D2","Levuglandin D2","HMDB0002400","9548876","C13808","CCCCC[C@@H](/C=C/[C@H]([C@@H](C/C=C\CCCC(=O)O)C=O)C(=O)C)O","1"
"13,14-Dihydro-15-keto-PGE2","13,14-Dihydro-15-keto-PGE2","HMDB0002776","5280711","C04671","CCCCCC(=O)CC[C@H]1[C@@H](CC(=O)[C@@H]1C/C=C\CCCC(=O)O)O","1"
"15-Keto-prostaglandin F2a","15-Keto-prostaglandin F2a","HMDB0004240","5280887","C05960","CCCCCC(=O)/C=C/[C@H]1[C@@H](C[C@@H]([C@@H]1C/C=C\CCCC(=O)O)O)O","1"
"Lipoxin A4","Lipoxin A4","HMDB0004385","9841438","C06314","CCCCC[C@@H](/C=C/C=C\C=C\C=C\[C@H]([C@H](CCCC(=O)O)O)O)O","1"
"8-iso-15-keto-PGF2a","8-iso-15-keto-PGF2a","HMDB0005077","5283215",NA,"CCCCCC(=O)/C=C/[C@H]1[C@@H](C[C@@H]([C@H]1C/C=C\CCCC(=O)O)O)O","1"
"Lipoxin B4","Lipoxin B4","HMDB0005082","5280915","C06315","CCCCC[C@@H]([C@@H](/C=C/C=C/C=C\C=C\[C@H](CCCC(=O)O)O)O)O","1"
"8-isoprostaglandin E2","8-isoprostaglandin E2","HMDB0005844","5283213",NA,"CCCCC[C@@H](/C=C/[C@H]1[C@@H](CC(=O)[C@H]1C/C=C\CCCC(=O)O)O)O","1"
"(5Z)-(15S)-11alpha-Hydroxy-9,15-dioxoprostanoate","(5Z)-(15S)-11alpha-Hydroxy-9,15-dioxoprostanoate","HMDB0012481","53481436","C04671","CCCCCC(=O)CC[C@@H]1[C@H](CC(=O)[C@H]1C/C=C\CCCC(=O)O)O","1"
"MG(0:0/18:3(6Z,9Z,12Z)/0:0)","MG(0:0/18:3(6Z,9Z,12Z)/0:0)","HMDB0011539","11646044",NA,"CCCCC/C=C\C/C=C\C/C=C\CCCCC(=O)OC(CO)CO","1"
"MG(0:0/18:3(9Z,12Z,15Z)/0:0)","MG(0:0/18:3(9Z,12Z,15Z)/0:0)","HMDB0011540","11674746",NA,"CC/C=C\C/C=C\C/C=C\CCCCCCCC(=O)OC(CO)CO","1"
"MG(18:3(6Z,9Z,12Z)/0:0/0:0)","MG(18:3(6Z,9Z,12Z)/0:0/0:0)","HMDB0011569","53480978",NA,"CCCCC/C=C\C/C=C\C/C=C\CCCCC(=O)OC[C@H](CO)O","1"
"MG(18:3(9Z,12Z,15Z)/0:0/0:0)","MG(18:3(9Z,12Z,15Z)/0:0/0:0)","HMDB0011570","53480979",NA,"CC/C=C\C/C=C\C/C=C\CCCCCCCC(=O)OC[C@H](CO)O","1"
"Biflorin","Biflorin","HMDB0002336","441959","C08996","CC1=CC(=O)C2=C(C(=C(C=C2O1)O)[C@H]3[C@@H]([C@H]([C@@H]([C@H](O3)CO)O)O)O)O","1"
"Chlorogenic acid","Chlorogenic acid","HMDB0003164","1794427","C00852","C1[C@H]([C@H]([C@@H](C[C@@]1(C(=O)O)O)OC(=O)/C=C/C2=CC(=C(C=C2)O)O)O)O","1"
"Prostaglandin F2a","Prostaglandin F2a","HMDB0001139","5283078","C00639","CCCCC[C@@H](/C=C/[C@H]1[C@@H](C[C@@H]([C@@H]1C/C=C/CCCC(=O)O)O)O)O","1"
"Prostaglandin E1","Prostaglandin E1","HMDB0001442","5280723","C04741","CCCCC[C@@H](/C=C/[C@H]1[C@@H](CC(=O)[C@@H]1CCCCCCC(=O)O)O)O","1"
"Prostaglandin F2b","Prostaglandin F2b","HMDB0001483","5280506","C02314","CCCCC[C@@H](/C=C/[C@H]1[C@@H](C[C@H]([C@@H]1C/C=C\CCCC(=O)O)O)O)O","1"
"Troxilin B3","Troxilin B3","HMDB0001965","5283210","C14811","CCCCC/C=C\C[C@H]([C@@H](C(/C=C\C/C=C\CCCC(=O)O)O)O)O","1"
"Trioxilin A3","Trioxilin A3","HMDB0001977","5283208","C14809","CCCCC/C=C\C[C@@H]([C@@H](/C=C/C(C/C=C\CCCC(=O)O)O)O)O","1"
"8-isoprostaglandin PGF2b","8-isoprostaglandin PGF2b","HMDB0002115","5283216",NA,"CCCCC[C@@H](/C=C/[C@H]1[C@@H](C[C@H]([C@H]1C/C=C\CCCC(=O)O)O)O)O","1"
"11,12,15-THETA","11,12,15-THETA","HMDB0004684","11954043","C14782","CCCCC[C@@H](/C=C/C(C(C/C=C\C/C=C\CCCC(=O)O)O)O)O","1"
"13,14-Dihydro-15-keto PGF2a","13,14-Dihydro-15-keto PGF2a","HMDB0004685","5283039",NA,"CCCCCC(=O)CC[C@H]1[C@@H](C[C@@H]([C@@H]1C/C=C\CCCC(=O)O)O)O","1"
"8-Isoprostaglandin E1","8-Isoprostaglandin E1","HMDB0004686","5283212",NA,"CCCCC[C@@H](/C=C/[C@H]1[C@@H](CC(=O)[C@H]1CCCCCCC(=O)O)O)O","1"
"11,14,15-THETA","11,14,15-THETA","HMDB0004694","11954059","C14814","CCCCCC(C(/C=C/C(C/C=C\C/C=C\CCCC(=O)O)O)O)O","1"
"8-Isoprostaglandin F2a","8-Isoprostaglandin F2a","HMDB0005083","5282263","C13809","CCCCC[C@@H](/C=C/[C@H]1[C@@H](C[C@@H]([C@H]1C/C=C\CCCC(=O)O)O)O)O","1"
"Prostaglandin D1","Prostaglandin D1","HMDB0005102","5280936","C06438","CCCCC[C@@H](/C=C/[C@@H]1[C@H]([C@H](CC1=O)O)CCCCCCC(=O)O)O","1"
"8-iso-13,14-dihydro-15-keto-PGF2a","8-iso-13,14-dihydro-15-keto-PGF2a","HMDB0006562","5283214",NA,"CCCCCC(=O)CC[C@H]1[C@@H](C[C@@H]([C@H]1C/C=C\CCCC(=O)O)O)O","1"
"11,12,15-TriHETRE","11,12,15-TriHETRE","HMDB0010170","53480356",NA,"CCCCCC(/C=C/C(=C(\C/C=C/CCCCCCC(=O)O)/O)/O)O","1"
"11b-PGF2a","11b-PGF2a","HMDB0010199","5280886","C05959","CCCCC[C@@H](/C=C/[C@H]1[C@H](C[C@@H]([C@@H]1C/C=C\CCCC(=O)O)O)O)O","1"
"11-Epi-PGF2a","11-Epi-PGF2a","HMDB0011137","53480669","C05959","CCCCC[C@@H](/C=C/[C@H]1[C@H](CC(C1C/C=C\CCCC(=O)O)O)O)O","1"
"MG(0:0/18:2(9Z,12Z)/0:0)","MG(0:0/18:2(9Z,12Z)/0:0)","HMDB0011538","5365676",NA,"CCCCC/C=C\C/C=C\CCCCCCCC(=O)OC(CO)CO","1"
"MG(18:2(9Z,12Z)/0:0/0:0)","MG(18:2(9Z,12Z)/0:0/0:0)","HMDB0011568","6436630",NA,"CCCCC/C=C\C/C=C\CCCCCCCC(=O)OC[C@H](CO)O","1"
"Tricosanoic acid","Tricosanoic acid","HMDB0001160","17085",NA,"CCCCCCCCCCCCCCCCCCCCCCC(=O)O","1"
"10,11-dihydro-12-oxo-LTB4","10,11-dihydro-12-oxo-LTB4","HMDB0012498","53481445",NA,"CCCCC/C=C\CC(=O)CC/C=C/C=C\[C@@H](CCCC(=O)O)O","1"
"6,7-dihydro-5-oxo-12-epi-LTB4","6,7-dihydro-5-oxo-12-epi-LTB4","HMDB0012839","53481528",NA,"CCCCC/C=C\C[C@H](/C=C/C=C/CCC(=O)CCCC(=O)O)O","1"
"Prostaglandin F1a","Prostaglandin F1a","HMDB0002685","5280939","C06475","CCCCC[C@@H](/C=C/[C@H]1[C@@H](C[C@@H]([C@@H]1CCCCCCC(=O)O)O)O)O","1"
"13,14-Dihydro PGE1","13,14-Dihydro PGE1","HMDB0002689","161273",NA,"CCCCC[C@@H](CC[C@H]1[C@@H](CC(=O)[C@@H]1CCCCCCC(=O)O)O)O","1"
"13,14-Dihydro PGF2a","13,14-Dihydro PGF2a","HMDB0004239","6434009",NA,"CCCCCC(CCC1C(CC(C1C/C=C/CCCC(=O)O)O)O)O","1"
"MG(0:0/18:1(11Z)/0:0)","MG(0:0/18:1(11Z)/0:0)","HMDB0011536","53480961",NA,"CCCCCC/C=C\CCCCCCCCCC(=O)OC(CO)CO","1"
"MG(0:0/18:1(9Z)/0:0)","MG(0:0/18:1(9Z)/0:0)","HMDB0011537","5319879",NA,"CCCCCCCC/C=C\CCCCCCCC(=O)OC(CO)CO","1"
"MG(18:1(11Z)/0:0/0:0)","MG(18:1(11Z)/0:0/0:0)","HMDB0011566","53480977",NA,"CCCCCC/C=C\CCCCCCCCCC(=O)OC[C@H](CO)O","1"
"MG(18:1(9Z)/0:0/0:0)","MG(18:1(9Z)/0:0/0:0)","HMDB0011567","12178130",NA,"CCCCCCCC/C=C\CCCCCCCC(=O)OC[C@H](CO)O","1"
"Danazol","Danazol","HMDB0002835","28417","C06938","C[C@]12CC[C@H]3[C@H]([C@@H]1CC[C@]2(C#C)O)CCC4=CC5=C(C[C@]34C)C=NO5","1"
"Neuroprotectin D1","Neuroprotectin D1","HMDB0003689","16042541",NA,"CC/C=C\C[C@@H](/C=C\C=C\C=C\[C@@H](C/C=C\C/C=C\CCC(=O)O)O)O","1"
"Resolvin D5","Resolvin D5","HMDB0004038","16061139",NA,"CC/C=C\C[C@@H](/C=C/C=C\C/C=C\C=C\[C@H](/C=C\CCCC(=O)O)O)O","1"
"N-Arachidonoyl glycine","N-Arachidonoyl glycine","HMDB0005096","5283389",NA,"CCCCC/C=C\C/C=C\C/C=C\C/C=C\CCCC(=O)NCC(=O)O","1"
"12-Oxo-20-carboxy-leukotriene B4","12-Oxo-20-carboxy-leukotriene B4","HMDB0012550","53481457",NA,"C(CCC(=O)O)C/C=C\CC(=O)/C=C/C=C/C=C\[C@@H](CCCC(=O)O)O","1"
"Cortisol","Cortisol","HMDB0000063","657311","C00735","C[C@]12CCC(=O)C=C1CC[C@@H]3[C@@H]2[C@H](C[C@]4([C@H]3CC[C@]4(C(=O)CO)O)C)O","1"
"18-Hydroxycorticosterone","18-Hydroxycorticosterone","HMDB0000319","11222","C01124","C[C@]12CCC(=O)C=C1CC[C@@H]3[C@@H]2[C@H](C[C@]4([C@H]3CC[C@@H]4C(=O)CO)CO)O","1"
"17a,21-Dihydroxy-5b-pregnane-3,11,20-trione","17a,21-Dihydroxy-5b-pregnane-3,11,20-trione","HMDB0006758","65554","C05469","C[C@]12CCC(=O)C[C@H]1CC[C@@H]3[C@@H]2C(=O)C[C@]4([C@H]3CC[C@@]4(C(=O)CO)O)C","1"
"19,20-DiHDPA","19,20-DiHDPA","HMDB0010214","16061148",NA,"CCC(C(C/C=C\C/C=C\C/C=C\C/C=C\C/C=C\CCC(=O)O)O)O","1"
"12-oxo-10,11-dihydro-20-COOH-LTB4","12-oxo-10,11-dihydro-20-COOH-LTB4","HMDB0012549","53481456",NA,"C(CCC(=O)O)C/C=C\CC(=O)CC/C=C/C=C\[C@@H](CCCC(=O)O)O","1"
"Tetrahydrocortisone","Tetrahydrocortisone","HMDB0000903","5866",NA,"C[C@]12CC[C@@H](C[C@@H]1CC[C@@H]3[C@@H]2C(=O)C[C@]4([C@H]3CC[C@@]4(C(=O)CO)O)C)O","1"
"Dihydrocortisol","Dihydrocortisol","HMDB0003259","164838","C05471","C[C@]12CCC(=O)C[C@H]1CC[C@@H]3[C@@H]2[C@H](C[C@]4([C@H]3CC[C@@]4(C(=O)CO)O)C)O","1"
"3a,11b,21-Trihydroxy-20-oxo-5b-pregnan-18-al","3a,11b,21-Trihydroxy-20-oxo-5b-pregnan-18-al","HMDB0006753","44263346","C05474","CC12CC[C@H](CC1CCC3C2C(CC4(C3CCC4C(=O)CO)C=O)O)O","1"
"11b,21-Dihydroxy-3,20-oxo-5b-pregnan-18-al","11b,21-Dihydroxy-3,20-oxo-5b-pregnan-18-al","HMDB0006754","53477896","C05473","C[C@]12CC[C@H](C[C@H]1CC[C@@H]3[C@@H]2C(CC4([C@H]3CCC4C(=O)CO)C=O)O)O","1"
"11b,17a,21-Trihydroxypreg-nenolone","11b,17a,21-Trihydroxypreg-nenolone","HMDB0006760","440708","C05489","CC12CCC(CC1=CCC3C2C(CC4(C3CC[C@@]4(C(=O)CO)O)C)O)O","1"
"11b,17a,21-Trihydroxy-5b-pregnane-3,20-dione","NA","NA","NA","NA","NA","0"
"18-Hydroxy-11-dehydrotetrahydrocorticosterone","18-Hydroxy-11-dehydrotetrahydrocorticosterone","HMDB0013157","53481635",NA,"C[C@]12CC[C@H](CC1CCC3C2C(=O)C[C@]4(C3CC[C@@H]4C(=O)CO)CO)O","1"
"Cortexolone","Cortexolone","HMDB0000015","53477676","C05488","C[C@]12CCC(=O)C=C1CC[C@@H]3C2CC[C@]4(C3CC[C@@]4(C(=O)CO)O)C","1"
"Corticosterone","Corticosterone","HMDB0001547","5753","C02140","C[C@]12CCC(=O)C=C1CC[C@@H]3[C@@H]2[C@H](C[C@]4([C@H]3CC[C@@H]4C(=O)CO)C)O","1"
"21-Deoxycortisol","21-Deoxycortisol","HMDB0004030","222803","C05497","CC(=O)[C@]1(CC[C@@H]2[C@@]1(C[C@H]([C@H]3[C@H]2CCC4=CC(=O)CC[C@]34C)O)C)O","1"
"21-Hydroxy-5b-pregnane-3,11,20-trione","21-Hydroxy-5b-pregnane-3,11,20-trione","HMDB0006756","44263345","C05480","C[C@]12CCC(=O)C[C@H]1CC[C@@H]3[C@@H]2C(=O)C[C@]4([C@H]3CCC4C(=O)CO)C","1"
"19-Hydroxydeoxycorticosterone","19-Hydroxydeoxycorticosterone","HMDB0012612","53481497",NA,"C[C@]12CCC3C(C1CC[C@@H]2C(=O)CO)CCC4=CC(=O)CC[C@]34CO","1"
"3b-Allotetrahydrocortisol","3b-Allotetrahydrocortisol","HMDB0000314","12444612",NA,"C[C@]12CC[C@@H](C[C@@H]1CC[C@@H]3[C@@H]2[C@H](C[C@]4([C@H]3CC[C@@]4(C(=O)CO)O)C)O)O","1"
"5a-Tetrahydrocortisol","5a-Tetrahydrocortisol","HMDB0000526","92748",NA,"C[C@]12CC[C@H](C[C@@H]1CC[C@@H]3[C@@H]2[C@H](C[C@]4([C@H]3CC[C@@]4(C(=O)CO)O)C)O)O","1"
"Tetrahydrocortisol","Tetrahydrocortisol","HMDB0000949","44725717","C05465","C[C@]12CC[C@H](CC1CCC3C2[C@H](C[C@]4(C3CC[C@@]4(C(=O)CO)O)C)O)O","1"
"Cortolone","Cortolone","HMDB0003128","160499","C05481","C[C@]12CC[C@H](C[C@H]1CC[C@@H]3[C@@H]2C(=O)C[C@]4([C@H]3CC[C@@]4([C@H](CO)O)O)C)O","1"
"Beta-Cortolone","Beta-Cortolone","HMDB0013221","53481657","C05481  ","C[C@]12CC[C@@H](CC1CCC3C2C(=O)C[C@]4(C3CC[C@]4(C(CO)O)O)C)O","1"
"19-Hydroxy-PGE2","19-Hydroxy-PGE2","HMDB0001908","5283038",NA,"C[C@H](CCC[C@@H](/C=C/[C@H]1[C@@H](CC(=O)[C@@H]1C/C=C\CCCC(=O)O)O)O)O","1"
"6,15-Diketo,13,14-dihydro-PGF1a","6,15-Diketo,13,14-dihydro-PGF1a","HMDB0001979","5283033",NA,"CCCCCC(=O)/C=C/[C@H]1[C@@H](C[C@@H]([C@@H]1CC(=O)CCCCC(=O)O)O)O","1"
"Prostaglandin G2","Prostaglandin G2","HMDB0003235","5280883","C05956","CCCCC[C@@H](/C=C/[C@H]1[C@H]2C[C@@H]([C@@H]1C/C=C\CCCC(=O)O)OO2)OO","1"
"20-Hydroxy-PGE2","20-Hydroxy-PGE2","HMDB0003247","5283034",NA,"C1[C@H]([C@@H]([C@H](C1=O)C/C=C\CCCC(=O)O)/C=C/[C@H](CCCCCO)O)O","1"
"6-Ketoprostaglandin E1","6-Ketoprostaglandin E1","HMDB0004241","5280889","C05962","CCCCC[C@@H](/C=C/[C@H]1[C@@H](CC(=O)[C@@H]1CC(=O)CCCCC(=O)O)O)O","1"
"11-Dehydro-thromboxane B2","11-Dehydro-thromboxane B2","HMDB0004242","53477781","C05964","CCCCC[C@@H](/C=C/[C@@H]1[C@H]([C@H](CC(=O)O1)O)C/C=C/CCCC(=O)O)O","1"
"Thromboxane B3","Thromboxane B3","HMDB0005099","6438711",NA,"CC/C=C/CC(/C=C/C1C(C(CC(O1)O)O)C/C=C/CCCC(=O)O)O","1"
"5(6)-Epoxy Prostaglandin E1","5(6)-Epoxy Prostaglandin E1","HMDB0012110","53481368","C04741","CCCCC[C@@H](/C=C/[C@@H]1[C@H](CC(=O)[C@H]1CC2C(O2)CCCC(=O)O)O)O","1"
"12-Oxo-20-hydroxy-leukotriene B4","12-Oxo-20-hydroxy-leukotriene B4","HMDB0012552","53481459",NA,"C(CC/C=C\CC(=O)/C=C/C=C/C=C\[C@@H](CCCC(=O)O)O)CCO","1"
"15-Epi-lipoxin B5","15-Epi-lipoxin B5","HMDB0012588","53481476",NA,"CC/C=C\C[C@H]([C@@H](/C=C/C=C/C=C\C=C\[C@@H](CCCC(=O)O)O)O)O","1"
"15-Oxo-lipoxin A4","15-Oxo-lipoxin A4","HMDB0012590","53481477",NA,"CCCCCC(=O)/C=C/C=C\C=C\C=C\[C@H]([C@@H](CCCC(=O)O)O)O","1"
"20-oxo-leukotriene B4","20-oxo-leukotriene B4","HMDB0012641","6449839",NA,"C(CCC=O)C/C=C\C[C@H](/C=C/C=C/C=C\[C@H](CCCC(=O)O)O)O","1"
"PGH3","PGH3","HMDB0013040","101600091","C00427","CC/C=C\C[C@H](/C=C/[C@H]1[C@H]2C[C@@H]([C@@H]1C/C=C\CCCC(=O)O)OO2)O","1"
"6-Keto-prostaglandin F1a","6-Keto-prostaglandin F1a","HMDB0002886","5280888","C05961","CCCCC[C@@H](/C=C/[C@H]1[C@@H](C[C@@H]([C@@H]1CC(=O)CCCCC(=O)O)O)O)O","1"
"Thromboxane B2","Thromboxane B2","HMDB0003252","5283137","C05963","CCCCC[C@@H](/C=C/[C@@H]1[C@H]([C@H](CC(O1)O)O)C/C=C\CCCC(=O)O)O","1"
"20-Hydroxy-PGF2a","20-Hydroxy-PGF2a","HMDB0004049","53477777",NA,"C1[C@@H](C(C([C@@H]1O)/C=C/[C@H](CCCCCO)O)C/C=C\CCCC(=O)O)O","1"
"3-Oxo-4,6-choladienoic acid","3-Oxo-4,6-choladienoic acid","HMDB0000476","5283992",NA,"C[C@H](CCC(=O)O)[C@H]1CC[C@@H]2[C@@]1(CC[C@H]3[C@H]2C=CC4=CC(=O)CC[C@]34C)C","1"
"Tetrahydrocurcumin","Tetrahydrocurcumin","HMDB0005789","124072",NA,"COC1=C(C=CC(=C1)CCC(=O)CC(=O)CCC2=CC(=C(C=C2)O)OC)O","1"
"Cervonoyl ethanolamide","Cervonoyl ethanolamide","HMDB0013627","53245830","C13828","CC/C=C\C/C=C\C/C=C\C/C=C\C/C=C\C/C=C\CCC(=O)OCCO","1"
"11beta,20-Dihydroxy-3-oxopregn-4-en-21-oic acid","11beta,20-Dihydroxy-3-oxopregn-4-en-21-oic acid","HMDB0011651","53481011",NA,"C[C@]12CCC(=O)C=C1CCC3C2[C@H](C[C@]4(C3CCC4C(=O)CC(=O)O)C)O","1"
"Calcitroic acid","Calcitroic acid","HMDB0006472","12918533",NA,"C[C@H](CC(=O)O)[C@H]1CC[C@@H]\2[C@@]1(CCC/C2=C\C=C\3/C[C@H](C[C@@H](C3=C)O)O)C","1"
"3b-Hydroxy-5-cholenoic acid","3b-Hydroxy-5-cholenoic acid","HMDB0000308","92997",NA,"C[C@H](CCC(=O)O)[C@H]1CC[C@@H]2[C@@]1(CC[C@H]3[C@H]2CC=C4[C@@]3(CC[C@@H](C4)O)C)C","1"
"18-Oxocortisol","18-Oxocortisol","HMDB0000332","44263344",NA,"C[C@]12CCC(=O)C=C1CC[C@@H]3[C@@H]2[C@H](C[C@]4([C@H]3CC[C@]4(C(=O)CO)O)C=O)O","1"
"MG(0:0/20:5(5Z,8Z,11Z,14Z,17Z)/0:0)","MG(0:0/20:5(5Z,8Z,11Z,14Z,17Z)/0:0)","HMDB0011550","11660820",NA,"CC/C=C\C/C=C\C/C=C\C/C=C\C/C=C\CCCC(=O)OC(CO)CO","1"
"MG(20:5(5Z,8Z,11Z,14Z,17Z)/0:0/0:0)","MG(20:5(5Z,8Z,11Z,14Z,17Z)/0:0/0:0)","HMDB0011580","53480988",NA,"CC/C=C\C/C=C\C/C=C\C/C=C\C/C=C\CCCC(=O)OC[C@H](CO)O","1"
"Bisnorcholic acid","Bisnorcholic acid","HMDB0002082","9547705",NA,"C[C@@H]([C@H]1CC[C@@H]2[C@@]1([C@H](C[C@H]3[C@H]2[C@@H](C[C@H]4[C@@]3(CC[C@H](C4)O)C)O)O)C)C(=O)O","1"
"MG(0:0/20:2(11Z,14Z)/0:0)","MG(0:0/20:2(11Z,14Z)/0:0)","HMDB0011544","53480964",NA,"CCCCC/C=C\C/C=C\CCCCCCCCCC(=O)OC(CO)CO","1"
"MG(20:2(11Z,14Z)/0:0/0:0)","MG(20:2(11Z,14Z)/0:0/0:0)","HMDB0011574","53480983",NA,"CCCCC/C=C\C/C=C\CCCCCCCCCC(=O)OC[C@H](CO)O","1"
"5,6-Dihydroxyprostaglandin F1a","5,6-Dihydroxyprostaglandin F1a","HMDB0012109","6439819","C06475","CCCCC[C@@H](/C=C/[C@H]1[C@@H](C[C@@H]([C@@H]1CC(C(CCCC(=O)O)O)O)O)O)O","1"
"15-Deoxy-&#916;12,14-Prostaglandin J2-2-glycerol ester","NA","NA","NA","NA","NA","0"
"12-Ketodeoxycholic acid","12-Ketodeoxycholic acid","HMDB0000328","3080612",NA,"C[C@H](CCC(=O)O)[C@H]1CC[C@@H]2[C@@]1(C(=O)C[C@H]3[C@H]2CC[C@H]4[C@@]3(CC[C@H](C4)O)C)C","1"
"7-Hydroxy-3-oxocholanoic acid","7-Hydroxy-3-oxocholanoic acid","HMDB0000460","53477692",NA,"C[C@H](CCC(=O)O)C1CC[C@@H]2[C@@]1(CC[C@H]3[C@H]2[C@H](C[C@@H]4[C@@]3(CCC(=O)C4)C)O)C","1"
"Nutriacholic acid","Nutriacholic acid","HMDB0000467","53477693",NA,"C[C@@H](CCC(=O)O)C1CC[C@@H]2[C@@]1(CC[C@H]3[C@H]2C(=O)C[C@H]4[C@@]3(CC[C@H](C4)O)C)C","1"
"7a-Hydroxy-3-oxo-5b-cholanoic acid","7a-Hydroxy-3-oxo-5b-cholanoic acid","HMDB0000503","53477698",NA,"C[C@H](CCC(=O)O)C1CC[C@@H]2[C@@]1(CC[C@H]3[C@H]2[C@@H](C[C@H]4[C@@]3(CCC(=O)C4)C)O)C","1"
"CPA(16:0/0:0)","CPA(16:0/0:0)","HMDB0007003","9801940",NA,"CCCCCCCCCCCCCCCC(=O)OCC1COP(=O)(O1)O","1"
"Resolvin D2","Resolvin D2","HMDB0002294","16061136",NA,"CC/C=C\C[C@@H](C(/C=C/C=C/C=C\C=C\[C@@H](C/C=C\CCC(=O)O)O)O)O","1"
"Resolvin D1","Resolvin D1","HMDB0003733","44251266",NA,"CC/C=C\C[C@@H](/C=C/C=C\C=C\C=C\C([C@H](C/C=C\CCC(=O)O)O)O)O","1"
"11beta-Hydroxy-3,20-dioxopregn-4-en-21-oic acid","11beta-Hydroxy-3,20-dioxopregn-4-en-21-oic acid ","HMDB0011652","53481012",NA,"C[C@]12CCC(=O)C=C1CCC3C2[C@H](C[C@]4(C3CCC4C(CC(=O)O)O)C)O","1"
"7-Ketocholesterol","7-Ketocholesterol","HMDB0000501","53477696",NA,"C[C@H](CCCC(C)C)C1CC[C@@H]2[C@@]1(CC[C@H]3[C@H]2C(=O)C=C4[C@@]3(CCC(C4)O)C)C","1"
"7a-Hydroxy-cholestene-3-one","7a-Hydroxy-cholestene-3-one","HMDB0001993","123743","C05455","C[C@H](CCCC(C)C)[C@H]1CC[C@@H]2[C@@]1(CC[C@H]3[C@H]2[C@@H](CC4=CC(=O)CC[C@]34C)O)C","1"
"Calcidiol","Calcidiol","HMDB0003550","5283731","C01561","C[C@H](CCCC(C)(C)O)[C@H]1CC[C@@H]\2[C@@]1(CCC/C2=C\C=C/3\C[C@H](CCC3=C)O)C","1"
"5,6-trans-25-Hydroxyvitamin D3","5,6-trans-25-Hydroxyvitamin D3","HMDB0006721","53477885",NA,"C[C@H](CCCC(C)(C)O)[C@H]1CCC\2[C@@]1(CCC/C2=C/C=C/3\C[C@@H](CCC3=C)O)C","1"
"25-Hydroxytachysterol3","25-Hydroxytachysterol3","HMDB0006722","53477886",NA,"CC1=C(C(CCC1)O)/C=C/C2=CCC[C@]3(C2CC[C@@H]3[C@H](C)CCCC(C)(C)O)C","1"
"7b-Hydroxy-3-oxo-5b-cholanoic acid","7b-Hydroxy-3-oxo-5b-cholanoic acid","HMDB0000541","22833531",NA,"C[C@H](CCC(=O)OC)[C@H]1CC[C@@H]2[C@@]1(CC[C@H]3[C@H]2C(=O)CC4[C@@]3(CCC(=O)C4)C)C","1"
"MG(0:0/22:6(4Z,7Z,10Z,13Z,16Z,19Z)/0:0)","MG(0:0/22:6(4Z,7Z,10Z,13Z,16Z,19Z)/0:0)","HMDB0011557","46896303",NA,"CC/C=C\C/C=C\C/C=C\C/C=C\C/C=C\C/C=C\CCC(=O)OC(CO)CO","1"
"MG(22:6(4Z,7Z,10Z,13Z,16Z,19Z)/0:0/0:0)","MG(22:6(4Z,7Z,10Z,13Z,16Z,19Z)/0:0/0:0)","HMDB0011587","53480995",NA,"CC/C=C\C/C=C\C/C=C\C/C=C\C/C=C\C/C=C\CCC(=O)OC[C@H](CO)O","1"
"7a,12a-Dihydroxy-3-oxo-4-cholenoic acid","7a,12a-Dihydroxy-3-oxo-4-cholenoic acid","HMDB0000447","5283996","C15568","C[C@H](CCC(=O)O)[C@H]1CC[C@@H]2[C@@]1([C@H](C[C@H]3[C@H]2[C@@H](CC4=CC(=O)CC[C@]34C)O)O)C","1"
"Lisinopril","Lisinopril","HMDB0001938","5362119","D00362","C1C[C@H](N(C1)C(=O)[C@H](CCCCN)N[C@@H](CCC2=CC=CC=C2)C(=O)O)C(=O)O","1"
"3a,7a,12b-Trihydroxy-5b-cholanoic acid","3a,7a,12b-Trihydroxy-5b-cholanoic acid","HMDB0000312","5283869","C04661","C[C@H](CCC(=O)O)[C@H]1CC[C@@H]2[C@@]1([C@@H](C[C@H]3[C@H]2[C@@H](C[C@H]4[C@@]3(CC[C@H](C4)O)C)O)O)C","1"
"3a,4b,7a-Trihydroxy-5b-cholanoic acid","3a,4b,7a-Trihydroxy-5b-cholanoic acid","HMDB0000320","53477681",NA,"C[C@@H](CCC(=O)O)C1CC[C@@H]2[C@@]1(CC[C@H]3[C@H]2[C@@H](C[C@H]4[C@@]3(CC[C@H]([C@@H]4O)O)C)O)C","1"
"1b,3a,12a-Trihydroxy-5b-cholanoic acid","1b,3a,12a-Trihydroxy-5b-cholanoic acid","HMDB0000326","53477683",NA,"C[C@H](CCC(=O)O)C1CCC2[C@@]1([C@H](CC3C2CCC4[C@@]3([C@@H](C[C@H](C4)O)O)C)O)C","1"
"3a,4b,12a-Trihydroxy-5b-cholanoic acid","3a,4b,12a-Trihydroxy-5b-cholanoic acid","HMDB0000330","53477684",NA,"C[C@@H](CCC(=O)O)C1CCC2[C@@]1([C@H](CC3C2CCC4[C@@]3(CC[C@H]([C@@H]4O)O)C)O)C","1"
"3a,6a,7b-Trihydroxy-5b-cholanoic acid","3a,6a,7b-Trihydroxy-5b-cholanoic acid","HMDB0000364","5283851","C17727","C[C@H](CCC(=O)O)[C@H]1CC[C@@H]2[C@@]1(CC[C@H]3[C@H]2[C@H]([C@@H]([C@H]4[C@@]3(CC[C@H](C4)O)C)O)O)C","1"
"1,3,12-Trihydroxycholan-24-oic acid","1,3,12-Trihydroxycholan-24-oic acid","HMDB0000371","20849394",NA,"C[C@H](CCC(=O)O)[C@H]1CC[C@@H]2[C@@]1(C(C[C@H]3[C@H]2CCC4[C@@]3(C(CC(C4)O)O)C)O)C","1"
"3b,7a,12a-Trihydroxy-5a-Cholanoic acid","3b,7a,12a-Trihydroxy-5a-Cholanoic acid","HMDB0000376","5283875",NA,"C[C@H](CCC(=O)O)[C@H]1CC[C@@H]2[C@@]1([C@H](C[C@H]3[C@H]2[C@@H](C[C@@H]4[C@@]3(CC[C@@H](C4)O)C)O)O)C","1"
"3a,7b,12b-Trihydroxy-5b-cholanoic acid","3a,7b,12b-Trihydroxy-5b-cholanoic acid","HMDB0000390","5283872",NA,"C[C@H](CCC(=O)O)[C@H]1CC[C@@H]2[C@@]1([C@@H](C[C@H]3[C@H]2[C@H](C[C@H]4[C@@]3(CC[C@H](C4)O)C)O)O)C","1"
"3b,7b,12a-Trihydroxy-5b-cholanoic acid","3b,7b,12a-Trihydroxy-5b-cholanoic acid","HMDB0000395","5283873",NA,"C[C@H](CCC(=O)O)[C@H]1CC[C@@H]2[C@@]1([C@H](C[C@H]3[C@H]2[C@H](C[C@H]4[C@@]3(CC[C@@H](C4)O)C)O)O)C","1"
"2b,3a,7a-Trihydroxy-5b-cholanoic acid","2b,3a,7a-Trihydroxy-5b-cholanoic acid","HMDB0000404","5283847",NA,"C[C@H](CCC(=O)O)[C@H]1CC[C@@H]2[C@@]1(CC[C@H]3[C@H]2[C@@H](C[C@H]4[C@@]3(C[C@@H]([C@H](C4)O)O)C)O)C","1"
"1b,3a,7a-Trihydroxy-5b-cholanoic acid","1b,3a,7a-Trihydroxy-5b-cholanoic acid","HMDB0000414","5283846",NA,"C[C@H](CCC(=O)O)[C@H]1CC[C@@H]2[C@@]1(CC[C@H]3[C@H]2[C@@H](C[C@H]4[C@@]3([C@@H](C[C@H](C4)O)O)C)O)C","1"
"3a,6b,7b-Trihydroxy-5b-cholanoic acid","3a,6b,7b-Trihydroxy-5b-cholanoic acid","HMDB0000415","5283853","C17726","C[C@H](CCC(=O)O)[C@H]1CC[C@@H]2[C@@]1(CC[C@H]3[C@H]2[C@H]([C@H]([C@H]4[C@@]3(CC[C@H](C4)O)C)O)O)C","1"
"3b,7a,12a-Trihydroxy-5b-cholanoic acid","3b,7a,12a-Trihydroxy-5b-cholanoic acid","HMDB0000419","5283870",NA,"C[C@H](CCC(=O)O)[C@H]1CC[C@@H]2[C@@]1([C@H](C[C@H]3[C@H]2[C@@H](C[C@H]4[C@@]3(CC[C@@H](C4)O)C)O)O)C","1"
"3b,7b,12a-Trihydroxy-5a-Cholanoic acid","3b,7b,12a-Trihydroxy-5a-Cholanoic acid","HMDB0000427","5283879",NA,"C[C@H](CCC(=O)O)[C@H]1CC[C@@H]2[C@@]1([C@H](C[C@H]3[C@H]2[C@H](C[C@@H]4[C@@]3(CC[C@@H](C4)O)C)O)O)C","1"
"3a,7b,12a-Trihydroxy-5a-Cholanoic acid","3a,7b,12a-Trihydroxy-5a-Cholanoic acid","HMDB0000432","5283877","C02373","C[C@H](CCC(=O)O)[C@H]1CC[C@@H]2[C@@]1([C@H](C[C@H]3[C@H]2[C@H](C[C@@H]4[C@@]3(CC[C@H](C4)O)C)O)O)C","1"
"Allocholic acid","Allocholic acid","HMDB0000505","53477699","C17737","C[C@H](CCC(=O)O)[C@H]1CC[C@@H]2[C@@]1(C(C[C@H]3[C@H]2[C@@H](C[C@@H]4[C@@]3(CC[C@H](C4)O)C)O)O)C","1"
"Alpha-Muricholic acid","Alpha-Muricholic acid","HMDB0000506","96023991","C17647","C[C@H](CCC(=O)O)C1CC[C@@H]2[C@@]1(CC[C@H]3[C@H]2[C@@H]([C@H]([C@H]4[C@@]3(CC[C@H](C4)O)C)O)O)C","1"
"6a,12a-Dihydroxylithocholic acid","6a,12a-Dihydroxylithocholic acid","HMDB0000527","22833529",NA,"C[C@H](CCC(=O)O)[C@H]1CC[C@@H]2[C@@]1([C@H](C[C@H]3[C@H]2C[C@@H](C4[C@@]3(CC[C@H](C4)O)C)O)O)C","1"
"Cholic acid","Cholic acid","HMDB0000619","221493","C00695","C[C@H](CCC(=O)O)[C@H]1CC[C@@H]2[C@@]1([C@H](C[C@H]3[C@H]2[C@@H](C[C@H]4[C@@]3(CC[C@H](C4)O)C)O)O)C","1"
"Hyocholic acid","Hyocholic acid","HMDB0000760","131750324",NA,"[H][C@@]12CCC([C@H](C)CCC(O)=O)[C@@]1(C)CC[C@@]1([H])[C@@]2([H])[C@H](O)[C@H](O)[C@]2([H])C[C@H](O)CC[C@]12C","1"
"Muricholic acid","Muricholic acid","HMDB0000865","92805",NA,"C[C@H](CCC(=O)O)[C@H]1CC[C@@H]2[C@@]1(CC[C@H]3[C@H]2C(C([C@H]4[C@@]3(CC[C@H](C4)O)C)O)O)C","1"
"Ursocholic acid","Ursocholic acid","HMDB0000917","122340","C17644","C[C@H](CCC(=O)O)[C@H]1CC[C@@H]2[C@@]1([C@H](C[C@H]3[C@H]2[C@H](C[C@H]4[C@@]3(CC[C@H](C4)O)C)O)O)C","1"
"LysoPC(10:0)","LysoPC(10:0)","HMDB0003752","5313971",NA,"CCCCCCCCCC(=O)OC[C@H](COP(=O)(O)OCC[N+](C)(C)C)O","1"
"Ercalcitriol","Ercalcitriol","HMDB0006225","9547243",NA,"C[C@H](/C=C/[C@H](C)C(C)(C)O)[C@H]1CC[C@@H]\2[C@@]1(CCC/C2=C\C=C/3\C[C@H](C[C@@H](C3=C)O)O)C","1"
"MG(0:0/24:6(6Z,9Z,12Z,15Z,18Z,21Z)/0:0)","MG(0:0/24:6(6Z,9Z,12Z,15Z,18Z,21Z)/0:0)","HMDB0011560","53480974",NA,"CC/C=C\C/C=C\C/C=C\C/C=C\C/C=C\C/C=C\CCCCC(=O)OC(CO)CO","1"
"MG(24:6(6Z,9Z,12Z,15Z,18Z,21Z)/0:0/0:0)","MG(24:6(6Z,9Z,12Z,15Z,18Z,21Z)/0:0/0:0)","HMDB0011590","53480998",NA,"CC/C=C\C/C=C\C/C=C\C/C=C\C/C=C\C/C=C\CCCCC(=O)OC[C@H](CO)O","1"
"7 alpha-Hydroxy-3-oxo-4-cholestenoate","7 alpha-Hydroxy-3-oxo-4-cholestenoate","HMDB12458","53481411","C17337","C[C@H](CCCC(C)C(=O)O)C1CCC2[C@@]1(CCC3C2[C@@H](CC4=CC(=O)CC[C@]34C)O)C","1"
"24-Hydroxycalcitriol","24-Hydroxycalcitriol","HMDB0006228","6446280","C18231","C[C@H](CC[C@H](C(C)(C)O)O)[C@H]1CC[C@@H]\2[C@@]1(CCC/C2=C\C=C/3\C[C@H](C[C@@H](C3=C)O)O)C","1"
"3 beta,7 alpha-Dihydroxy-5-cholestenoate","3 beta,7 alpha-Dihydroxy-5-cholestenoate","HMDB12454","53481408","C17335","C[C@H](CCCC(C)C(=O)O)C1CCC2[C@@]1(CCC3C2[C@@H](C=C4[C@@]3(CC[C@@H](C4)O)C)O)C","1"
"Varanic acid","Varanic acid","HMDB0002195","22833587",NA,"C[C@H](CC[C@H]([C@H](C(=O)O)O)O)[C@H]1CC[C@@H]2[C@@]1(CC[C@H]3[C@H]2CC[C@H]4[C@@]3(CC[C@H](C4)O)C)C","1"
"27-Nor-5b-cholestane-3a,7a,12a,24,25-pentol","27-Nor-5b-cholestane-3a,7a,12a,24,25-pentol","HMDB0002126","21252278",NA,"C[C@H](CCC(C(C)O)O)[C@H]1CC[C@@H]2[C@@]1([C@H](C[C@H]3[C@H]2[C@@H](C[C@H]4[C@@]3(CC[C@H](C4)O)C)O)O)C","1"
"1-a,24R,25-Trihydroxyvitamin D2","1-a,24R,25-Trihydroxyvitamin D2","HMDB0006227","9547253",NA,"C[C@H](/C=C/[C@](C)(C(C)(C)O)O)[C@H]1CC[C@@H]\2[C@@]1(CCC/C2=C\C=C/3\C[C@H](C[C@@H](C3=C)O)O)C","1"
"Hyaluronic acid","Hyaluronic acid","HMDB0002061","53477741","C00518","CC(=O)N[C@@H]1[C@H]([C@@H]([C@H](O[C@H]1OC)CO)O)OC2[C@@H]([C@H]([C@@H]([C@H](O2)C(=O)O)OC)O)O","1"
"Dynorphin A (6-8)","Dynorphin A (6-8)","HMDB0012932","53481551",NA,"CC[C@@H](C)[C@H](C(=O)O)NC(=O)[C@H](CCCN=C(N)N)NC(=O)[C@@H](CCCN=C(N)N)N","1"
"Coprocholic acid","Coprocholic acid","HMDB0000601","44263325",NA,"C[C@H](CCCC(C)C(=O)O)[C@H]1CC[C@@H]2[C@@]1([C@H](C[C@H]3[C@H]2[C@@H](C[C@H]4[C@@]3(CC[C@H](C4)O)C)O)O)C","1"
"3a,7a,12a-Trihydroxy-5b-cholestanoic acid","3a,7a,12a-Trihydroxy-5b-cholestanoic acid","HMDB0003873","23657849","C04722","C[C@H](CCC[C@@H](C)C(=O)O)[C@H]1CC[C@@H]2[C@@]1([C@H](C[C@H]3[C@H]2[C@@H](C[C@H]4[C@@]3(CC[C@H](C4)O)C)O)O)C","1"
"Leukotriene E3","Leukotriene E3","HMDB0002355","6440643",NA,"CCCCCCCC/C=C\C=C\C=C\[C@H]([C@H](CCCC(=O)O)O)SC[C@@H](C(=O)O)N","1"
"Androsterone glucuronide","Androsterone glucuronide","HMDB0002829","114833","C11135","C[C@]12CC[C@H](C[C@@H]1CC[C@@H]3[C@@H]2CC[C@]4([C@H]3CCC4=O)C)O[C@H]5[C@@H]([C@H]([C@@H]([C@H](O5)C(=O)O)O)O)O","1"
"Etiocholanolone glucuronide","Etiocholanolone glucuronide","HMDB0004484","443078","C11136","C[C@]12CC[C@H](C[C@H]1CC[C@@H]3[C@@H]2CC[C@]4([C@H]3CCC4=O)C)O[C@H]5[C@@H]([C@H]([C@@H]([C@H](O5)C(=O)O)O)O)O","1"
"5-alpha-Dihydrotestosterone glucuronide","5-alpha-Dihydrotestosterone glucuronide","HMDB0006203","44263365",NA,"C[C@]12CCC(=O)C[C@@H]1CC[C@@H]3[C@@H]2CC[C@]4([C@H]3CC[C@@H]4O[C@H]5[C@@H]([C@H]([C@@H]([C@H](O5)C(=O)O)O)O)O)C","1"
"3-alpha-hydroxy-5-alpha-androstane-17-one 3-D-glucuronide","3-alpha-hydroxy-5-alpha-androstane-17-one 3-D-glucuronide","HMDB0010365","53480455",NA,"C[C@]12CC[C@H](C[C@@H]1CC[C@@H]3[C@@H]2CC[C@]4([C@H]3CCC4=O)C)O[C@@H]5[C@@H](C([C@@H](C(O5)C(=O)O)O)O)O","1"
"L-2-Aminoadipate adenylate","L-2-Aminoadipate adenylate","HMDB0006941","53477910","C05560","C1=NC2=C(C(=N1)N)N=CN2C3[C@@H]([C@@H](C(O3)COP(=O)(O)OC(=O)CCC[C@@H](C(=O)O)N)O)O","1"
"Inosine triphosphate","Inosine triphosphate","HMDB0000189","8583","C00081","C1=NC(=O)C2=C(N1)N(C=N2)[C@H]3[C@@H]([C@@H]([C@H](O3)COP(=O)(O)OP(=O)(O)OP(=O)(O)O)O)O","1"
"Lithocholate 3-O-glucuronide","Lithocholate 3-O-glucuronide","HMDB0002513","126511","C03033","C[C@H](CCC(=O)O)[C@H]1CC[C@@H]2[C@@]1(CC[C@H]3[C@H]2CC[C@H]4[C@@]3(CC[C@@H](C4)O[C@H]5[C@@H]([C@H]([C@@H]([C@H](O5)C(=O)O)O)O)O)C)C","1"
"Protoporphyrin IX","Protoporphyrin IX","HMDB0000241",NA,"C02191","CC1=C(CCC(O)=O)/C2=C/C3=N/C(=C\C4=C(C)C(C=C)=C(N4)/C=C4\N=C(\C=C\1/N\2)C(C=C)=C4C)/C(C)=C3CCC(O)=O","1"
"Mesobilirubinogen","Mesobilirubinogen","HMDB0001898","26818","C05790","CCC1=C(C(=O)NC1CC2=C(C(=C(N2)CC3=C(C(=C(N3)CC4C(=C(C(=O)N4)CC)C)C)CCC(=O)O)CCC(=O)O)C)C","1"
"Vitamin D2 3-glucuronide","Vitamin D2 3-glucuronide","HMDB0010344","71752972",NA,"C[C@H](/C=C/[C@H](C)C(C)C)[C@H]1CCC\2[C@@]1(CCC/C2=C\C=C\3/CC(CCC3=C)O[C@H]4[C@@H]([C@H]([C@@H]([C@H](O4)C(=O)O)O)O)O)C","1"
"PE(14:1(9Z)/15:0)","PE(14:1(9Z)/15:0)","HMDB0008856","52924130","C00350","CCCCCCCCCCCCCCC(=O)O[C@H](COC(=O)CCCCCCC/C=C\CCCC)COP(=O)(O)OCCN","1"
"PE(15:0/14:1(9Z))","PE(15:0/14:1(9Z))","HMDB0008888","52924158","C00350","CCCCCCCCCCCCCCC(=O)OC[C@H](COP(=O)(O)OCCN)OC(=O)CCCCCCC/C=C\CCCC","1"
