"","Total","Expected","Hits","Raw p","-log10(p)","Holm adjust","FDR","Impact"
"Arachidonic acid metabolism",36,3.6232,19,7.6117e-11,10.119,6.3939e-09,6.3939e-09,0.32899
"Steroid hormone biosynthesis",85,8.5548,23,3.5799e-06,5.4461,0.00029713,0.00015036,0.1772
"Linoleic acid metabolism",5,0.50323,2,0.08212,1.0856,1,1,0
"Primary bile acid biosynthesis",46,4.6297,6,0.3144,0.50252,1,1,0.09716
"Phenylalanine metabolism",10,1.0065,1,0.65494,0.1838,1,1,0
"Glycosylphosphatidylinositol (GPI)-anchor biosynthesis",14,1.409,1,0.77501,0.11069,1,1,0.00399
"Butanoate metabolism",15,1.5097,1,0.79786,0.098073,1,1,0
"Tyrosine metabolism",42,4.2271,3,0.81238,0.090243,1,1,0.01751
"Pentose and glucuronate interconversions",18,1.8116,1,0.85347,0.068811,1,1,0.14062
"Sphingolipid metabolism",21,2.1135,1,0.89385,0.048734,1,1,0
"Steroid biosynthesis",42,4.2271,2,0.93629,0.028589,1,1,0.00344
"Porphyrin and chlorophyll metabolism",30,3.0194,1,0.95981,0.017814,1,1,0.0902
"Glycerophospholipid metabolism",36,3.6232,1,0.97904,0.0092006,1,1,0.10449
"Amino sugar and nucleotide sugar metabolism",37,3.7239,1,0.9812,0.0082435,1,1,0
"Fatty acid biosynthesis",47,4.7303,1,0.99369,0.0027497,1,1,0
"Purine metabolism",65,6.5419,1,0.99913,0.00037696,1,1,0
