"Query","Match","HMDB","PubChem","KEGG","SMILES","Comment"
"Beta-Alanyl-CoA","Beta-Alanyl-CoA","HMDB0006805","439708","C02335","CC(C)(COP(=O)(O)OP(=O)(O)OC[C@@H]1[C@H]([C@H]([C@@H](O1)N2C=NC3=C2N=CN=C3N)O)OP(=O)(O)O)C(C(=O)NCCC(=O)NCCSC(=O)CCN)O","1"
"Famotidine","Famotidine","HMDB0001919","3325",NA,"C1=C(N=C(S1)N=C(N)N)CSCCC(=NS(=O)(=O)N)N","1"
"PC(16:0/24:1(15Z))","PC(16:0/24:1(15Z))","HMDB0007993","24778745","C00157","CCCCCCCCCCCCCCCC(=O)OC[C@H](COP(=O)([O-])OCC[N+](C)(C)C)OC(=O)CCCCCCCCCCCCC/C=C\CCCCCCCC","1"
"PC(16:1(9Z)/24:0)","PC(16:1(9Z)/24:0)","HMDB0008025","53478689","C00157","CCCCCCCCCCCCCCCCCCCCCCCC(=O)O[C@H](COC(=O)CCCCCCC/C=C\CCCCCC)COP(=O)([O-])OCC[N+](C)(C)C","1"
"PC(18:0/22:1(13Z))","PC(18:0/22:1(13Z))","HMDB0008052","24778866","C00157","CCCCCCCCCCCCCCCCCC(=O)OC[C@H](COP(=O)([O-])OCC[N+](C)(C)C)OC(=O)CCCCCCCCCCC/C=C\CCCCCCCC","1"
"PC(18:1(11Z)/22:0)","PC(18:1(11Z)/22:0)","HMDB0008084","24778899","C00157","CCCCCCCCCCCCCCCCCCCCCC(=O)O[C@H](COC(=O)CCCCCCCCC/C=C\CCCCCC)COP(=O)([O-])OCC[N+](C)(C)C","1"
"PC(18:1(9Z)/22:0)","PC(18:1(9Z)/22:0)","HMDB0008117","24778951","C00157","CCCCCCCCCCCCCCCCCCCCCC(=O)O[C@H](COC(=O)CCCCCCC/C=C\CCCCCCCC)COP(=O)([O-])OCC[N+](C)(C)C","1"
"PC(20:0/20:1(11Z))","PC(20:0/20:1(11Z))","HMDB0008275","24779042","C00157","CCCCCCCCCCCCCCCCCCCC(=O)OC[C@H](COP(=O)([O-])OCC[N+](C)(C)C)OC(=O)CCCCCCCCC/C=C\CCCCCCCC","1"
"PC(20:1(11Z)/20:0)","PC(20:1(11Z)/20:0)","HMDB0008307","52923127","C00157","CCCCCCCCCCCCCCCCCCCC(=O)O[C@H](COC(=O)CCCCCCCCC/C=C\CCCCCCCC)COP(=O)([O-])OCC[N+](C)(C)C","1"
"PC(22:0/18:1(11Z))","PC(22:0/18:1(11Z))","HMDB0008531","24779108","C00157","CCCCCCCCCCCCCCCCCCCCCC(=O)OC[C@H](COP(=O)([O-])OCC[N+](C)(C)C)OC(=O)CCCCCCCCC/C=C\CCCCCC","1"
"PC(22:0/18:1(9Z))","PC(22:0/18:1(9Z))","HMDB0008532","24779113","C00157","CCCCCCCCCCCCCCCCCCCCCC(=O)OC[C@H](COP(=O)([O-])OCC[N+](C)(C)C)OC(=O)CCCCCCC/C=C\CCCCCCCC","1"
"PC(22:1(13Z)/18:0)","PC(22:1(13Z)/18:0)","HMDB0008563","53479175","C00157","CCCCCCCCCCCCCCCCCC(=O)O[C@H](COC(=O)CCCCCCCCCCC/C=C\CCCCCCCC)COP(=O)([O-])OCC[N+](C)(C)C","1"
"PC(24:0/15:0)","PC(24:0/15:0)","HMDB0008757","53479435","C00157","CCCCCCCCCCCCCCCCCCCCCCCC(=O)OC[C@](C)(COP(=O)([O-])OCC[N+](C)(C)C)OC(=O)CCCCCCCCCCCCCC","1"
"PC(24:0/16:1(9Z))","PC(24:0/16:1(9Z))","HMDB0008759","53479437","C00157","CCCCCCCCCCCCCCCCCCCCCCCC(=O)OC[C@H](COP(=O)([O-])OCC[N+](C)(C)C)OC(=O)CCCCCCC/C=C\CCCCCC","1"
"PC(24:1(15Z)/16:0)","PC(24:1(15Z)/16:0)","HMDB0008791","53479493","C00157","CCCCCCCCCCCCCCCC(=O)O[C@H](COC(=O)CCCCCCCCCCCCC/C=C\CCCCCCCC)COP(=O)([O-])OCC[N+](C)(C)C","1"
"Riboflavin reduced","Riboflavin reduced","HMDB0001557","22833571","C01007","C1=CC=C2C(=C1)N=C3C(=O)NC(=O)N=C3N2C[C@H]([C@H]([C@@H](CO)O)O)O","1"
"MG(0:0/18:2(9Z,12Z)/0:0)","MG(0:0/18:2(9Z,12Z)/0:0)","HMDB0011538","5365676",NA,"CCCCC/C=C\C/C=C\CCCCCCCC(=O)OC(CO)CO","1"
"MG(18:2(9Z,12Z)/0:0/0:0)","MG(18:2(9Z,12Z)/0:0/0:0)","HMDB0011568","6436630",NA,"CCCCC/C=C\C/C=C\CCCCCCCC(=O)OC[C@H](CO)O","1"
"3-O-Sulfogalactosylceramide (d18:1/24:1(15Z))","3-O-Sulfogalactosylceramide (d18:1/24:1(15Z))","HMDB0012318","24779587","C06125","CCCCCCCCCCCCC/C=C/[C@H]([C@H](CO[C@H]1C(C([C@H]([C@H](O1)CO)O)OS(=O)(=O)O)O)NC(=O)CCCCCCCCCCCCC/C=C\CCCCCCCC)O","1"
"Tetracosahexaenoic acid","Tetracosahexaenoic acid","HMDB0002007","11792612",NA,"CC/C=C\C/C=C\C/C=C\C/C=C\C/C=C\C/C=C\CCCCC(=O)O","1"
"Pantetheine 4'-phosphate","Pantetheine 4'-phosphate","HMDB0001416","987","C01134","CC(C)(COP(=O)(O)O)C(C(=O)NCCC(=O)NCCS)O","1"
"2-Phenylaminoadenosine","2-Phenylaminoadenosine","HMDB0001069","1585",NA,"C1=CC=C(C=C1)NC2=NC3=C(C(=N2)N)N=CN3C4C(C(C(O4)CO)O)O","1"
"1-Pyrroline-5-carboxylic acid","1-Pyrroline-5-carboxylic acid","HMDB0001301","6642","C03912","C1CC(N=C1)C(=O)O","1"
"1-Pyrroline-2-carboxylic acid","1-Pyrroline-2-carboxylic acid","HMDB0006875","440046","C03564","C1CC(=NC1)C(=O)O","1"
"Dynorphin A 1-8","Dynorphin A 1-8","HMDB0012933","53481552",NA,"CC[C@H](C)[C@@H](C(=O)O)NC(=O)[C@@H](CCCN=C(N)N)NC(=O)[C@@H](CCCN=C(N)N)NC(=O)C(CC(C)C)NC(=O)[C@@H](CC1=CC=CC=C1)NC(=O)CNC(=O)CNC(=O)[C@H](CC2=CC=C(C=C2)O)N","1"
"Benzamide","Benzamide","HMDB0004461","2331","C09815","C1=CC=C(C=C1)C(=O)N","1"
"Benzoic acid","Benzoic acid","HMDB0001870","243","C00539","C1=CC=C(C=C1)C(=O)O","1"
"4-Hydroxybenzaldehyde","4-Hydroxybenzaldehyde","HMDB0011718","126","C00633","C1=CC(=CC=C1C=O)O","1"
"PIP(16:0/22:2(13Z,16Z))","PIP(16:0/22:2(13Z,16Z))","HMDB0009933","131750484","C00626","CCCCCCCCCCCCCCCC(=O)OC[C@]([H])(COP(O)(=O)O[C@H]1C(O)C(O)C(O)[C@@H](OP(=O)(O)O)C1O)OC(=O)CCCCCCCCCCC\C=C/C\C=C/CCCCC","1"
"PIP(18:1(15Z)/20:1(11Z))","PIP(18:1(15Z)/20:1(11Z))","HMDB0009969","131750495","C00626","CCCCCCCC\C=C/CCCCCCCCCC(=O)O[C@]([H])(COC(=O)CCCCCCCCC\C=C/CCCCCC)COP(O)(=O)O[C@H]1C(O)C(O)C(O)[C@@H](OP(=O)(O)O)C1O","1"
"PIP(18:1(9Z)/20:1(11Z))","PIP(18:1(9Z)/20:1(11Z))","HMDB0009977","131750497","C00626","CCCCCCCC\C=C/CCCCCCCCCC(=O)O[C@]([H])(COC(=O)CCCCCCC\C=C/CCCCCCCC)COP(O)(=O)O[C@H]1C(O)C(O)C(O)[C@@H](OP(=O)(O)O)C1O","1"
"PIP(18:2(9Z,12Z)/20:0)","PIP(18:2(9Z,12Z)/20:0)","HMDB0009988","53480182","C00626","CCCCCCCCCCCCCCCCCCCC(=O)O[C@H](COC(=O)CCCCCCC/C=C\C/C=C\CCCCC)COP(=O)(O)O[C@@H]1C([C@@H](C(C(C1O)O)O)OP(=O)(O)O)O","1"
"PIP(20:0/18:2(9Z,12Z))","PIP(20:0/18:2(9Z,12Z))","HMDB0009997","131750505","C00626","CCCCCCCCCCCCCCCCCCCC(=O)OC[C@]([H])(COP(O)(=O)O[C@H]1C(O)C(O)C(O)[C@@H](OP(=O)(O)O)C1O)OC(=O)CCCCCCC\C=C/C\C=C/CCCCC","1"
"PIP(20:1(11Z)/18:1(11Z))","PIP(20:1(11Z)/18:1(11Z))","HMDB0009999","53480193","C00626","CCCCCCCC/C=C\CCCCCCCCCC(=O)OC[C@H](COP(=O)(O)O[C@@H]1C([C@@H](C(C(C1O)O)O)OP(=O)(O)O)O)OC(=O)CCCCCCCCC/C=C\CCCCCC","1"
"PIP(20:1(11Z)/18:1(9Z))","PIP(20:1(11Z)/18:1(9Z))","HMDB0010000","131750506","C00626","CCCCCCCC\C=C/CCCCCCCCCC(=O)OC[C@]([H])(COP(O)(=O)O[C@H]1C(O)C(O)C(O)[C@@H](OP(=O)(O)O)C1O)OC(=O)CCCCCCC\C=C/CCCCCCCC","1"
"PIP(20:2(11Z,14Z)/18:0)","PIP(20:2(11Z,14Z)/18:0)","HMDB0010002","53480196","C00626","CCCCCCCCCCCCCCCCCC(=O)O[C@H](COC(=O)CCCCCCCCC/C=C\C/C=C\CCCCC)COP(=O)(O)O[C@@H]1C([C@@H](C(C(C1O)O)O)OP(=O)(O)O)O","1"
"PIP(22:2(13Z,16Z)/16:0)","PIP(22:2(13Z,16Z)/16:0)","HMDB0010023","131750513","C00626","CCCCCCCCCCCCCCCC(=O)O[C@]([H])(COC(=O)CCCCCCCCCCC\C=C/C\C=C/CCCCC)COP(O)(=O)O[C@H]1C(O)C(O)C(O)[C@@H](OP(=O)(O)O)C1O","1"
"2-O-(6-Phospho-alpha-mannosyl)-D-glycerate","2-O-(6-Phospho-alpha-mannosyl)-D-glycerate","HMDB0012152","24892815","C16699","C([C@@H]1[C@H]([C@@H]([C@@H]([C@H](O1)O[C@H](CO)C(=O)O)O)O)O)OP(=O)(O)O","1"
"Estradiol-17beta 3-sulfate","Estradiol-17beta 3-sulfate","HMDB0004448","53477783","C08357","C[C@@]12CCC3C(C1CC[C@H]2O)CCC4=C3C=CC(=C4)OS(=O)(=O)O","1"
"Urocanic acid","Urocanic acid","HMDB0000301","736715","C00785","C1=C(NC=N1)/C=C/C(=O)O","1"
"Nicotinamide N-oxide","Nicotinamide N-oxide","HMDB0002730","72661",NA,"C1=CC(=C[N+](=C1)[O-])C(=O)N","1"
"Xanthurenate-8-O-beta-D-glucoside","Xanthurenate-8-O-beta-D-glucoside","HMDB0013118","53481609",NA,"C1=CC2=C(C(=C1)O[C@H]3[C@H]([C@H]([C@H]([C@H](O3)CO)O)O)O)NC(=CC2=O)C(=O)O","1"
"D-Xylose","D-Xylose","HMDB0000098","135191","C00181","C1[C@H]([C@@H]([C@H](C(O1)O)O)O)O","1"
"D-Ribose","D-Ribose","HMDB0000283","5779","C00121","C([C@@H]1[C@H]([C@H](C(O1)O)O)O)O","1"
"2-Deoxyribonic acid","2-Deoxyribonic acid","HMDB0000366","11528367",NA,"C([C@@H]([C@@H](CO)O)O)C(=O)O","1"
"D-Ribulose","D-Ribulose","HMDB0000621","151261","C00309","C([C@H]([C@H](C(=O)CO)O)O)O","1"
"L-Arabinose","L-Arabinose","HMDB0000646","439195","C02479","C1[C@@H]([C@@H]([C@H](C(O1)O)O)O)O","1"
"L-Threo-2-pentulose","L-Threo-2-pentulose","HMDB0000751","22253","C00312","C([C@@H]([C@H](C(=O)CO)O)O)O","1"
"D-Xylulose","D-Xylulose","HMDB0001644","5289590","C00310","C([C@H]([C@@H](C(=O)CO)O)O)O","1"
"L-Ribulose","L-Ribulose","HMDB0003371","439204","C00508","C1[C@H]([C@@H](C(O1)(CO)O)O)O","1"
"Beta-D-ribopyranose","Beta-D-ribopyranose","HMDB0012194","441481","C08353","C1[C@H]([C@H]([C@H]([C@@H](O1)O)O)O)O","1"
"Arabinofuranose","Arabinofuranose","HMDB0012325","440921","C06115","C([C@H]1[C@@H]([C@H](C(O1)O)O)O)O","1"
"Ribitol","Ribitol","HMDB0000508",NA,"C00474","OC[C@H](O)[C@H](O)[C@H](O)CO","1"
"D-Arabitol","D-Arabitol","HMDB0000568","827","C01904","C(C(C(C(CO)O)O)O)O","1"
"L-Arabitol","L-Arabitol","HMDB0001851","94154","C00532","C([C@@H](C([C@H](CO)O)O)O)O","1"
"D-Xylitol","D-Xylitol","HMDB0002917","6912","C00379","C([C@H](C([C@H](CO)O)O)O)O","1"
"Dopamine","Dopamine","HMDB0000073","681","C03758","C1=CC(=C(C=C1CCN)O)O","1"
"p-Octopamine","p-Octopamine","HMDB0004825","440266","C04227","C1=CC(=CC=C1[C@H](CN)O)O","1"
"Vanillylamine","Vanillylamine","HMDB0012309","70966","C16666","COC1=C(C=CC(=C1)CN)O","1"
"2-Aminomuconic acid","2-Aminomuconic acid","HMDB0001241","5280499","C02220","C(=C\C(=O)O)\C=C(/C(=O)O)\N","1"
"Adenosine 3',5'-diphosphate","Adenosine 3',5'-diphosphate","HMDB0000061","159296","C00054","C1=NC2=C(C(=N1)N)N=CN2[C@H]3[C@@H]([C@@H]([C@H](O3)COP(=O)(O)O)OP(=O)(O)O)O","1"
"dGDP","dGDP","HMDB0000960","439220","C00361","C1[C@@H]([C@H](O[C@H]1N2C=NC3=C2NC(=NC3=O)N)COP(=O)(O)OP(=O)(O)O)O","1"
"ADP","ADP","HMDB0001341","6022","C00008","C1=NC2=C(C(=N1)N)N=CN2[C@H]3[C@@H]([C@@H]([C@H](O3)COP(=O)(O)OP(=O)(O)O)O)O","1"
"13E-Tetranor-16-carboxy-LTE4","13E-Tetranor-16-carboxy-LTE4","HMDB0012575","53481472",NA,"C(C[C@@H]([C@@H](/C=C/C=C/C=C\C=C\CC(=O)O)SC[C@H](C(=O)O)N)O)CC(=O)O","1"
"7-Hydroxyoctanoic acid","7-Hydroxyoctanoic acid","HMDB0000486","167627",NA,"CC(CCCCCC(=O)O)O","1"
"Hydroxyoctanoic acid","Hydroxyoctanoic acid","HMDB0000711","94180",NA,"CCCCCCC(C(=O)O)O","1"
"3-Hydroxyoctanoic acid","3-Hydroxyoctanoic acid","HMDB0001954","26613","C20793","CCCCCC(CC(=O)O)O","1"
"(R)-2-Hydroxycaprylic acid","(R)-2-Hydroxycaprylic acid","HMDB0002264","5312860",NA,"CCCCCC[C@H](C(=O)O)O","1"
"(R)-3-Hydroxyoctanoic acid","(R)-3-Hydroxyoctanoic acid","HMDB0010722","5312861",NA,"CCCCC[C@H](CC(=O)O)O","1"
"LPA(0:0/18:0)","LysoPA(0:0/18:0)","HMDB0007850","76041074","C00416","CCCCCCCCCCCCCCCCCC(=O)O[C@H](CO)COP(=O)(O)O","1"
"LPA(18:0/0:0)","LysoPA(18:0/0:0)","HMDB0007854","9547179","C00416","CCCCCCCCCCCCCCCCCC(=O)OC[C@H](COP(=O)(O)O)O","1"
"Hyaluronic acid","Hyaluronic acid","HMDB0002061","53477741","C00518","CC(=O)N[C@@H]1[C@H]([C@@H]([C@H](O[C@H]1OC)CO)O)OC2[C@@H]([C@H]([C@@H]([C@H](O2)C(=O)O)OC)O)O","1"
"Deoxycholic acid glycine conjugate","Deoxycholic acid glycine conjugate","HMDB0000631","3035026","C05464","C[C@H](CCC(=O)NCC(=O)O)[C@H]1CCC2[C@@]1([C@H](CC3C2CC[C@H]4[C@@]3(CC[C@H](C4)O)C)O)C","1"
"Chenodeoxycholic acid glycine conjugate","Chenodeoxycholic acid glycine conjugate","HMDB0000637","22833540","C05466","C[C@H](CCC(=O)NCC(=O)O)[C@H]1CCC2[C@@]1(CCC3C2[C@@H](C[C@H]4[C@@]3(CC[C@H](C4)O)C)O)C","1"
"Glycoursodeoxycholic acid","Glycoursodeoxycholic acid","HMDB0000708","12310288",NA,"C[C@H](CCC(=O)NCC(=O)O)[C@H]1CC[C@@H]2[C@@]1(CC[C@H]3[C@H]2[C@H](C[C@H]4[C@@]3(CC[C@H](C4)O)C)O)C","1"
"Chenodeoxyglycocholic acid","Chenodeoxyglycocholic acid","HMDB0006898","53477907","C05462","CC(CCC(=O)NCC(=O)O)C1CCC2[C@@]1(CCC3C2[C@@H](CC4[C@@]3(CC[C@H](C4)O)C)O)C","1"
"Adenylsuccinic acid","Adenylsuccinic acid","HMDB0000536","440122","C03794","C1=NC2=C(C(=N1)NC(CC(=O)O)C(=O)O)N=CN2[C@H]3[C@@H]([C@@H]([C@H](O3)COP(=O)(O)O)O)O","1"
"N-Acetyl-L-aspartic acid","N-Acetyl-L-aspartic acid","HMDB0000812","65065","C01042","CC(=O)N[C@@H](CC(=O)O)C(=O)O","1"
"N-Formyl-L-glutamic acid","N-Formyl-L-glutamic acid","HMDB0003470","439376","C01045","C(CC(=O)O)[C@@H](C(=O)O)NC=O","1"
"Ascorbic acid","Ascorbic acid","HMDB0000044","54670067","C01041","C([C@@H]([C@@H]1C(=C(C(=O)O1)O)O)O)O","1"
"D-Glucurono-6,3-lactone","D-Glucurono-6,3-lactone","HMDB0006355","439782","C02670","[C@H]1([C@@H]2[C@@H]([C@H](C(=O)O2)O)O[C@H]1O)O","1"
"2-Isopropylmalic acid","2-Isopropylmalic acid","HMDB0000402","5280523","C02504","CC(C)[C@@](CC(=O)O)(C(=O)O)O","1"
"2,3-Dimethyl-3-hydroxyglutaric acid","2,3-Dimethyl-3-hydroxyglutaric acid","HMDB0002025","21252268",NA,"CC(C(=O)O)C(C)(CC(=O)O)O","1"
"3-Isopropylmalate","3-Isopropylmalate","HMDB0012156","5462261","C04411","CC(C)[C@@H]([C@H](C(=O)O)O)C(=O)O","1"
"Ceramide (d18:1/12:0)","Ceramide (d18:1/12:0)","HMDB0004947","5283562","C00195","CCCCCCCCCCCCC/C=C/[C@H]([C@H](CO)NC(=O)CCCCCCCCCCC)O","1"
"Lithocholyltaurine","Lithocholyltaurine","HMDB0000722","53477716","C02592","C[C@H](CCC(=O)NCCS(=O)(=O)O)C1CCC2[C@@]1(CCC3C2CCC4[C@@]3(CC[C@H](C4)O)C)C","1"
"Citicoline","Citicoline","HMDB0001413","13804","C00307","C[N+](C)(C)CCOP(=O)([O-])OP(=O)(O)OC[C@@H]1[C@H]([C@H]([C@@H](O1)N2C=CC(=NC2=O)N)O)O","1"
"Galactitol","Galactitol","HMDB0000107","11850","C01697","C([C@H]([C@@H]([C@@H]([C@H](CO)O)O)O)O)O","1"
"Sorbitol","Sorbitol","HMDB0000247","5780","C00794","C([C@H]([C@H]([C@@H]([C@H](CO)O)O)O)O)O","1"
"Mannitol","Mannitol","HMDB0000765","6251","C00392","C([C@H]([C@H]([C@@H]([C@@H](CO)O)O)O)O)O","1"
"L-Iditol","L-Iditol","HMDB0011632","656655","C01507","C([C@@H]([C@H]([C@@H]([C@H](CO)O)O)O)O)O","1"
"Epinephrine","Epinephrine","HMDB0000068","5816","C00788","CNC[C@@H](C1=CC(=C(C=C1)O)O)O","1"
"Normetanephrine","Normetanephrine","HMDB0000819","1237","C05589","COC1=C(C=CC(=C1)C(CN)O)O","1"
"Methylnoradrenaline","Methylnoradrenaline","HMDB0002832","3917","C17925","CC(C(C1=CC(=C(C=C1)O)O)O)N","1"
"Tauroursodeoxycholic acid","Tauroursodeoxycholic acid","HMDB0000874","12443252",NA,"C[C@H](CCC(=O)NCCS(=O)(=O)O)[C@H]1CC[C@@H]2[C@@]1(CC[C@H]3[C@H]2[C@H](CC4[C@@]3(CC[C@H](C4)O)C)O)C","1"
"Taurodeoxycholic acid","Taurodeoxycholic acid","HMDB0000896","2733768","C05463","C[C@H](CCC(=O)NCCS(=O)(=O)O)[C@H]1CC[C@@H]2[C@@]1([C@H](C[C@H]3[C@H]2CC[C@H]4[C@@]3(CC[C@H](C4)O)C)O)C","1"
"Taurochenodesoxycholic acid","Taurochenodesoxycholic acid","HMDB0000951","387316","C05465","C[C@H](CCC(=O)NCCS(=O)(=O)O)[C@H]1CC[C@@H]2[C@@]1(CC[C@H]3[C@H]2[C@@H](C[C@H]4[C@@]3(CC[C@H](C4)O)C)O)C","1"
"2-Keto-6-acetamidocaproate","2-Keto-6-acetamidocaproate","HMDB0012150","194080","C05548","CC(=O)NCCCCC(=O)C(=O)O","1"
"N1-Acetylspermidine","N1-Acetylspermidine","HMDB0001276","496","C00612","CC(=O)NCCCNCCCCN","1"
"N8-Acetylspermidine","N8-Acetylspermidine","HMDB0002189","123689","C01029","CC(=O)NCCCCNCCCN","1"
"LysoPE(0:0/20:0)","LysoPE(0:0/20:0)","HMDB0011481","53480930",NA,"CCCCCCCCCCCCCCCCCCCC(=O)O[C@H](CO)COP(=O)(O)OCCN","1"
"LysoPE(20:0/0:0)","LysoPE(20:0/0:0)","HMDB0011511","52925131",NA,"CCCCCCCCCCCCCCCCCCCC(=O)OC[C@H](COP(=O)(O)OCCN)O","1"
"LysoPC(17:0)","LysoPC(17:0)","HMDB0012108","24779463","C04230","CCCCCCCCCCCCCCCCC(=O)OC[C@H](COP(=O)([O-])OCC[N+](C)(C)C)O","1"
"LysoPC(18:0)","LysoPC(18:0)","HMDB0010384","497299","C04230","CCCCCCCCCCCCCCCCCC(=O)OC[C@H](COP(=O)([O-])OCC[N+](C)(C)C)O","1"
"LysoPC(0:0/18:0)","LysoPC(0:0/18:0)","HMDB0011128","24779491",NA,"CCCCCCCCCCCCCCCCCC(=O)O[C@H](CO)COP(=O)([O-])OCC[N+](C)(C)C","1"
"(R)-N-Methylsalsolinol","(R)-N-Methylsalsolinol","HMDB0003626","12989303",NA,"C[C@@H]1C2=CC(=C(C=C2CCN1C)O)O","1"
"(S)-N-Methylsalsolinol","(S)-N-Methylsalsolinol","HMDB0003892","124148",NA,"C[C@H]1C2=CC(=C(C=C2CCN1C)O)O","1"
"(-)-Salsoline","(-)-Salsoline","HMDB0012469","442356","C09640","C[C@H]1C2=CC(=C(C=C2CCN1)O)OC","1"
"(R)-1,2-dimethyl-5,6-dihydroxy-tetrahydroisoquinoline","(R)-1,2-dimethyl-5,6-dihydroxy-tetrahydroisoquinoline","HMDB0012484","53481438",NA,"C[C@@H]1C2=C(CCN1C)C(=C(C=C2)O)O","1"
"O-6-deoxy-a-L-galactopyranosyl-(1->2)-O-b-D-galactopyranosyl-(1->3)-2-(acetylamino)-1,5-anhydro-2-deoxy-D-arabino-Hex-1-enitol","O-6-deoxy-a-L-galactopyranosyl-(1->2)-O-b-D-galactopyranosyl-(1->3)-2-(acetylamino)-1,5-anhydro-2-deoxy-D-arabino-Hex-1-enitol","HMDB0002235","22833589",NA,"C[C@H]1[C@H]([C@H]([C@@H]([C@@H](O1)O[C@@H]2[C@H]([C@H]([C@H](O[C@H]2O[C@H]3[C@@H]([C@H](OC=C3NC(=O)C)CO)O)CO)O)O)O)O)O","1"
"O-6-deoxy-a-L-galactopyranosyl-(1->2)-O-b-D-galactopyranosyl-(1->4)-2-(acetylamino)-1,5-anhydro-2-deoxy-D-arabino-Hex-1-enitol","O-6-deoxy-a-L-galactopyranosyl-(1->2)-O-b-D-galactopyranosyl-(1->4)-2-(acetylamino)-1,5-anhydro-2-deoxy-D-arabino-Hex-1-enitol","HMDB0002276","22833591",NA,"C[C@H]1[C@H]([C@H]([C@@H]([C@@H](O1)O[C@@H]2[C@H]([C@H]([C@H](O[C@H]2O[C@@H]3[C@H](OC=C([C@H]3O)NC(=O)C)CO)CO)O)O)O)O)O","1"
"Ureidosuccinic acid","Ureidosuccinic acid","HMDB0000828","93072","C00438","C([C@@H](C(=O)O)NC(=O)N)C(=O)O","1"
"Galactonic acid","Galactonic acid","HMDB0000565","128869","C00880","C([C@H]([C@@H]([C@@H]([C@H](C(=O)O)O)O)O)O)O","1"
"Gluconic acid","Gluconic acid","HMDB0000625","10690","C00257","C([C@H]([C@H]([C@@H]([C@H](C(=O)O)O)O)O)O)O","1"
"Gulonic acid","Gulonic acid","HMDB0003290","152304","C00800","C([C@H]([C@@H]([C@H]([C@H](C(=O)O)O)O)O)O)O","1"
"Phosphoguanidinoacetate","Phosphoguanidinoacetate","HMDB0003705","188984","C03166","C(C(=O)O)N=C(N)NP(=O)(O)O","1"
"O-Ureidohomoserine","O-Ureidohomoserine","HMDB0012271","21126175",NA,"C(CONC(=O)N)C(C(=O)O)N","1"
"LysoPE(0:0/24:6(6Z,9Z,12Z,15Z,18Z,21Z))","LysoPE(0:0/24:6(6Z,9Z,12Z,15Z,18Z,21Z))","HMDB0011499","53480948",NA,"CC/C=C\C/C=C\C/C=C\C/C=C\C/C=C\C/C=C\CCCCC(=O)O[C@H](CO)COP(=O)(O)OCCN","1"
"LysoPE(24:6(6Z,9Z,12Z,15Z,18Z,21Z)/0:0)","LysoPE(24:6(6Z,9Z,12Z,15Z,18Z,21Z)/0:0)","HMDB0011529","53480958",NA,"CC/C=C\C/C=C\C/C=C\C/C=C\C/C=C\C/C=C\CCCCC(=O)OC[C@H](COP(=O)(O)OCCN)O","1"
"L-Acetylcarnitine","L-Acetylcarnitine","HMDB0000201","7045767","C02571","CC(=O)OC(CC(=O)[O-])C[N+](C)(C)C","1"
"L-beta-aspartyl-L-alanine","L-beta-aspartyl-L-alanine","HMDB0011162","14284576",NA,"CC(C(=O)O)NC(=O)CC(C(=O)O)N","1"
"5-L-Glutamylglycine","gamma-Glutamylglycine","HMDB0011667","165527",NA,"C(CC(=O)NCC(=O)O)[C@@H](C(=O)O)N","1"
"L-Aspartyl-4-phosphate","L-Aspartyl-4-phosphate","HMDB0012250","832","C03082","C(C(C(=O)O)N)C(=O)OP(=O)(O)O","1"
"Glutamylalanine","Glutamylalanine","HMDB0003764","6992506",NA,"C[C@@H](C(=O)O)NC(=O)[C@H](CCC(=O)O)N","1"
"5-L-Glutamyl-L-alanine","gamma-Glutamylalanine","HMDB0006248","440103","C03740","C[C@@H](C(=O)O)NC(=O)CC[C@@H](C(=O)O)N","1"
"Carnosine","Carnosine","HMDB0000033","439224","C00386","C1=C(NC=N1)C[C@@H](C(=O)O)NC(=O)CCN","1"
"(6R)-6-(L-Erythro-1,2-Dihydroxypropyl)-5,6,7,8-tetrahydro-4a-hydroxypterin","(6R)-6-(L-Erythro-1,2-Dihydroxypropyl)-5,6,7,8-tetrahydro-4a-hydroxypterin","HMDB0012482","53481437","C15522","C[C@@H](C([C@@H]1CNC2=C(N1)C(=O)N=CN2)O)O","1"
"DG(15:0/22:6(4Z,7Z,10Z,13Z,16Z,19Z)/0:0)","DG(15:0/22:6(4Z,7Z,10Z,13Z,16Z,19Z)/0:0)","HMDB0007092","53478021",NA,"CCCCCCCCCCCCCCC(=O)OC[C@H](CO)OC(=O)CC/C=C\C/C=C\C/C=C\C/C=C\C/C=C\C/C=C\CC","1"
"DG(22:6(4Z,7Z,10Z,13Z,16Z,19Z)/15:0/0:0)","DG(22:6(4Z,7Z,10Z,13Z,16Z,19Z)/15:0/0:0)","HMDB0007764","53478515",NA,"CCCCCCCCCCCCCCC(=O)O[C@@H](CO)COC(=O)CC/C=C\C/C=C\C/C=C\C/C=C\C/C=C\C/C=C\CC","1"
"Deoxycytidine","Deoxycytidine","HMDB0000014","13711","C00881","C1[C@@H]([C@H](O[C@H]1N2C=CC(=NC2=O)N)CO)O","1"
"L-isoleucyl-L-proline","L-isoleucyl-L-proline","HMDB11174","342734",NA,"CCC(C)C(C(=O)N1CCCC1C(=O)O)N","1"
"L-leucyl-L-proline","L-leucyl-L-proline","HMDB11175","44369311",NA,"CC(C)CC(C(=O)N1CCCC1C(=O)[O-])[NH3+]","1"
"DG(14:0/22:2(13Z,16Z)/0:0)","DG(14:0/22:2(13Z,16Z)/0:0)","HMDB0007030","53477965",NA,"CCCCCCCCCCCCCC(=O)OC[C@H](CO)OC(=O)CCCCCCCCCCC/C=C\C/C=C\CCCCC","1"
"DG(14:1(9Z)/22:1(13Z)/0:0)","DG(14:1(9Z)/22:1(13Z)/0:0)","HMDB0007058","53477993",NA,"CCCCCCCC/C=C\CCCCCCCCCCCC(=O)O[C@@H](CO)COC(=O)CCCCCCC/C=C\CCCC","1"
"DG(16:0/20:2(11Z,14Z)/0:0)","DG(16:0/20:2(11Z,14Z)/0:0)","HMDB0007109","9543721",NA,"CCCCCCCCCCCCCCCC(=O)OC[C@H](CO)OC(=O)CCCCCCCCC/C=C\C/C=C\CCCCC","1"
"DG(16:1(9Z)/20:1(11Z)/0:0)","DG(16:1(9Z)/20:1(11Z)/0:0)","HMDB0007137","9543720","C00165","CCCCCCCC/C=C\CCCCCCCCCC(=O)O[C@@H](CO)COC(=O)CCCCCCC/C=C\CCCCCC","1"
"DG(18:0/18:2(9Z,12Z)/0:0)","DG(18:0/18:2(9Z,12Z)/0:0)","HMDB0007161","6441562","C00165","CCCCCCCCCCCCCCCCCC(=O)OC[C@H](CO)OC(=O)CCCCCCC/C=C\C/C=C\CCCCC","1"
"DG(18:1(11Z)/18:1(11Z)/0:0)","DG(18:1(11Z)/18:1(11Z)/0:0)","HMDB0007188","53478063",NA,"CCCCCC/C=C\CCCCCCCCCC(=O)OC[C@H](CO)OC(=O)CCCCCCCCC/C=C\CCCCCC","1"
"DG(18:1(11Z)/18:1(9Z)/0:0)","DG(18:1(11Z)/18:1(9Z)/0:0)","HMDB0007189","53478064",NA,"CCCCCCCC/C=C\CCCCCCCC(=O)O[C@@H](CO)COC(=O)CCCCCCCCC/C=C\CCCCCC","1"
"DG(18:1(9Z)/18:1(11Z)/0:0)","DG(18:1(9Z)/18:1(11Z)/0:0)","HMDB0007217","53478091",NA,"CCCCCCCC/C=C\CCCCCCCC(=O)OC[C@H](CO)OC(=O)CCCCCCCCC/C=C\CCCCCC","1"
"DG(18:1(9Z)/18:1(9Z)/0:0)","DG(18:1(9Z)/18:1(9Z)/0:0)","HMDB0007218","9543716","C00165","CCCCCCCC/C=C\CCCCCCCC(=O)OC[C@H](CO)OC(=O)CCCCCCC/C=C\CCCCCCCC","1"
"DG(18:2(9Z,12Z)/18:0/0:0)","DG(18:2(9Z,12Z)/18:0/0:0)","HMDB0007245","53478103",NA,"CCCCCCCCCCCCCCCCCC(=O)O[C@@H](CO)COC(=O)CCCCCCC/C=C\C/C=C\CCCCC","1"
"DG(20:1(11Z)/16:1(9Z)/0:0)","DG(20:1(11Z)/16:1(9Z)/0:0)","HMDB0007389","53478205",NA,"CCCCCCCC/C=C\CCCCCCCCCC(=O)OC[C@H](CO)OC(=O)CCCCCCC/C=C\CCCCCC","1"
"DG(20:2(11Z,14Z)/16:0/0:0)","DG(20:2(11Z,14Z)/16:0/0:0)","HMDB0007417","53478222",NA,"CCCCCCCCCCCCCCCC(=O)O[C@@H](CO)COC(=O)CCCCCCCCC/C=C\C/C=C\CCCCC","1"
"DG(22:1(13Z)/14:1(9Z)/0:0)","DG(22:1(13Z)/14:1(9Z)/0:0)","HMDB0007618","53478383",NA,"CCCCCCCC/C=C\CCCCCCCCCCCC(=O)OC[C@H](CO)OC(=O)CCCCCCC/C=C\CCCC","1"
"DG(22:2(13Z,16Z)/14:0/0:0)","DG(22:2(13Z,16Z)/14:0/0:0)","HMDB0007646","53478406",NA,"CCCCCCCCCCCCCC(=O)O[C@@H](CO)COC(=O)CCCCCCCCCCC/C=C\C/C=C\CCCCC","1"
"Capsidiol","Capsidiol","HMDB0002352","161937","C09627","C[C@@H]1[C@@H](C[C@H](C2=CC[C@H](C[C@]12C)C(=C)C)O)O","1"
"Palmitaldehyde","Palmitaldehyde","HMDB0001551","984","C00517","CCCCCCCCCCCCCCCC=O","1"
"Dephospho-CoA","Dephospho-CoA","HMDB0001373","439335","C00882","CC(C)(COP(=O)(O)OP(=O)(O)OC[C@@H]1[C@H]([C@H]([C@@H](O1)N2C=NC3=C2N=CN=C3N)O)O)C(C(=O)NCCC(=O)NCCS)O","1"
"Gamma-Glutamylcysteine","gamma-Glutamylcysteine","HMDB0001049","123938","C00669","C(CC(=O)N[C@@H](CS)C(=O)O)[C@@H](C(=O)O)N","1"
"PE(16:1(9Z)/P-18:1(11Z))","PE(16:1(9Z)/P-18:1(11Z))","HMDB0008984","53479607","C00350","CCCCCC/C=C\CCCCCCCC/C=C\O[C@H](COC(=O)CCCCCCC/C=C\CCCCCC)COP(=O)(O)OCCN","1"
"PE(16:1(9Z)/P-18:1(9Z))","PE(16:1(9Z)/P-18:1(9Z))","HMDB0008985","53479608","C00350","CCCCCCCC/C=C\CCCCCC/C=C\O[C@H](COC(=O)CCCCCCC/C=C\CCCCCC)COP(=O)(O)OCCN","1"
"PE(18:2(9Z,12Z)/P-16:0)","PE(18:2(9Z,12Z)/P-16:0)","HMDB0009114","53479669","C00350","CCCCCCCCCCCCCC/C=C\O[C@H](COC(=O)CCCCCCC/C=C\C/C=C\CCCCC)COP(=O)(O)OCCN","1"
"PE(P-16:0/18:2(9Z,12Z))","PE(P-16:0/18:2(9Z,12Z))","HMDB0011343","52925127",NA,"CCCCCCCCCCCCCC/C=C\OC[C@H](COP(=O)(O)OCCN)OC(=O)CCCCCCC/C=C\C/C=C\CCCCC","1"
"PE(P-18:1(11Z)/16:1(9Z))","PE(P-18:1(11Z)/16:1(9Z))","HMDB0011405","53480865",NA,"CCCCCC/C=C\CCCCCCCC/C=C\OC[C@H](COP(=O)(O)OCCN)OC(=O)CCCCCCC/C=C\CCCCCC","1"
"PE(P-18:1(9Z)/16:1(9Z))","PE(P-18:1(9Z)/16:1(9Z))","HMDB0011438","53480894",NA,"CCCCCCCC/C=C\CCCCCC/C=C\OC[C@H](COP(=O)(O)OCCN)OC(=O)CCCCCCC/C=C\CCCCCC","1"
"6-Phosphonoglucono-D-lactone","6-Phosphonoglucono-D-lactone","HMDB0001127","439452","C01236","C([C@@H]1[C@H]([C@@H]([C@H](C(=O)O1)O)O)O)OP(=O)(O)O","1"
"2-Keto-3-deoxy-6-phosphogluconic acid","2-Keto-3-deoxy-6-phosphogluconic acid","HMDB0001376","3080745","C04442","C([C@@H]([C@@H](COP(=O)(O)O)O)O)C(=O)C(=O)O","1"
"Mannitol 1-phosphate","Mannitol 1-phosphate","HMDB0001530","130418","C00644","C([C@H]([C@H]([C@@H]([C@@H](COP(=O)(O)O)O)O)O)O)O","1"
"Sorbitol-6-phosphate","Sorbitol-6-phosphate","HMDB0005831","618","C02810","C(C(C(C(C(COP(=O)(O)O)O)O)O)O)O","1"
"Inosine","Inosine","HMDB0000195","6021","C00294","C1=NC(=O)C2=C(N1)N(C=N2)[C@H]3[C@@H]([C@@H]([C@H](O3)CO)O)O","1"
"Allopurinol riboside","Allopurinol riboside","HMDB0000481","5273534",NA,"OC[C@H]1O[C@H]([C@H](O)[C@@H]1O)N1N=CC2=C1NC=NC2=O","1"
"Arabinosylhypoxanthine","Arabinosylhypoxanthine","HMDB0003040","46874582",NA,"C1=NC(=O)C2=C(N1)N(C=N2)C3[C@H]([C@@H]([C@H](O3)CO)O)O","1"
"PG(16:1(9Z)/16:1(9Z))","PG(16:1(9Z)/16:1(9Z))","HMDB0010586","52927230",NA,"CCCCCC/C=C\CCCCCCCC(=O)OC[C@H](COP(=O)(O)OC[C@H](CO)O)OC(=O)CCCCCCC/C=C\CCCCCC","1"
"3-Methoxy-4-hydroxyphenylethyleneglycol sulfate","3-Methoxy-4-hydroxyphenylethyleneglycol sulfate","HMDB0000559","4183",NA,"COC1=C(C=CC(=C1)C(CO)O)OS(=O)(=O)O","1"
"3-Methoxy-4-Hydroxyphenylglycol sulfate","3-Methoxy-4-Hydroxyphenylglycol sulfate","HMDB0003332","3035420",NA,"COC1=C(C=CC(=C1)C(CO)OS(=O)(=O)O)O","1"
"PE(20:1(11Z)/P-18:1(11Z))","PE(20:1(11Z)/P-18:1(11Z))","HMDB0009281","53479728","C00350","CCCCCCCC/C=C\CCCCCCCCCC(=O)OC[C@H](COP(=O)(O)OCCN)O/C=C\CCCCCCCC/C=C\CCCCCC","1"
"PE(20:1(11Z)/P-18:1(9Z))","PE(20:1(11Z)/P-18:1(9Z))","HMDB0009282","53479729","C00350","CCCCCCCC/C=C\CCCCCCCCCC(=O)OC[C@H](COP(=O)(O)OCCN)O/C=C\CCCCCC/C=C\CCCCCCCC","1"
"PE(20:2(11Z,14Z)/P-18:0)","PE(20:2(11Z,14Z)/P-18:0)","HMDB0009313","53479739","C00350","CCCCCCCCCCCCCCCC/C=C\O[C@H](COC(=O)CCCCCCCCC/C=C\C/C=C\CCCCC)COP(=O)(O)OCCN","1"
"PE(22:2(13Z,16Z)/P-16:0)","PE(22:2(13Z,16Z)/P-16:0)","HMDB0009576","53479893","C00350","CCCCCCCCCCCCCC/C=C\O[C@H](COC(=O)CCCCCCCCCCC/C=C\C/C=C\CCCCC)COP(=O)(O)OCCN","1"
"PE(P-16:0/22:2(13Z,16Z))","PE(P-16:0/22:2(13Z,16Z))","HMDB0011357","52925065",NA,"CCCCCCCCCCCCCC/C=C\OC[C@H](COP(=O)(O)OCCN)OC(=O)CCCCCCCCCCC/C=C\C/C=C\CCCCC","1"
"PE(P-18:0/20:2(11Z,14Z))","PE(P-18:0/20:2(11Z,14Z))","HMDB0011382","52925087",NA,"CCCCCCCCCCCCCCCC/C=C\OC[C@H](COP(=O)(O)OCCN)OC(=O)CCCCCCCCC/C=C\C/C=C\CCCCC","1"
"PE(P-18:1(11Z)/20:1(11Z))","PE(P-18:1(11Z)/20:1(11Z))","HMDB0011414","53480874",NA,"CCCCCCCC/C=C\CCCCCCCCCC(=O)O[C@H](CO/C=C\CCCCCCCC/C=C\CCCCCC)COP(=O)(O)OCCN","1"
"PE(P-18:1(9Z)/20:1(11Z))","PE(P-18:1(9Z)/20:1(11Z))","HMDB0011447","53480903",NA,"CCCCCCCC/C=C\CCCCCCCCCC(=O)O[C@H](CO/C=C\CCCCCC/C=C\CCCCCCCC)COP(=O)(O)OCCN","1"
"2-(3-Carboxy-3-(methylammonio)propyl)-L-histidine","2-(3-Carboxy-3-(methylammonio)propyl)-L-histidine","HMDB0011654","440443","C04692","C[NH2+]C(CCC1=NC=C(N1)C[C@@H](C(=O)O)N)C(=O)O","1"
"13S-hydroxyoctadecadienoic acid","13S-hydroxyoctadecadienoic acid","HMDB0004667","6443013","C14762","CCCCC[C@@H](/C=C/C=C\CCCCCCCC(=O)O)O","1"
"Alpha-dimorphecolic","Alpha-dimorphecolic acid","HMDB0004670","5312830","C14767","CCCCC/C=C\C=C\[C@H](CCCCCCCC(=O)O)O","1"
"9,10-Epoxyoctadecenoic acid","9,10-Epoxyoctadecenoic acid","HMDB0004701","6246154","C14825","CCCCC/C=C\CC1C(O1)CCCCCCCC(=O)O","1"
"12,13-EpOME","12,13-EpOME","HMDB0004702","5356421","C14826","CCCCCC1C(O1)C/C=C\CCCCCCCC(=O)O","1"
"9-HODE","9-HODE","HMDB0010223","5282945",NA,"CCCCC/C=C/C=C/C(CCCCCCCC(=O)O)O","1"
"3'-Sialyl-3-fucosyllactose","3'-Sialyl-3-fucosyllactose","HMDB0006606","53477869",NA,"C[C@H]1[C@H]([C@H]([C@@H]([C@@H](O1)O[C@H]([C@H](C=O)O)[C@@H]([C@@H](CO)O)O[C@H]2[C@@H]([C@H]([C@H]([C@H](O2)CO)O)O[C@@]3(C[C@@H]([C@H]([C@@H](O3)[C@@H]([C@@H](CO)O)O)NC(=O)C)O)C(=O)O)O)O)O)O","1"
"3-O-Sulfogalactosylceramide (d18:1/16:0)","3-O-Sulfogalactosylceramide (d18:1/16:0)","HMDB0012313","24779578","C06125","CCCCCCCCCCCCCCCC(=O)N[C@@H](CO[C@H]1C(C([C@H]([C@H](O1)CO)O)OS(=O)(=O)O)O)[C@@H](/C=C/CCCCCCCCCCCCC)O","1"
"PC(14:0/22:4(7Z,10Z,13Z,16Z))","PC(14:0/22:4(7Z,10Z,13Z,16Z))","HMDB0007889","52922238","C00157","CCCCCCCCCCCCCC(=O)OC[C@H](COP(=O)([O-])OCC[N+](C)(C)C)OC(=O)CCCCC/C=C\C/C=C\C/C=C\C/C=C\CCCCC","1"
"PC(16:0/20:4(5Z,8Z,11Z,14Z))","PC(16:0/20:4(5Z,8Z,11Z,14Z))","HMDB0007982","10747814","C00157","CCCCCCCCCCCCCCCC(=O)OC[C@H](COP(=O)([O-])OCC[N+](C)(C)C)OC(=O)CCC/C=C\C/C=C\C/C=C\C/C=C\CCCCC","1"
"PC(16:0/20:4(8Z,11Z,14Z,17Z))","PC(16:0/20:4(8Z,11Z,14Z,17Z))","HMDB0007983","53478669","C00157","CCCCCCCCCCCCCCCC(=O)OC[C@H](COP(=O)([O-])OCC[N+](C)(C)C)OC(=O)CCCCCC/C=C\C/C=C\C/C=C\C/C=C\CC","1"
"PC(16:1(9Z)/20:3(5Z,8Z,11Z))","PC(16:1(9Z)/20:3(5Z,8Z,11Z))","HMDB0008013","53478679","C00157","CCCCCCCC/C=C\C/C=C\C/C=C\CCCC(=O)O[C@H](COC(=O)CCCCCCC/C=C\CCCCCC)COP(=O)([O-])OCC[N+](C)(C)C","1"
"PC(16:1(9Z)/20:3(8Z,11Z,14Z))","PC(16:1(9Z)/20:3(8Z,11Z,14Z))","HMDB0008014","52922463","C00157","CCCCCC/C=C\CCCCCCCC(=O)OC[C@H](COP(=O)([O-])OCC[N+](C)(C)C)OC(=O)CCCCCC/C=C\C/C=C\C/C=C\CCCCC","1"
"PC(18:0/18:4(6Z,9Z,12Z,15Z))","PC(18:0/18:4(6Z,9Z,12Z,15Z))","HMDB0008042","24778833","C00157","CCCCCCCCCCCCCCCCCC(=O)OC[C@H](COP(=O)([O-])OCC[N+](C)(C)C)OC(=O)CCCC/C=C\C/C=C\C/C=C\C/C=C\CC","1"
"PC(18:1(11Z)/18:3(6Z,9Z,12Z))","PC(18:1(11Z)/18:3(6Z,9Z,12Z))","HMDB0008073","53478725","C00157","CCCCCC/C=C\CCCCCCCCCC(=O)OC[C@H](COP(=O)([O-])OCC[N+](C)(C)C)OC(=O)CCCC/C=C\C/C=C\C/C=C\CCCCC","1"
"PC(18:1(11Z)/18:3(9Z,12Z,15Z))","PC(18:1(11Z)/18:3(9Z,12Z,15Z))","HMDB0008074","53478727","C00157","CCCCCC/C=C\CCCCCCCCCC(=O)OC[C@H](COP(=O)([O-])OCC[N+](C)(C)C)OC(=O)CCCCCCC/C=C\C/C=C\C/C=C\CC","1"
"PC(18:1(9Z)/18:3(6Z,9Z,12Z))","PC(18:1(9Z)/18:3(6Z,9Z,12Z))","HMDB0008106","52922685","C00157","CCCCCCCC/C=C\CCCCCCCC(=O)OC[C@H](COP(=O)([O-])OCC[N+](C)(C)C)OC(=O)CCCC/C=C\C/C=C\C/C=C\CCCCC","1"
"PC(18:1(9Z)/18:3(9Z,12Z,15Z))","PC(18:1(9Z)/18:3(9Z,12Z,15Z))","HMDB0008107","24778941","C00157","CCCCCCCC/C=C\CCCCCCCC(=O)OC[C@H](COP(=O)([O-])OCC[N+](C)(C)C)OC(=O)CCCCCCC/C=C\C/C=C\C/C=C\CC","1"
"PC(18:2(9Z,12Z)/18:2(9Z,12Z))","PC(18:2(9Z,12Z)/18:2(9Z,12Z))","HMDB0008138","5288075","C00157","CCCCC/C=C\C/C=C\CCCCCCCC(=O)OC[C@H](COP(=O)([O-])OCC[N+](C)(C)C)OC(=O)CCCCCCC/C=C\C/C=C\CCCCC","1"
"PC(18:3(6Z,9Z,12Z)/18:1(11Z))","PC(18:3(6Z,9Z,12Z)/18:1(11Z))","HMDB0008169","53478807","C00157","CCCCCC/C=C\CCCCCCCCCC(=O)O[C@H](COC(=O)CCCC/C=C\C/C=C\C/C=C\CCCCC)COP(=O)([O-])OCC[N+](C)(C)C","1"
"PC(18:3(6Z,9Z,12Z)/18:1(9Z))","PC(18:3(6Z,9Z,12Z)/18:1(9Z))","HMDB0008170","52922783","C00157","CCCCCCCC/C=C\CCCCCCCC(=O)O[C@H](COC(=O)CCCC/C=C\C/C=C\C/C=C\CCCCC)COP(=O)([O-])OCC[N+](C)(C)C","1"
"PC(18:3(9Z,12Z,15Z)/18:1(11Z))","PC(18:3(9Z,12Z,15Z)/18:1(11Z))","HMDB0008202","53478831","C00157","CCCCCC/C=C\CCCCCCCCCC(=O)O[C@H](COC(=O)CCCCCCC/C=C\C/C=C\C/C=C\CC)COP(=O)([O-])OCC[N+](C)(C)C","1"
"PC(18:3(9Z,12Z,15Z)/18:1(9Z))","PC(18:3(9Z,12Z,15Z)/18:1(9Z))","HMDB0008203","24778989","C00157","CCCCCCCC/C=C\CCCCCCCC(=O)O[C@H](COC(=O)CCCCCCC/C=C\C/C=C\C/C=C\CC)COP(=O)([O-])OCC[N+](C)(C)C","1"
"PC(18:4(6Z,9Z,12Z,15Z)/18:0)","PC(18:4(6Z,9Z,12Z,15Z)/18:0)","HMDB0008234","52922901","C00157","CCCCCCCCCCCCCCCCCC(=O)O[C@H](COC(=O)CCCC/C=C\C/C=C\C/C=C\C/C=C\CC)COP(=O)([O-])OCC[N+](C)(C)C","1"
"PC(20:3(5Z,8Z,11Z)/16:1(9Z))","PC(20:3(5Z,8Z,11Z)/16:1(9Z))","HMDB0008365","53478951","C00157","CCCCCCCC/C=C\C/C=C\C/C=C\CCCC(=O)OC[C@H](COP(=O)([O-])OCC[N+](C)(C)C)OC(=O)CCCCCCC/C=C\CCCCCC","1"
"PC(20:3(8Z,11Z,14Z)/16:1(9Z))","PC(20:3(8Z,11Z,14Z)/16:1(9Z))","HMDB0008398","52923223","C00157","CCCCCC/C=C\CCCCCCCC(=O)O[C@H](COC(=O)CCCCCC/C=C\C/C=C\C/C=C\CCCCC)COP(=O)([O-])OCC[N+](C)(C)C","1"
"PC(20:4(5Z,8Z,11Z,14Z)/16:0)","PC(20:4(5Z,8Z,11Z,14Z)/16:0)","HMDB0008429","24779073","C00157","CCCCCCCCCCCCCCCC(=O)O[C@H](COC(=O)CCC/C=C\C/C=C\C/C=C\C/C=C\CCCCC)COP(=O)([O-])OCC[N+](C)(C)C","1"
"PC(20:4(8Z,11Z,14Z,17Z)/16:0)","PC(20:4(8Z,11Z,14Z,17Z)/16:0)","HMDB0008462","53479063","C00157","CCCCCCCCCCCCCCCC(=O)O[C@H](COC(=O)CCCCCC/C=C\C/C=C\C/C=C\C/C=C\CC)COP(=O)([O-])OCC[N+](C)(C)C","1"
"PC(22:4(7Z,10Z,13Z,16Z)/14:0)","PC(22:4(7Z,10Z,13Z,16Z)/14:0)","HMDB0008623","52923613","C00157","CCCCCCCCCCCCCC(=O)O[C@H](COC(=O)CCCCC/C=C\C/C=C\C/C=C\C/C=C\CCCCC)COP(=O)([O-])OCC[N+](C)(C)C","1"
"N-Acetyl-D-Glucosamine 6-Phosphate","N-Acetyl-D-Glucosamine 6-Phosphate","HMDB0001062","440996","C00357","CC(=O)N[C@@H]1[C@H]([C@@H]([C@H](OC1O)COP(=O)(O)O)O)O","1"
"N-Acetyl-D-mannosamine 6-phosphate","N-Acetyl-D-mannosamine 6-phosphate","HMDB0001121","440273","C04257","CC(=O)N[C@H]1[C@H]([C@@H]([C@H](O[C@@H]1O)COP(=O)(O)O)O)O","1"
"N-Acetyl-glucosamine 1-phosphate","N-Acetyl-glucosamine 1-phosphate","HMDB0001367","7115","C04256","CC(=O)N[C@@H]1[C@H]([C@@H]([C@H](OC1OP(=O)(O)O)CO)O)O","1"
"N-Acetylglucosamine 6-phosphate","N-Acetylglucosamine 6-phosphate","HMDB0002817","439219",NA,"CC(=O)N[C@@H]1[C@H]([C@@H]([C@H](O[C@@H]1O)COP(=O)(O)O)O)O","1"
"N-Acetyl-D-galactosamine 1-phosphate","N-Acetyl-D-galactosamine 1-phosphate","HMDB0006480","22833661",NA,"CC(=O)N[C@@H]1[C@H]([C@H]([C@H](OC1OP(=O)(O)O)CO)O)O","1"
"PC(18:1(9Z)/18:1(9Z))","PC(18:1(9Z)/18:1(9Z))","HMDB0000593","6437081","C00157","CCCCCCCC/C=C\CCCCCCCC(=O)OCC(COP(=O)([O-])OCC[N+](C)(C)C)OC(=O)CCCCCCC/C=C\CCCCCCCC","1"
"PC(14:0/22:2(13Z,16Z))","PC(14:0/22:2(13Z,16Z))","HMDB0007888","52922236","C00157","CCCCCCCCCCCCCC(=O)OC[C@H](COP(=O)([O-])OCC[N+](C)(C)C)OC(=O)CCCCCCCCCCC/C=C\C/C=C\CCCCC","1"
"PC(14:1(9Z)/22:1(13Z))","PC(14:1(9Z)/22:1(13Z))","HMDB0007920","53478629","C00157","CCCCCCCC/C=C\CCCCCCCCCCCC(=O)O[C@H](COC(=O)CCCCCCC/C=C\CCCC)COP(=O)([O-])OCC[N+](C)(C)C","1"
"PC(16:0/20:2(11Z,14Z))","PC(16:0/20:2(11Z,14Z))","HMDB0007979","52922420","C00157","CCCCCCCCCCCCCCCC(=O)OC[C@H](COP(=O)([O-])OCC[N+](C)(C)C)OC(=O)CCCCCCCCC/C=C\C/C=C\CCCCC","1"
"PC(16:1(9Z)/20:1(11Z))","PC(16:1(9Z)/20:1(11Z))","HMDB0008011","52922459","C00157","CCCCCCCC/C=C\CCCCCCCCCC(=O)O[C@H](COC(=O)CCCCCCC/C=C\CCCCCC)COP(=O)([O-])OCC[N+](C)(C)C","1"
"PC(18:0/18:2(9Z,12Z))","PC(18:0/18:2(9Z,12Z))","HMDB0008039","6441487","C00157","CCCCCCCCCCCCCCCCCC(=O)OC[C@H](COP(=O)([O-])OCC[N+](C)(C)C)OC(=O)CCCCCCC/C=C\C/C=C\CCCCC","1"
"PC(18:1(11Z)/18:1(11Z))","PC(18:1(11Z)/18:1(11Z))","HMDB0008070","24778895","C00157","CCCCCC/C=C\CCCCCCCCCC(=O)OC[C@H](COP(=O)([O-])OCC[N+](C)(C)C)OC(=O)CCCCCCCCC/C=C\CCCCCC","1"
"PC(18:1(11Z)/18:1(9Z))","PC(18:1(11Z)/18:1(9Z))","HMDB0008071","53478721","C00157","CCCCCCCC/C=C\CCCCCCCC(=O)O[C@H](COC(=O)CCCCCCCCC/C=C\CCCCCC)COP(=O)([O-])OCC[N+](C)(C)C","1"
"PC(18:1(9Z)/18:1(11Z))","PC(18:1(9Z)/18:1(11Z))","HMDB0008103","53478765","C00157","CCCCCCCC/C=C\CCCCCCCC(=O)OC[C@H](COP(=O)([O-])OCC[N+](C)(C)C)OC(=O)CCCCCCCCC/C=C\CCCCCC","1"
"PC(18:2(9Z,12Z)/18:0)","PC(18:2(9Z,12Z)/18:0)","HMDB0008135","15378085","C00157","CCCCCCCCCCCCCCCCCC(=O)O[C@H](COC(=O)CCCCCCC/C=C\C/C=C\CCCCC)COP(=O)([O-])OCC[N+](C)(C)C","1"
"PC(20:1(11Z)/16:1(9Z))","PC(20:1(11Z)/16:1(9Z))","HMDB0008299","52923103","C00157","CCCCCCCC/C=C\CCCCCCCCCC(=O)OC[C@H](COP(=O)([O-])OCC[N+](C)(C)C)OC(=O)CCCCCCC/C=C\CCCCCC","1"
"PC(20:2(11Z,14Z)/16:0)","PC(20:2(11Z,14Z)/16:0)","HMDB0008331","52923161","C00157","CCCCCCCCCCCCCCCC(=O)O[C@H](COC(=O)CCCCCCCCC/C=C\C/C=C\CCCCC)COP(=O)([O-])OCC[N+](C)(C)C","1"
"PC(22:1(13Z)/14:1(9Z))","PC(22:1(13Z)/14:1(9Z))","HMDB0008559","53479167","C00157","CCCCCCCC/C=C\CCCCCCCCCCCC(=O)OC[C@H](COP(=O)([O-])OCC[N+](C)(C)C)OC(=O)CCCCCCC/C=C\CCCC","1"
"PC(22:2(13Z,16Z)/14:0)","PC(22:2(13Z,16Z)/14:0)","HMDB0008590","52923551","C00157","CCCCCCCCCCCCCC(=O)O[C@H](COC(=O)CCCCCCCCCCC/C=C\C/C=C\CCCCC)COP(=O)([O-])OCC[N+](C)(C)C","1"
"PC(18:0/P-18:1(11Z))","PC(18:0/P-18:1(11Z))","HMDB0008062","53478707","C00157","CCCCCCCCCCCCCCCCCC(=O)OCC(COP(=O)([O-])OCC[N+](C)(C)C)O/C=C\CCCCCCCC/C=C\CCCCCC","1"
"PC(18:0/P-18:1(9Z))","PC(18:0/P-18:1(9Z))","HMDB0008063","53478709","C00157","CCCCCCCCCCCCCCCCCC(=O)OCC(COP(=O)([O-])OCC[N+](C)(C)C)O/C=C\CCCCCC/C=C\CCCCCCCC","1"
"PC(18:1(11Z)/P-18:0)","PC(18:1(11Z)/P-18:0)","HMDB0008094","53478759","C00157","CCCCCCCCCCCCCCCC/C=C\OC(COC(=O)CCCCCCCCC/C=C\CCCCCC)COP(=O)([O-])OCC[N+](C)(C)C","1"
"PC(18:1(9Z)/P-18:0)","PC(18:1(9Z)/P-18:0)","HMDB0008127","53478779","C00157","CCCCCCCCCCCCCCCC/C=C\OC(COC(=O)CCCCCCC/C=C\CCCCCCCC)COP(=O)([O-])OCC[N+](C)(C)C","1"
"PC(20:1(11Z)/P-16:0)","PC(20:1(11Z)/P-16:0)","HMDB0008324","53478911","C00157","CCCCCCCCCCCCCC/C=C\OC(COC(=O)CCCCCCCCC/C=C\CCCCCCCC)COP(=O)([O-])OCC[N+](C)(C)C","1"
"PC(P-16:0/20:1(11Z))","PC(P-16:0/20:1(11Z))","HMDB0011216","52923904",NA,"CCCCCCCCCCCCCC/C=C\OC[C@H](COP(=O)([O-])OCC[N+](C)(C)C)OC(=O)CCCCCCCCC/C=C\CCCCCCCC","1"
"PC(P-18:0/18:1(11Z))","PC(P-18:0/18:1(11Z))","HMDB0011242","53480707",NA,"CCCCCCCCCCCCCCCC/C=C\OC[C@H](COP(=O)([O-])OCC[N+](C)(C)C)OC(=O)CCCCCCCCC/C=C\CCCCCC","1"
"PC(P-18:0/18:1(9Z))","PC(P-18:0/18:1(9Z))","HMDB0011243","42607428",NA,"CCCCCCCCCCCCCCCC/C=C\OC[C@H](COP(=O)([O-])OCC[N+](C)(C)C)OC(=O)CCCCCCC/C=C\CCCCCCCC","1"
"PC(P-18:1(11Z)/18:0)","PC(P-18:1(11Z)/18:0)","HMDB0011274","53480739",NA,"CCCCCCCCCCCCCCCCCC(=O)O[C@H](CO/C=C\CCCCCCCC/C=C\CCCCCC)COP(=O)([O-])OCC[N+](C)(C)C","1"
"PC(P-18:1(9Z)/18:0)","PC(P-18:1(9Z)/18:0)","HMDB0011307","53480797",NA,"CCCCCCCCCCCCCCCCCC(=O)O[C@H](CO/C=C\CCCCCC/C=C\CCCCCCCC)COP(=O)([O-])OCC[N+](C)(C)C","1"
"PC(o-18:0/18:2(9Z,12Z))","PC(o-18:0/18:2(9Z,12Z))","HMDB0013418","6443070",NA,"CCCCCCCCCCCCCCCCCCOC[C@H](COP(=O)([O-])OCC[N+](C)(C)C)OC(=O)CCCCCCC/C=C\C/C=C\CCCCC","1"
"PC(o-18:1(9Z)/18:1(11Z))","PC(o-18:1(9Z)/18:1(11Z))","HMDB0013428","53481725",NA,"CCCCCCCC/C=C\CCCCCCCCOC[C@H](COP(=O)([O-])OCC[N+](C)(C)C)OC(=O)CCCCCCCCC/C=C\CCCCCC","1"
"Digoxin","Digoxin","HMDB0001917","2724385","C06956","C[C@@H]1[C@H]([C@H](C[C@@H](O1)O[C@@H]2[C@H](O[C@H](C[C@@H]2O)O[C@@H]3[C@H](O[C@H](C[C@@H]3O)O[C@H]4CC[C@]5([C@@H](C4)CC[C@@H]6[C@@H]5C[C@H]([C@]7([C@@]6(CC[C@@H]7C8=CC(=O)OC8)O)C)O)C)C)C)O)O","1"
"PGP(16:0/16:1(9Z))","PGP(16:0/16:1(9Z))","HMDB0013473","53481795",NA,"CCCCCCCCCCCCCCCC(=O)OC[C@H](COP(=O)(O)OC[C@H](COP(=O)(O)O)O)OC(=O)CCCCCCC/C=C\CCCCCC","1"
"PGP(16:1(9Z)/16:0)","PGP(16:1(9Z)/16:0)","HMDB0013487","53481807",NA,"CCCCCCCCCCCCCCCC(=O)O[C@H](COC(=O)CCCCCCC/C=C\CCCCCC)COP(=O)(O)OC[C@H](COP(=O)(O)O)O","1"
"PC(14:1(9Z)/22:2(13Z,16Z))","PC(14:1(9Z)/22:2(13Z,16Z))","HMDB0007921","52922294","C00157","CCCCC/C=C\C/C=C\CCCCCCCCCCCC(=O)O[C@H](COC(=O)CCCCCCC/C=C\CCCC)COP(=O)([O-])OCC[N+](C)(C)C","1"
"PC(16:0/20:3(5Z,8Z,11Z))","PC(16:0/20:3(5Z,8Z,11Z))","HMDB0007980","24778715","C00157","CCCCCCCCCCCCCCCC(=O)OC[C@H](COP(=O)([O-])OCC[N+](C)(C)C)OC(=O)CCC/C=C\C/C=C\C/C=C\CCCCCCCC","1"
"PC(16:0/20:3(8Z,11Z,14Z))","PC(16:0/20:3(8Z,11Z,14Z))","HMDB0007981","24778719","C00157","CCCCCCCCCCCCCCCC(=O)OC[C@H](COP(=O)([O-])OCC[N+](C)(C)C)OC(=O)CCCCCC/C=C\C/C=C\C/C=C\CCCCC","1"
"PC(16:1(9Z)/20:2(11Z,14Z))","PC(16:1(9Z)/20:2(11Z,14Z))","HMDB0008012","52922461","C00157","CCCCCC/C=C\CCCCCCCC(=O)OC[C@H](COP(=O)([O-])OCC[N+](C)(C)C)OC(=O)CCCCCCCCC/C=C\C/C=C\CCCCC","1"
"PC(18:0/18:3(6Z,9Z,12Z))","PC(18:0/18:3(6Z,9Z,12Z))","HMDB0008040","52922655","C00157","CCCCCCCCCCCCCCCCCC(=O)OC[C@H](COP(=O)([O-])OCC[N+](C)(C)C)OC(=O)CCCC/C=C\C/C=C\C/C=C\CCCCC","1"
"PC(18:0/18:3(9Z,12Z,15Z))","PC(18:0/18:3(9Z,12Z,15Z))","HMDB0008041","52922657","C00157","CCCCCCCCCCCCCCCCCC(=O)OC[C@H](COP(=O)([O-])OCC[N+](C)(C)C)OC(=O)CCCCCCC/C=C\C/C=C\C/C=C\CC","1"
"PC(18:1(11Z)/18:2(9Z,12Z))","PC(18:1(11Z)/18:2(9Z,12Z))","HMDB0008072","53478723","C00157","CCCCCC/C=C\CCCCCCCCCC(=O)OC[C@H](COP(=O)([O-])OCC[N+](C)(C)C)OC(=O)CCCCCCC/C=C\C/C=C\CCCCC","1"
"PC(18:1(9Z)/18:2(9Z,12Z))","PC(18:1(9Z)/18:2(9Z,12Z))","HMDB0008105","24778939","C00157","CCCCCCCC/C=C\CCCCCCCC(=O)OC[C@H](COP(=O)([O-])OCC[N+](C)(C)C)OC(=O)CCCCCCC/C=C\C/C=C\CCCCC","1"
"PC(18:2(9Z,12Z)/18:1(11Z))","PC(18:2(9Z,12Z)/18:1(11Z))","HMDB0008136","53478785","C00157","CCCCCC/C=C\CCCCCCCCCC(=O)O[C@H](COC(=O)CCCCCCC/C=C\C/C=C\CCCCC)COP(=O)([O-])OCC[N+](C)(C)C","1"
"PC(18:2(9Z,12Z)/18:1(9Z))","PC(18:2(9Z,12Z)/18:1(9Z))","HMDB0008137","52922727","C00157","CCCCCCCC/C=C\CCCCCCCC(=O)O[C@H](COC(=O)CCCCCCC/C=C\C/C=C\CCCCC)COP(=O)([O-])OCC[N+](C)(C)C","1"
"PC(18:3(6Z,9Z,12Z)/18:0)","PC(18:3(6Z,9Z,12Z)/18:0)","HMDB0008168","52922781","C00157","CCCCCCCCCCCCCCCCCC(=O)O[C@H](COC(=O)CCCC/C=C\C/C=C\C/C=C\CCCCC)COP(=O)([O-])OCC[N+](C)(C)C","1"
"PC(18:3(9Z,12Z,15Z)/18:0)","PC(18:3(9Z,12Z,15Z)/18:0)","HMDB0008201","52922843","C00157","CCCCCCCCCCCCCCCCCC(=O)O[C@H](COC(=O)CCCCCCC/C=C\C/C=C\C/C=C\CC)COP(=O)([O-])OCC[N+](C)(C)C","1"
"PC(20:2(11Z,14Z)/16:1(9Z))","PC(20:2(11Z,14Z)/16:1(9Z))","HMDB0008332","52923163","C00157","CCCCCC/C=C\CCCCCCCC(=O)O[C@H](COC(=O)CCCCCCCCC/C=C\C/C=C\CCCCC)COP(=O)([O-])OCC[N+](C)(C)C","1"
"PC(20:3(5Z,8Z,11Z)/16:0)","PC(20:3(5Z,8Z,11Z)/16:0)","HMDB0008364","53478949","C00157","CCCCCCCCCCCCCCCC(=O)O[C@H](COC(=O)CCC/C=C\C/C=C\C/C=C\CCCCCCCC)COP(=O)([O-])OCC[N+](C)(C)C","1"
"PC(20:3(8Z,11Z,14Z)/16:0)","PC(20:3(8Z,11Z,14Z)/16:0)","HMDB0008397","52923221","C00157","CCCCCCCCCCCCCCCC(=O)O[C@H](COC(=O)CCCCCC/C=C\C/C=C\C/C=C\CCCCC)COP(=O)([O-])OCC[N+](C)(C)C","1"
"PC(22:2(13Z,16Z)/14:1(9Z))","PC(22:2(13Z,16Z)/14:1(9Z))","HMDB0008591","52923553","C00157","CCCCC/C=C\C/C=C\CCCCCCCCCCCC(=O)OC[C@H](COP(=O)([O-])OCC[N+](C)(C)C)OC(=O)CCCCCCC/C=C\CCCC","1"
"Phosphoribosylformylglycineamidine","Phosphoribosylformylglycineamidine","HMDB0000999","440417","C04640","C([C@@H]1[C@H]([C@H]([C@@H](O1)N=C(CNC=O)N)O)O)OP(=O)(O)O","1"
"5'-phosphoribosyl-a-N-formylglycineamidine","5'-phosphoribosyl-a-N-formylglycineamidine","HMDB0002305","154","C04640","C(C1C(C(C(O1)N=C(CNC=O)N)O)O)OP(=O)(O)O","1"
"PC(20:4(5Z,8Z,11Z,14Z)/P-18:1(11Z))","PC(20:4(5Z,8Z,11Z,14Z)/P-18:1(11Z))","HMDB0008457","53479053","C00157","CCCCCC/C=C\CCCCCCCC/C=C\OC(COC(=O)CCC/C=C\C/C=C\C/C=C\C/C=C\CCCCC)COP(=O)([O-])OCC[N+](C)(C)C","1"
"PC(20:4(5Z,8Z,11Z,14Z)/P-18:1(9Z))","PC(20:4(5Z,8Z,11Z,14Z)/P-18:1(9Z))","HMDB0008458","53479055","C00157","CCCCCCCC/C=C\CCCCCC/C=C\OC(COC(=O)CCC/C=C\C/C=C\C/C=C\C/C=C\CCCCC)COP(=O)([O-])OCC[N+](C)(C)C","1"
"PC(20:4(8Z,11Z,14Z,17Z)/P-18:1(11Z))","PC(20:4(8Z,11Z,14Z,17Z)/P-18:1(11Z))","HMDB0008490","53479119","C00157","CCCCCC/C=C\CCCCCCCC/C=C\OC(COC(=O)CCCCCC/C=C\C/C=C\C/C=C\C/C=C\CC)COP(=O)([O-])OCC[N+](C)(C)C","1"
"PC(20:4(8Z,11Z,14Z,17Z)/P-18:1(9Z))","PC(20:4(8Z,11Z,14Z,17Z)/P-18:1(9Z))","HMDB0008491","53479121","C00157","CCCCCCCC/C=C\CCCCCC/C=C\OC(COC(=O)CCCCCC/C=C\C/C=C\C/C=C\C/C=C\CC)COP(=O)([O-])OCC[N+](C)(C)C","1"
"PC(20:5(5Z,8Z,11Z,14Z,17Z)/P-18:0)","PC(20:5(5Z,8Z,11Z,14Z,17Z)/P-18:0)","HMDB0008522","53479141","C00157","CCCCCCCCCCCCCCCC/C=C\OC(COC(=O)CCC/C=C\C/C=C\C/C=C\C/C=C\C/C=C\CC)COP(=O)([O-])OCC[N+](C)(C)C","1"
"PC(22:5(4Z,7Z,10Z,13Z,16Z)/P-16:0)","PC(22:5(4Z,7Z,10Z,13Z,16Z)/P-16:0)","HMDB0008685","53479333","C00157","CCCCCCCCCCCCCC/C=C\OC(COC(=O)CC/C=C\C/C=C\C/C=C\C/C=C\C/C=C\CCCCC)COP(=O)([O-])OCC[N+](C)(C)C","1"
"PC(22:5(7Z,10Z,13Z,16Z,19Z)/P-16:0)","PC(22:5(7Z,10Z,13Z,16Z,19Z)/P-16:0)","HMDB0008718","53479399","C00157","CCCCCCCCCCCCCC/C=C\OC(COC(=O)CCCCC/C=C\C/C=C\C/C=C\C/C=C\C/C=C\CC)COP(=O)([O-])OCC[N+](C)(C)C","1"
"PC(P-16:0/22:5(4Z,7Z,10Z,13Z,16Z))","PC(P-16:0/22:5(4Z,7Z,10Z,13Z,16Z))","HMDB0011227","53480695",NA,"CCCCCCCCCCCCCC/C=C\OC[C@H](COP(=O)([O-])OCC[N+](C)(C)C)OC(=O)CC/C=C\C/C=C\C/C=C\C/C=C\C/C=C\CCCCC","1"
"PC(P-16:0/22:5(7Z,10Z,13Z,16Z,19Z))","PC(P-16:0/22:5(7Z,10Z,13Z,16Z,19Z))","HMDB0011228","53480697",NA,"CCCCCCCCCCCCCC/C=C\OC[C@H](COP(=O)([O-])OCC[N+](C)(C)C)OC(=O)CCCCC/C=C\C/C=C\C/C=C\C/C=C\C/C=C\CC","1"
"PC(P-18:0/20:5(5Z,8Z,11Z,14Z,17Z))","PC(P-18:0/20:5(5Z,8Z,11Z,14Z,17Z))","HMDB0011255","52923964",NA,"CCCCCCCCCCCCCCCC/C=C\OC[C@H](COP(=O)([O-])OCC[N+](C)(C)C)OC(=O)CCC/C=C\C/C=C\C/C=C\C/C=C\C/C=C\CC","1"
"PC(P-18:1(11Z)/20:4(5Z,8Z,11Z,14Z))","PC(P-18:1(11Z)/20:4(5Z,8Z,11Z,14Z))","HMDB0011286","53480763",NA,"CCCCCC/C=C\CCCCCCCC/C=C\OC[C@H](COP(=O)([O-])OCC[N+](C)(C)C)OC(=O)CCC/C=C\C/C=C\C/C=C\C/C=C\CCCCC","1"
"PC(dm18:1(11Z)/20:4(8Z,11Z,14Z,17Z))","PC(dm18:1(11Z)/20:4(8Z,11Z,14Z,17Z))","HMDB11287","53480765",NA,"CCCCCC/C=C\CCCCCCCC/C=C\OC[C@H](COP(=O)([O-])OCC[N+](C)(C)C)OC(=O)CCCCCC/C=C\C/C=C\C/C=C\C/C=C\CC","1"
"PC(P-18:1(9Z)/20:4(5Z,8Z,11Z,14Z))","PC(P-18:1(9Z)/20:4(5Z,8Z,11Z,14Z))","HMDB0011319","53480821",NA,"CCCCCCCC/C=C\CCCCCC/C=C\OC[C@H](COP(=O)([O-])OCC[N+](C)(C)C)OC(=O)CCC/C=C\C/C=C\C/C=C\C/C=C\CCCCC","1"
"PC(P-18:1(9Z)/20:4(8Z,11Z,14Z,17Z))","PC(P-18:1(9Z)/20:4(8Z,11Z,14Z,17Z))","HMDB0011320","53480823",NA,"CCCCCCCC/C=C\CCCCCC/C=C\OC[C@H](COP(=O)([O-])OCC[N+](C)(C)C)OC(=O)CCCCCC/C=C\C/C=C\C/C=C\C/C=C\CC","1"
"PC(o-16:0/22:6(4Z,7Z,10Z,13Z,16Z,19Z))","PC(o-16:0/22:6(4Z,7Z,10Z,13Z,16Z,19Z))","HMDB0013409","16759366",NA,"CCCCCCCCCCCCCCCCOC[C@H](COP(=O)([O-])OCC[N+](C)(C)C)OC(=O)CC/C=C\C/C=C\C/C=C\C/C=C\C/C=C\C/C=C\CC","1"
"N-Acetylgalactosamine 4-sulphate","N-Acetylgalactosamine 4-sulphate","HMDB0000781","446101","C16265","CC(=O)N[C@@H]1[C@H]([C@H]([C@H](O[C@H]1O)CO)OS(=O)(=O)O)O","1"
"N-Acetylglucosamine 6-sulfate","N-Acetylglucosamine 6-sulfate","HMDB0000814","440235","C04132","CC(=O)N[C@@H]1[C@H]([C@@H]([C@H](O[C@H]1O)COS(=O)(=O)O)O)O","1"
"N-Acetylgalactosamine 6-sulfate","N-Acetylgalactosamine 6-sulfate","HMDB0000841","193456",NA,"CC(=O)N[C@@H](C=O)[C@H]([C@H]([C@@H](COS(=O)(=O)O)O)O)O","1"
