"Query","Match","HMDB","PubChem","KEGG","SMILES","Comment"
"Pyruvaldehyde","Pyruvaldehyde","HMDB0001167","880","C00546","CC(=O)C=O","1"
"Malondialdehyde","Malondialdehyde","HMDB0006112","10964","C19440","C(C=O)C=O","1"
"3-Furoic acid","3-Furoic acid","HMDB0000444","10268",NA,"C1=COC=C1C(=O)O","1"
"2-Furoic acid","2-Furoic acid","HMDB0000617","6919","C01546","C1=COC(=C1)C(=O)O","1"
"Fumaric acid","Fumaric acid","HMDB0000134","444972","C00122","C(=C/C(=O)O)\C(=O)O","1"
"Maleic acid","Maleic acid","HMDB0000176","444972","C01384","C(=C\C(=O)O)\C(=O)O","1"
"L-Malic acid","L-Malic acid","HMDB0000156","222656","C00149","C([C@@H](C(=O)O)O)C(=O)O","1"
"Malic acid","Malic acid","HMDB0000744","525","C03668","C(C(C(=O)O)O)C(=O)O","1"
"O-Phosphoethanolamine","O-Phosphoethanolamine","HMDB0000224","1015","C00346","C(COP(=O)(O)O)N","1"
"Xanthine","Xanthine","HMDB0000292","1188","C00385","C1=NC2=C(N1)C(=O)NC(=O)N2","1"
"Oxypurinol","Oxypurinol","HMDB0000786","4644","C07599","C1=C2C(=NC(=O)NC2=O)NN1","1"
"6,8-Dihydroxypurine","6,8-Dihydroxypurine","HMDB0001182","83252",NA,"C1=NC(=O)C2=C(N1)NC(=O)N2","1"
"cis-Aconitic acid","cis-Aconitic acid","HMDB0000072","643757","C00417","C(/C(=C/C(=O)O)/C(=O)O)C(=O)O","1"
"trans-Aconitic acid","trans-Aconitic acid","HMDB0000958","444212","C02341","C(/C(=C\C(=O)O)/C(=O)O)C(=O)O","1"
"Dehydroascorbic acid","Dehydroascorbic acid","HMDB0001264","7786","C05422","C([C@H]([C@@H]1C(=O)C(=O)C(=O)O1)O)O","1"
"Glutarylglycine","Glutarylglycine","HMDB0000590","23592950",NA,"C(CC(=O)NCC(=O)O)CC(=O)O","1"
"N-Acetylglutamic acid","N-Acetylglutamic acid","HMDB0001138","185","C00624","CC(=O)NC(CCC(=O)O)C(=O)O","1"
"Citric acid","Citric acid","HMDB0000094","311","C00158","C(C(=O)O)C(CC(=O)O)(C(=O)O)O","1"
"Isocitric acid","Isocitric acid","HMDB0000193","1198","C00311","C(C(C(C(=O)O)O)C(=O)O)C(=O)O","1"
"D-threo-Isocitric acid","D-threo-Isocitric acid","HMDB0001874","5318532","C00451","C([C@@H]([C@H](C(=O)O)O)C(=O)O)C(=O)O","1"
"Diketogulonic acid","Diketogulonic acid","HMDB0005971","440390","C04575","C([C@@H]([C@H](C(=O)C(=O)C(=O)O)O)O)O","1"
"2,3-Diketo-L-gulonate","2,3-Diketo-L-gulonate","HMDB0006511","53477844","C04575","C([C@@H](C(C(=O)C(=O)C(=O)O)O)O)O","1"
"D-Glucuronic acid","D-Glucuronic acid","HMDB0000127","94715","C00191","[C@@H]1([C@@H]([C@H](O[C@@H]([C@@H]1O)O)C(=O)O)O)O","1"
"Galacturonic acid","Galacturonic acid","HMDB0002545","84740","C08348","C(=O)[C@@H]([C@H]([C@H]([C@@H](C(=O)O)O)O)O)O","1"
"Iduronic acid","Iduronic acid","HMDB0002704","18845","C06472","C(=O)[C@H]([C@@H]([C@H]([C@@H](C(=O)O)O)O)O)O","1"
"Pectic acid","Pectic acid","HMDB0003363","445929","C00470","[C@@H]1([C@H]([C@H](O[C@@H]([C@@H]1O)O)C(=O)O)O)O","1"
"Pectin","Pectin","HMDB0003402","65550","C08348","[C@@H]1([C@H]([C@H](O[C@H]([C@@H]1O)O)C(=O)O)O)O","1"
"3-Dehydro-L-gulonate","3-Dehydro-L-gulonate","HMDB0006334","439273","C00618","C([C@@H]([C@H](C(=O)[C@@H](C(=O)O)O)O)O)O","1"
"5-Keto-D-gluconate","5-Keto-D-gluconate","HMDB0011731","3838","C01062","C(C(=O)C(C(C(C(=O)O)O)O)O)O","1"
"2-Keto-L-gluconate","2-Keto-L-gluconate","HMDB0011732","50","C03342","C(C(C(C(C(=O)C(=O)O)O)O)O)O","1"
"L-Cystathionine","L-Cystathionine","HMDB0000099","439258","C02291","C(CSC[C@@H](C(=O)O)N)[C@@H](C(=O)O)N","1"
"Allocystathionine","Allocystathionine","HMDB0000455","10104953","C00542","C(CSCC(C(=O)O)N)[C@@H](C(=O)O)N","1"
"Flavone","Flavone","HMDB0003075","10680","C15608","C1=CC=C(C=C1)C2=CC(=O)C3=CC=CC=C3O2","1"
"Carnosine","Carnosine","HMDB0000033","439224","C00386","C1=C(NC=N1)C[C@@H](C(=O)O)NC(=O)CCN","1"
"(6R)-6-(L-Erythro-1,2-Dihydroxypropyl)-5,6,7,8-tetrahydro-4a-hydroxypterin","(6R)-6-(L-Erythro-1,2-Dihydroxypropyl)-5,6,7,8-tetrahydro-4a-hydroxypterin","HMDB0012482","53481437","C15522","C[C@@H](C([C@@H]1CNC2=C(N1)C(=O)N=CN2)O)O","1"
"Heptanoylcarnitine","Heptanoylcarnitine","HMDB0013238","6426896",NA,"CCCCCCC(=O)OC(CC(=O)[O-])C[N+](C)(C)C","1"
"Epsilon-(gamma-Glutamyl)-lysine","Epsilon-(gamma-Glutamyl)-lysine","HMDB0003869","7015685",NA,"C(CCNC(=O)CC[C@@H](C(=O)[O-])[NH3+])C[C@@H](C(=O)[O-])[NH3+]","1"
"L-a-glutamyl-L-Lysine","L-a-glutamyl-L-Lysine","HMDB04207","7015703","C04700","C(CC[NH3+])C[C@@H](C(=O)[O-])NC(=O)[C@H](CCC(=O)[O-])[NH3+]","1"
"Argininosuccinic acid","Argininosuccinic acid","HMDB0000052","16950","C03406","C(C[C@@H](C(=O)O)N)CN=C(N)N[C@@H](CC(=O)O)C(=O)O","1"
"Famotidine","Famotidine","HMDB0001919","3325",NA,"C1=C(N=C(S1)N=C(N)N)CSCCC(=NS(=O)(=O)N)N","1"
"Nervonic acid","Nervonic acid","HMDB0002368","5281120","C08323","CCCCCCCC/C=C\CCCCCCCCCCCCCC(=O)O","1"
"LPA(0:0/18:1(9Z))","LysoPA(0:0/18:1(9Z))","HMDB0007851","56947016","C00416","CCCCCCCC/C=C\CCCCCCCC(=O)O[C@H](CO)COP(=O)(O)O","1"
"LPA(18:1(9Z)/0:0)","LysoPA(18:1(9Z)/0:0)","HMDB0007855","5497152","C00416","CCCCCCCC/C=C\CCCCCCCC(=O)OC[C@H](COP(=O)(O)O)O","1"
"DHAP(18:0)","DHAP(18:0)","HMDB0011133","440127","C03805","CCCCCCCCCCCCCCCCCC(=O)OCC(=O)COP(=O)(O)O","1"
"2-(a-Hydroxyethyl)thiamine diphosphate","2-(a-Hydroxyethyl)thiamine diphosphate","HMDB0003904","440568","C05125","CC1=C(SC(=[N+]1CC2=CN=C(N=C2N)C)C(C)O)CCOP(=O)(O)OP(=O)(O)O","1"
"Glucosylgalactosyl hydroxylysine","Glucosylgalactosyl hydroxylysine","HMDB0000585","122304",NA,"C(CC(CN)O[C@H]1[C@@H]([C@H]([C@H]([C@H](O1)CO)O)O)O[C@@H]2[C@@H](C([C@@H]([C@H](O2)CO)O)O)O)[C@@H](C(=O)O)N","1"
"LysoPE(0:0/20:1(11Z))","LysoPE(0:0/20:1(11Z))","HMDB0011482","53480931",NA,"CCCCCCCC/C=C\CCCCCCCCCC(=O)O[C@H](CO)COP(=O)(O)OCCN","1"
"LysoPE(20:1(11Z)/0:0)","LysoPE(20:1(11Z)/0:0)","HMDB0011512","52925139",NA,"CCCCCCCC/C=C\CCCCCCCCCC(=O)OC[C@H](COP(=O)(O)OCCN)O","1"
"LysoPC(P-18:0)","LysoPC(P-18:0)","HMDB0013122","24779527","C04230","CCCCCCCCCCCCCCCC/C=C\OC[C@H](COP(=O)([O-])OCC[N+](C)(C)C)O","1"
"LysoPC(18:1(9Z))","LysoPC(18:1(9Z))","HMDB0002815","16081932","C04230","CCCCCCCC/C=C\CCCCCCCC(=O)OC[C@H](COP(=O)([O-])OCC[N+](C)(C)C)O","1"
"LysoPC(18:1(11Z))","LysoPC(18:1(11Z))","HMDB0010385","53480465","C04230","CCCCCC/C=C\CCCCCCCCCC(=O)OC[C@H](COP(=O)([O-])OCC[N+](C)(C)C)O","1"
"DG(14:0/18:1(11Z)/0:0)","DG(14:0/18:1(11Z)/0:0)","HMDB0007014","53477952",NA,"CCCCCCCCCCCCCC(=O)OC[C@H](CO)OC(=O)CCCCCCCCC/C=C\CCCCCC","1"
"DG(14:0/18:1(9Z)/0:0)","DG(14:0/18:1(9Z)/0:0)","HMDB0007015","14275341",NA,"CCCCCCCCCCCCCC(=O)OC[C@H](CO)OC(=O)CCCCCCC/C=C\CCCCCCCC","1"
"DG(14:1(9Z)/18:0/0:0)","DG(14:1(9Z)/18:0/0:0)","HMDB0007042","53477977",NA,"CCCCCCCCCCCCCCCCCC(=O)O[C@@H](CO)COC(=O)CCCCCCC/C=C\CCCC","1"
"DG(16:0/16:1(9Z)/0:0)","DG(16:0/16:1(9Z)/0:0)","HMDB0007099","9543678","C00165","CCCCCCCCCCCCCCCC(=O)OC[C@H](CO)OC(=O)CCCCCCC/C=C\CCCCCC","1"
"DG(16:1(9Z)/16:0/0:0)","DG(16:1(9Z)/16:0/0:0)","HMDB0007127","53478036",NA,"CCCCCCCCCCCCCCCC(=O)O[C@@H](CO)COC(=O)CCCCCCC/C=C\CCCCCC","1"
"DG(18:0/14:1(9Z)/0:0)","DG(18:0/14:1(9Z)/0:0)","HMDB0007154","53478046",NA,"CCCCCCCCCCCCCCCCCC(=O)OC[C@H](CO)OC(=O)CCCCCCC/C=C\CCCC","1"
"DG(18:1(11Z)/14:0/0:0)","DG(18:1(11Z)/14:0/0:0)","HMDB0007182","53478057",NA,"CCCCCCCCCCCCCC(=O)O[C@@H](CO)COC(=O)CCCCCCCCC/C=C\CCCCCC","1"
"DG(18:1(9Z)/14:0/0:0)","DG(18:1(9Z)/14:0/0:0)","HMDB0007211","53478086",NA,"CCCCCCCCCCCCCC(=O)O[C@@H](CO)COC(=O)CCCCCCC/C=C\CCCCCCCC","1"
"DG(14:0/20:2(11Z,14Z)/0:0)","DG(14:0/20:2(11Z,14Z)/0:0)","HMDB0007022","53477957",NA,"CCCCCCCCCCCCCC(=O)OC[C@H](CO)OC(=O)CCCCCCCCC/C=C\C/C=C\CCCCC","1"
"DG(14:1(9Z)/20:1(11Z)/0:0)","DG(14:1(9Z)/20:1(11Z)/0:0)","HMDB0007050","53477985",NA,"CCCCCCCC/C=C\CCCCCCCCCC(=O)O[C@@H](CO)COC(=O)CCCCCCC/C=C\CCCC","1"
"DG(16:0/18:2(9Z,12Z)/0:0)","DG(16:0/18:2(9Z,12Z)/0:0)","HMDB0007103","9543695","C00165","CCCCCCCCCCCCCCCC(=O)OC[C@H](CO)OC(=O)CCCCCCC/C=C\C/C=C\CCCCC","1"
"DG(16:1(9Z)/18:1(11Z)/0:0)","DG(16:1(9Z)/18:1(11Z)/0:0)","HMDB0007130","53478037",NA,"CCCCCC/C=C\CCCCCCCCCC(=O)O[C@@H](CO)COC(=O)CCCCCCC/C=C\CCCCCC","1"
"DG(16:1(9Z)/18:1(9Z)/0:0)","DG(16:1(9Z)/18:1(9Z)/0:0)","HMDB0007131","9543694","C00165","CCCCCCCC/C=C\CCCCCCCC(=O)O[C@@H](CO)COC(=O)CCCCCCC/C=C\CCCCCC","1"
"DG(18:1(11Z)/16:1(9Z)/0:0)","DG(18:1(11Z)/16:1(9Z)/0:0)","HMDB0007186","53478061",NA,"CCCCCC/C=C\CCCCCCCCCC(=O)OC[C@H](CO)OC(=O)CCCCCCC/C=C\CCCCCC","1"
"DG(18:1(9Z)/16:1(9Z)/0:0)","DG(18:1(9Z)/16:1(9Z)/0:0)","HMDB0007215","53478089",NA,"CCCCCCCC/C=C\CCCCCCCC(=O)OC[C@H](CO)OC(=O)CCCCCCC/C=C\CCCCCC","1"
"DG(18:2(9Z,12Z)/16:0/0:0)","DG(18:2(9Z,12Z)/16:0/0:0)","HMDB0007243","53478101",NA,"CCCCCCCCCCCCCCCC(=O)O[C@@H](CO)COC(=O)CCCCCCC/C=C\C/C=C\CCCCC","1"
"DG(20:1(11Z)/14:1(9Z)/0:0)","DG(20:1(11Z)/14:1(9Z)/0:0)","HMDB0007386","53478202",NA,"CCCCCCCC/C=C\CCCCCCCCCC(=O)OC[C@H](CO)OC(=O)CCCCCCC/C=C\CCCC","1"
"DG(20:2(11Z,14Z)/14:0/0:0)","DG(20:2(11Z,14Z)/14:0/0:0)","HMDB0007414","53478219",NA,"CCCCCCCCCCCCCC(=O)O[C@@H](CO)COC(=O)CCCCCCCCC/C=C\C/C=C\CCCCC","1"
"DG(14:0/20:1(11Z)/0:0)","DG(14:0/20:1(11Z)/0:0)","HMDB0007021","53477956",NA,"CCCCCCCCCCCCCC(=O)OC[C@H](CO)OC(=O)CCCCCCCCC/C=C\CCCCCCCC","1"
"DG(14:1(9Z)/20:0/0:0)","DG(14:1(9Z)/20:0/0:0)","HMDB0007049","53477984",NA,"CCCCCCCCCCCCCCCCCCCC(=O)O[C@@H](CO)COC(=O)CCCCCCC/C=C\CCCC","1"
"DG(16:0/18:1(11Z)/0:0)","DG(16:0/18:1(11Z)/0:0)","HMDB0007101","9543972","C00165","CCCCCCCCCCCCCCCC(=O)OC[C@H](CO)OC(=O)CCCCCCCCC/C=C\CCCCCC","1"
"DG(16:0/18:1(9Z)/0:0)","DG(16:0/18:1(9Z)/0:0)","HMDB0007102","5282283","C13861","CCCCCCCCCCCCCCCC(=O)OC[C@H](CO)OC(=O)CCCCCCC/C=C\CCCCCCCC","1"
"DG(16:1(9Z)/18:0/0:0)","DG(16:1(9Z)/18:0/0:0)","HMDB0007129","9543691","C00165","CCCCCCCCCCCCCCCCCC(=O)O[C@@H](CO)COC(=O)CCCCCCC/C=C\CCCCCC","1"
"DG(18:0/16:1(9Z)/0:0)","DG(18:0/16:1(9Z)/0:0)","HMDB0007157","53478048",NA,"CCCCCCCCCCCCCCCCCC(=O)OC[C@H](CO)OC(=O)CCCCCCC/C=C\CCCCCC","1"
"DG(18:1(11Z)/16:0/0:0)","DG(18:1(11Z)/16:0/0:0)","HMDB0007185","53478060",NA,"CCCCCCCCCCCCCCCC(=O)O[C@@H](CO)COC(=O)CCCCCCCCC/C=C\CCCCCC","1"
"DG(18:1(9Z)/16:0/0:0)","DG(18:1(9Z)/16:0/0:0)","HMDB0007214","5283471","C00165","CCCCCCCCCCCCCCCC(=O)O[C@@H](CO)COC(=O)CCCCCCC/C=C\CCCCCCCC","1"
"DG(20:0/14:1(9Z)/0:0)","DG(20:0/14:1(9Z)/0:0)","HMDB0007357","53478186",NA,"CCCCCCCCCCCCCCCCCCCC(=O)OC[C@H](CO)OC(=O)CCCCCCC/C=C\CCCC","1"
"DG(20:1(11Z)/14:0/0:0)","DG(20:1(11Z)/14:0/0:0)","HMDB0007385","53478201",NA,"CCCCCCCCCCCCCC(=O)O[C@@H](CO)COC(=O)CCCCCCCCC/C=C\CCCCCCCC","1"
"DG(14:0/22:2(13Z,16Z)/0:0)","DG(14:0/22:2(13Z,16Z)/0:0)","HMDB0007030","53477965",NA,"CCCCCCCCCCCCCC(=O)OC[C@H](CO)OC(=O)CCCCCCCCCCC/C=C\C/C=C\CCCCC","1"
"DG(14:1(9Z)/22:1(13Z)/0:0)","DG(14:1(9Z)/22:1(13Z)/0:0)","HMDB0007058","53477993",NA,"CCCCCCCC/C=C\CCCCCCCCCCCC(=O)O[C@@H](CO)COC(=O)CCCCCCC/C=C\CCCC","1"
"DG(16:0/20:2(11Z,14Z)/0:0)","DG(16:0/20:2(11Z,14Z)/0:0)","HMDB0007109","9543721",NA,"CCCCCCCCCCCCCCCC(=O)OC[C@H](CO)OC(=O)CCCCCCCCC/C=C\C/C=C\CCCCC","1"
"DG(16:1(9Z)/20:1(11Z)/0:0)","DG(16:1(9Z)/20:1(11Z)/0:0)","HMDB0007137","9543720","C00165","CCCCCCCC/C=C\CCCCCCCCCC(=O)O[C@@H](CO)COC(=O)CCCCCCC/C=C\CCCCCC","1"
"DG(18:0/18:2(9Z,12Z)/0:0)","DG(18:0/18:2(9Z,12Z)/0:0)","HMDB0007161","6441562","C00165","CCCCCCCCCCCCCCCCCC(=O)OC[C@H](CO)OC(=O)CCCCCCC/C=C\C/C=C\CCCCC","1"
"DG(18:1(11Z)/18:1(11Z)/0:0)","DG(18:1(11Z)/18:1(11Z)/0:0)","HMDB0007188","53478063",NA,"CCCCCC/C=C\CCCCCCCCCC(=O)OC[C@H](CO)OC(=O)CCCCCCCCC/C=C\CCCCCC","1"
"DG(18:1(11Z)/18:1(9Z)/0:0)","DG(18:1(11Z)/18:1(9Z)/0:0)","HMDB0007189","53478064",NA,"CCCCCCCC/C=C\CCCCCCCC(=O)O[C@@H](CO)COC(=O)CCCCCCCCC/C=C\CCCCCC","1"
"DG(18:1(9Z)/18:1(11Z)/0:0)","DG(18:1(9Z)/18:1(11Z)/0:0)","HMDB0007217","53478091",NA,"CCCCCCCC/C=C\CCCCCCCC(=O)OC[C@H](CO)OC(=O)CCCCCCCCC/C=C\CCCCCC","1"
"DG(18:1(9Z)/18:1(9Z)/0:0)","DG(18:1(9Z)/18:1(9Z)/0:0)","HMDB0007218","9543716","C00165","CCCCCCCC/C=C\CCCCCCCC(=O)OC[C@H](CO)OC(=O)CCCCCCC/C=C\CCCCCCCC","1"
"DG(18:2(9Z,12Z)/18:0/0:0)","DG(18:2(9Z,12Z)/18:0/0:0)","HMDB0007245","53478103",NA,"CCCCCCCCCCCCCCCCCC(=O)O[C@@H](CO)COC(=O)CCCCCCC/C=C\C/C=C\CCCCC","1"
"DG(20:1(11Z)/16:1(9Z)/0:0)","DG(20:1(11Z)/16:1(9Z)/0:0)","HMDB0007389","53478205",NA,"CCCCCCCC/C=C\CCCCCCCCCC(=O)OC[C@H](CO)OC(=O)CCCCCCC/C=C\CCCCCC","1"
"DG(20:2(11Z,14Z)/16:0/0:0)","DG(20:2(11Z,14Z)/16:0/0:0)","HMDB0007417","53478222",NA,"CCCCCCCCCCCCCCCC(=O)O[C@@H](CO)COC(=O)CCCCCCCCC/C=C\C/C=C\CCCCC","1"
"DG(22:1(13Z)/14:1(9Z)/0:0)","DG(22:1(13Z)/14:1(9Z)/0:0)","HMDB0007618","53478383",NA,"CCCCCCCC/C=C\CCCCCCCCCCCC(=O)OC[C@H](CO)OC(=O)CCCCCCC/C=C\CCCC","1"
"DG(22:2(13Z,16Z)/14:0/0:0)","DG(22:2(13Z,16Z)/14:0/0:0)","HMDB0007646","53478406",NA,"CCCCCCCCCCCCCC(=O)O[C@@H](CO)COC(=O)CCCCCCCCCCC/C=C\C/C=C\CCCCC","1"
"DG(18:1(11Z)/22:6(4Z,7Z,10Z,13Z,16Z,19Z)/0:0)","DG(18:1(11Z)/22:6(4Z,7Z,10Z,13Z,16Z,19Z)/0:0)","HMDB0007208","53478083",NA,"CCCCCC/C=C\CCCCCCCCCC(=O)OC[C@H](CO)OC(=O)CC/C=C\C/C=C\C/C=C\C/C=C\C/C=C\C/C=C\CC","1"
"DG(18:1(9Z)/22:6(4Z,7Z,10Z,13Z,16Z,19Z)/0:0)","DG(18:1(9Z)/22:6(4Z,7Z,10Z,13Z,16Z,19Z)/0:0)","HMDB0007237","9543890",NA,"CCCCCCCC/C=C\CCCCCCCC(=O)OC[C@H](CO)OC(=O)CC/C=C\C/C=C\C/C=C\C/C=C\C/C=C\C/C=C\CC","1"
"DG(18:2(9Z,12Z)/22:5(4Z,7Z,10Z,13Z,16Z)/0:0)","DG(18:2(9Z,12Z)/22:5(4Z,7Z,10Z,13Z,16Z)/0:0)","HMDB0007264","53478109",NA,"CCCCC/C=C\C/C=C\CCCCCCCC(=O)OC[C@H](CO)OC(=O)CC/C=C\C/C=C\C/C=C\C/C=C\C/C=C\CCCCC","1"
"DG(18:2(9Z,12Z)/22:5(7Z,10Z,13Z,16Z,19Z)/0:0)","DG(18:2(9Z,12Z)/22:5(7Z,10Z,13Z,16Z,19Z)/0:0)","HMDB0007265","9543889",NA,"CCCCC/C=C\C/C=C\CCCCCCCC(=O)OC[C@H](CO)OC(=O)CCCCC/C=C\C/C=C\C/C=C\C/C=C\C/C=C\CC","1"
"DG(18:3(6Z,9Z,12Z)/22:4(7Z,10Z,13Z,16Z)/0:0)","DG(18:3(6Z,9Z,12Z)/22:4(7Z,10Z,13Z,16Z)/0:0)","HMDB0007292","53478134",NA,"CCCCC/C=C\C/C=C\C/C=C\CCCCC(=O)OC[C@H](CO)OC(=O)CCCCC/C=C\C/C=C\C/C=C\C/C=C\CCCCC","1"
"DG(18:3(9Z,12Z,15Z)/22:4(7Z,10Z,13Z,16Z)/0:0)","DG(18:3(9Z,12Z,15Z)/22:4(7Z,10Z,13Z,16Z)/0:0)","HMDB0007321","9543888",NA,"CCCCC/C=C\C/C=C\C/C=C\C/C=C\CCCCCC(=O)O[C@@H](CO)COC(=O)CCCCCCC/C=C\C/C=C\C/C=C\CC","1"
"DG(20:2(11Z,14Z)/20:5(5Z,8Z,11Z,14Z,17Z)/0:0)","DG(20:2(11Z,14Z)/20:5(5Z,8Z,11Z,14Z,17Z)/0:0)","HMDB0007433","9543863",NA,"CCCCC/C=C\C/C=C\CCCCCCCCCC(=O)OC[C@H](CO)OC(=O)CCC/C=C\C/C=C\C/C=C\C/C=C\C/C=C\CC","1"
"DG(20:3(5Z,8Z,11Z)/20:4(5Z,8Z,11Z,14Z)/0:0)","DG(20:3(5Z,8Z,11Z)/20:4(5Z,8Z,11Z,14Z)/0:0)","HMDB0007460","53478255",NA,"CCCCCCCC/C=C\C/C=C\C/C=C\CCCC(=O)OC[C@H](CO)OC(=O)CCC/C=C\C/C=C\C/C=C\C/C=C\CCCCC","1"
"DG(20:3(5Z,8Z,11Z)/20:4(8Z,11Z,14Z,17Z)/0:0)","DG(20:3(5Z,8Z,11Z)/20:4(8Z,11Z,14Z,17Z)/0:0)","HMDB0007461","53478256",NA,"CCCCCCCC/C=C\C/C=C\C/C=C\CCCC(=O)OC[C@H](CO)OC(=O)CCCCCC/C=C\C/C=C\C/C=C\C/C=C\CC","1"
"DG(20:3(8Z,11Z,14Z)/20:4(5Z,8Z,11Z,14Z)/0:0)","DG(20:3(8Z,11Z,14Z)/20:4(5Z,8Z,11Z,14Z)/0:0)","HMDB0007489","9543862",NA,"CCCCC/C=C\C/C=C\C/C=C\CCCCCCC(=O)OC[C@H](CO)OC(=O)CCC/C=C\C/C=C\C/C=C\C/C=C\CCCCC","1"
"DG(20:3(8Z,11Z,14Z)/20:4(8Z,11Z,14Z,17Z)/0:0)","DG(20:3(8Z,11Z,14Z)/20:4(8Z,11Z,14Z,17Z)/0:0)","HMDB0007490","53478283",NA,"CCCCC/C=C\C/C=C\C/C=C\CCCCCCC(=O)OC[C@H](CO)OC(=O)CCCCCC/C=C\C/C=C\C/C=C\C/C=C\CC","1"
"DG(20:4(5Z,8Z,11Z,14Z)/20:3(5Z,8Z,11Z)/0:0)","DG(20:4(5Z,8Z,11Z,14Z)/20:3(5Z,8Z,11Z)/0:0)","HMDB0007516","53478302",NA,"CCCCCCCC/C=C\C/C=C\C/C=C\CCCC(=O)O[C@@H](CO)COC(=O)CCC/C=C\C/C=C\C/C=C\C/C=C\CCCCC","1"
"DG(20:4(5Z,8Z,11Z,14Z)/20:3(8Z,11Z,14Z)/0:0)","DG(20:4(5Z,8Z,11Z,14Z)/20:3(8Z,11Z,14Z)/0:0)","HMDB0007517","53478303",NA,"CCCCC/C=C\C/C=C\C/C=C\CCCCCCC(=O)O[C@@H](CO)COC(=O)CCC/C=C\C/C=C\C/C=C\C/C=C\CCCCC","1"
"DG(20:4(8Z,11Z,14Z,17Z)/20:3(5Z,8Z,11Z)/0:0)","DG(20:4(8Z,11Z,14Z,17Z)/20:3(5Z,8Z,11Z)/0:0)","HMDB0007545","53478323",NA,"CCCCCCCC/C=C\C/C=C\C/C=C\CCCC(=O)O[C@@H](CO)COC(=O)CCCCCC/C=C\C/C=C\C/C=C\C/C=C\CC","1"
"DG(20:4(8Z,11Z,14Z,17Z)/20:3(8Z,11Z,14Z)/0:0)","DG(20:4(8Z,11Z,14Z,17Z)/20:3(8Z,11Z,14Z)/0:0)","HMDB0007546","53478324",NA,"CCCCC/C=C\C/C=C\C/C=C\CCCCCCC(=O)O[C@@H](CO)COC(=O)CCCCCC/C=C\C/C=C\C/C=C\C/C=C\CC","1"
"DG(20:5(5Z,8Z,11Z,14Z,17Z)/20:2(11Z,14Z)/0:0)","DG(20:5(5Z,8Z,11Z,14Z,17Z)/20:2(11Z,14Z)/0:0)","HMDB0007573","53478351",NA,"CCCCC/C=C\C/C=C\CCCCCCCCCC(=O)O[C@@H](CO)COC(=O)CCC/C=C\C/C=C\C/C=C\C/C=C\C/C=C\CC","1"
"DG(22:4(7Z,10Z,13Z,16Z)/18:3(6Z,9Z,12Z)/0:0)","DG(22:4(7Z,10Z,13Z,16Z)/18:3(6Z,9Z,12Z)/0:0)","HMDB0007684","53478440",NA,"CCCCC/C=C\C/C=C\C/C=C\CCCCC(=O)O[C@@H](CO)COC(=O)CCCCC/C=C\C/C=C\C/C=C\C/C=C\CCCCC","1"
"DG(22:4(7Z,10Z,13Z,16Z)/18:3(9Z,12Z,15Z)/0:0)","DG(22:4(7Z,10Z,13Z,16Z)/18:3(9Z,12Z,15Z)/0:0)","HMDB0007685","53478441",NA,"CCCCC/C=C\C/C=C\C/C=C\C/C=C\CCCCCC(=O)OC[C@H](CO)OC(=O)CCCCCCC/C=C\C/C=C\C/C=C\CC","1"
"DG(22:5(4Z,7Z,10Z,13Z,16Z)/18:2(9Z,12Z)/0:0)","DG(22:5(4Z,7Z,10Z,13Z,16Z)/18:2(9Z,12Z)/0:0)","HMDB0007712","53478465",NA,"CCCCC/C=C\C/C=C\CCCCCCCC(=O)O[C@@H](CO)COC(=O)CC/C=C\C/C=C\C/C=C\C/C=C\C/C=C\CCCCC","1"
"DG(22:5(7Z,10Z,13Z,16Z,19Z)/18:2(9Z,12Z)/0:0)","DG(22:5(7Z,10Z,13Z,16Z,19Z)/18:2(9Z,12Z)/0:0)","HMDB0007741","53478494",NA,"CCCCC/C=C\C/C=C\CCCCCCCC(=O)O[C@@H](CO)COC(=O)CCCCC/C=C\C/C=C\C/C=C\C/C=C\C/C=C\CC","1"
"DG(22:6(4Z,7Z,10Z,13Z,16Z,19Z)/18:1(11Z)/0:0)","DG(22:6(4Z,7Z,10Z,13Z,16Z,19Z)/18:1(11Z)/0:0)","HMDB0007768","53478519",NA,"CCCCCC/C=C\CCCCCCCCCC(=O)O[C@@H](CO)COC(=O)CC/C=C\C/C=C\C/C=C\C/C=C\C/C=C\C/C=C\CC","1"
"DG(22:6(4Z,7Z,10Z,13Z,16Z,19Z)/18:1(9Z)/0:0)","DG(22:6(4Z,7Z,10Z,13Z,16Z,19Z)/18:1(9Z)/0:0)","HMDB0007769","53478520",NA,"CCCCCCCC/C=C\CCCCCCCC(=O)O[C@@H](CO)COC(=O)CC/C=C\C/C=C\C/C=C\C/C=C\C/C=C\C/C=C\CC","1"
"PC(15:0/P-16:0)","PC(15:0/P-16:0)","HMDB0007961","53478661","C00157","CCCCCCCCCCCCCC/C=C\OC(COC(=O)CCCCCCCCCCCCCC)COP(=O)([O-])OCC[N+](C)(C)C","1"
"PE(16:0/P-18:0)","PE(16:0/P-18:0)","HMDB0008950","53479593","C00350","CCCCCCCCCCCCCCCC/C=C\O[C@H](COC(=O)CCCCCCCCCCCCCCC)COP(=O)(O)OCCN","1"
"PE(18:0/P-16:0)","PE(18:0/P-16:0)","HMDB0009015","53479614","C00350","CCCCCCCCCCCCCCCCCC(=O)OC[C@H](COP(=O)(O)OCCN)O/C=C\CCCCCCCCCCCCCC","1"
"PE(P-16:0e/18:1(9Z))","PE(P-16:0e/18:1(9Z))","HMDB0011157","42607455",NA,"CCCCCCCCCCCCCCCCOC[C@H](COP(=O)(O)OCCN)OC(=O)CCCCCCC/C=C\CCCCCCCC","1"
"PC(P-16:0/15:0)","PC(P-16:0/15:0)","HMDB0011205","52923878",NA,"CCCCCCCCCCCCCC/C=C\OC[C@H](COP(=O)([O-])OCC[N+](C)(C)C)OC(=O)CCCCCCCCCCCCCC","1"
"PE(P-16:0/18:0)","PE(P-16:0/18:0)","HMDB0011340","52925051",NA,"CCCCCCCCCCCCCCCCCC(=O)O[C@H](CO/C=C\CCCCCCCCCCCCCC)COP(=O)(O)OCCN","1"
"PE(P-18:0/16:0)","PE(P-18:0/16:0)","HMDB0011371","52925073",NA,"CCCCCCCCCCCCCCCC/C=C\OC[C@H](COP(=O)(O)OCCN)OC(=O)CCCCCCCCCCCCCCC","1"
"PC(14:0/18:2(9Z,12Z))","PC(14:0/18:2(9Z,12Z))","HMDB0007874","24778624","C00157","CCCCCCCCCCCCCC(=O)OC[C@H](COP(=O)([O-])OCC[N+](C)(C)C)OC(=O)CCCCCCC/C=C\C/C=C\CCCCC","1"
"PC(14:1(9Z)/18:1(11Z))","PC(14:1(9Z)/18:1(11Z))","HMDB0007905","53478623","C00157","CCCCCC/C=C\CCCCCCCCCC(=O)O[C@H](COC(=O)CCCCCCC/C=C\CCCC)COP(=O)([O-])OCC[N+](C)(C)C","1"
"PC(14:1(9Z)/18:1(9Z))","PC(14:1(9Z)/18:1(9Z))","HMDB0007906","52922262","C00157","CCCCCCCC/C=C\CCCCCCCC(=O)O[C@H](COC(=O)CCCCCCC/C=C\CCCC)COP(=O)([O-])OCC[N+](C)(C)C","1"
"PC(16:1(9Z)/16:1(9Z))","PC(16:1(9Z)/16:1(9Z))","HMDB0008002","24778764","C00157","CCCCCC/C=C\CCCCCCCC(=O)OC[C@H](COP(=O)([O-])OCC[N+](C)(C)C)OC(=O)CCCCCCC/C=C\CCCCCC","1"
"PC(18:1(11Z)/14:1(9Z))","PC(18:1(11Z)/14:1(9Z))","HMDB0008065","53478713","C00157","CCCCCC/C=C\CCCCCCCCCC(=O)OC[C@H](COP(=O)([O-])OCC[N+](C)(C)C)OC(=O)CCCCCCC/C=C\CCCC","1"
"PC(18:1(9Z)/14:1(9Z))","PC(18:1(9Z)/14:1(9Z))","HMDB0008098","52922673","C00157","CCCCCCCC/C=C\CCCCCCCC(=O)OC[C@H](COP(=O)([O-])OCC[N+](C)(C)C)OC(=O)CCCCCCC/C=C\CCCC","1"
"PC(18:2(9Z,12Z)/14:0)","PC(18:2(9Z,12Z)/14:0)","HMDB0008130","52922711","C00157","CCCCCCCCCCCCCC(=O)O[C@H](COC(=O)CCCCCCC/C=C\C/C=C\CCCCC)COP(=O)([O-])OCC[N+](C)(C)C","1"
"PE(15:0/20:2(11Z,14Z))","PE(15:0/20:2(11Z,14Z))","HMDB0008901","52924168","C00350","CCCCCCCCCCCCCCC(=O)OC[C@H](COP(=O)(O)OCCN)OC(=O)CCCCCCCCC/C=C\C/C=C\CCCCC","1"
"PE(20:2(11Z,14Z)/15:0)","PE(20:2(11Z,14Z)/15:0)","HMDB0009285","52924576","C00350","CCCCCCCCCCCCCCC(=O)O[C@H](COC(=O)CCCCCCCCC/C=C\C/C=C\CCCCC)COP(=O)(O)OCCN","1"
"PC(15:0/P-18:0)","PC(15:0/P-18:0)","HMDB0007962","53478663","C00157","CCCCCCCCCCCCCCCC/C=C\OC(COC(=O)CCCCCCCCCCCCCC)COP(=O)([O-])OCC[N+](C)(C)C","1"
"PE(18:0/P-18:0)","PE(18:0/P-18:0)","HMDB0009016","53479615","C00350","CCCCCCCCCCCCCCCCCC(=O)OC[C@H](COP(=O)(O)OCCN)O/C=C\CCCCCCCCCCCCCCCC","1"
"PE(20:0/P-16:0)","PE(20:0/P-16:0)","HMDB0009246","53479714","C00350","CCCCCCCCCCCCCCCCCCCC(=O)OC[C@H](COP(=O)(O)OCCN)O/C=C\CCCCCCCCCCCCCC","1"
"PC(P-18:0/15:0)","PC(P-18:0/15:0)","HMDB0011238","52923930",NA,"CCCCCCCCCCCCCCCC/C=C\OC[C@H](COP(=O)([O-])OCC[N+](C)(C)C)OC(=O)CCCCCCCCCCCCCC","1"
"PE(P-16:0/20:0)","PE(P-16:0/20:0)","HMDB0011347","52925057",NA,"CCCCCCCCCCCCCCCCCCCC(=O)O[C@H](CO/C=C\CCCCCCCCCCCCCC)COP(=O)(O)OCCN","1"
"PE(dm18:0/18:0)","PE(dm18:0/18:0)","HMDB11373","52925078",NA,"CCCCCCCCCCCCCCCCCC(=O)O[C@H](CO/C=C\CCCCCCCCCCCCCCCC)COP(=O)(O)OCCN","1"
"PS(14:0/18:1(9Z))","PS(14:0/18:1(9Z))","HMDB0012335","52926083",NA,"CCCCCCCCCCCCCC(=O)OC[C@H](COP(=O)(O)OC[C@@H](C(=O)O)N)OC(=O)CCCCCCC/C=C\CCCCCCCC","1"
"PS(14:1(9Z)/18:0)","PS(14:1(9Z)/18:0)","HMDB0012345","52925229",NA,"CCCCCCCCCCCCCCCCCC(=O)O[C@H](COC(=O)CCCCCCC/C=C\CCCC)COP(=O)(O)OC[C@@H](C(=O)O)N","1"
"PS(16:0/16:1(9Z))","PS(16:0/16:1(9Z))","HMDB0012355","52926017",NA,"CCCCCCCCCCCCCCCC(=O)OC[C@H](COP(=O)(O)OC[C@@H](C(=O)O)N)OC(=O)CCCCCCC/C=C\CCCCCC","1"
"PS(16:1(9Z)/16:0)","PS(16:1(9Z)/16:0)","HMDB0012365","52925317",NA,"CCCCCCCCCCCCCCCC(=O)O[C@H](COC(=O)CCCCCCC/C=C\CCCCCC)COP(=O)(O)OC[C@@H](C(=O)O)N","1"
"PS(18:0/14:1(9Z))","PS(18:0/14:1(9Z))","HMDB0012375","52925419",NA,"CCCCCCCCCCCCCCCCCC(=O)OC[C@H](COP(=O)(O)OC[C@@H](C(=O)O)N)OC(=O)CCCCCCC/C=C\CCCC","1"
"PS(18:1(9Z)/14:0)","PS(18:1(9Z)/14:0)","HMDB0012385","52925991",NA,"CCCCCCCCCCCCCC(=O)O[C@H](COC(=O)CCCCCCC/C=C\CCCCCCCC)COP(=O)(O)OC[C@@H](C(=O)O)N","1"
"PE(14:0/22:5(4Z,7Z,10Z,13Z,16Z))","PE(14:0/22:5(4Z,7Z,10Z,13Z,16Z))","HMDB0008845","53479555","C00350","CCCCCCCCCCCCCC(=O)OC[C@H](COP(=O)(O)OCCN)OC(=O)CC/C=C\C/C=C\C/C=C\C/C=C\C/C=C\CCCCC","1"
"PE(14:0/22:5(7Z,10Z,13Z,16Z,19Z))","PE(14:0/22:5(7Z,10Z,13Z,16Z,19Z))","HMDB0008846","53479556","C00350","CCCCCCCCCCCCCC(=O)OC[C@H](COP(=O)(O)OCCN)OC(=O)CCCCC/C=C\C/C=C\C/C=C\C/C=C\C/C=C\CC","1"
"PE(14:1(9Z)/22:4(7Z,10Z,13Z,16Z))","PE(14:1(9Z)/22:4(7Z,10Z,13Z,16Z))","HMDB0008877","52924155","C00350","CCCCC/C=C\C/C=C\C/C=C\C/C=C\CCCCCC(=O)O[C@H](COC(=O)CCCCCCC/C=C\CCCC)COP(=O)(O)OCCN","1"
"PE(16:0/20:5(5Z,8Z,11Z,14Z,17Z))","PE(16:0/20:5(5Z,8Z,11Z,14Z,17Z))","HMDB0008939","52924919","C00350","CCCCCCCCCCCCCCCC(=O)OC[C@H](COP(=O)(O)OCCN)OC(=O)CCC/C=C\C/C=C\C/C=C\C/C=C\C/C=C\CC","1"
"PE(16:1(9Z)/20:4(5Z,8Z,11Z,14Z))","PE(16:1(9Z)/20:4(5Z,8Z,11Z,14Z))","HMDB0008970","52924915","C00350","CCCCCC/C=C\CCCCCCCC(=O)OC[C@H](COP(=O)(O)OCCN)OC(=O)CCC/C=C\C/C=C\C/C=C\C/C=C\CCCCC","1"
"PE(16:1(9Z)/20:4(8Z,11Z,14Z,17Z))","PE(16:1(9Z)/20:4(8Z,11Z,14Z,17Z))","HMDB0008971","53479599","C00350","CCCCCC/C=C\CCCCCCCC(=O)OC[C@H](COP(=O)(O)OCCN)OC(=O)CCCCCC/C=C\C/C=C\C/C=C\C/C=C\CC","1"
"PE(18:1(11Z)/18:4(6Z,9Z,12Z,15Z))","PE(18:1(11Z)/18:4(6Z,9Z,12Z,15Z))","HMDB0009030","53479629","C00350","CCCCCC/C=C\CCCCCCCCCC(=O)OC[C@H](COP(=O)(O)OCCN)OC(=O)CCCC/C=C\C/C=C\C/C=C\C/C=C\CC","1"
"PE(18:1(9Z)/18:4(6Z,9Z,12Z,15Z))","PE(18:1(9Z)/18:4(6Z,9Z,12Z,15Z))","HMDB0009063","52924345","C00350","CCCCCCCC/C=C\CCCCCCCC(=O)OC[C@H](COP(=O)(O)OCCN)OC(=O)CCCC/C=C\C/C=C\C/C=C\C/C=C\CC","1"
"PE(18:2(9Z,12Z)/18:3(6Z,9Z,12Z))","PE(18:2(9Z,12Z)/18:3(6Z,9Z,12Z))","HMDB0009094","52924365","C00350","CCCCC/C=C\C/C=C\CCCCCCCC(=O)OC[C@H](COP(=O)(O)OCCN)OC(=O)CCCC/C=C\C/C=C\C/C=C\CCCCC","1"
"PE(18:2(9Z,12Z)/18:3(9Z,12Z,15Z))","PE(18:2(9Z,12Z)/18:3(9Z,12Z,15Z))","HMDB0009095","52924366","C00350","CCCCC/C=C\C/C=C\CCCCCCCC(=O)OC[C@H](COP(=O)(O)OCCN)OC(=O)CCCCCCC/C=C\C/C=C\C/C=C\CC","1"
"PE(18:3(6Z,9Z,12Z)/18:2(9Z,12Z))","PE(18:3(6Z,9Z,12Z)/18:2(9Z,12Z))","HMDB0009126","52924393","C00350","CCCCC/C=C\C/C=C\CCCCCCCC(=O)O[C@H](COC(=O)CCCC/C=C\C/C=C\C/C=C\CCCCC)COP(=O)(O)OCCN","1"
"PE(18:3(9Z,12Z,15Z)/18:2(9Z,12Z))","PE(18:3(9Z,12Z,15Z)/18:2(9Z,12Z))","HMDB0009159","52924422","C00350","CCCCC/C=C\C/C=C\CCCCCCCC(=O)O[C@H](COC(=O)CCCCCCC/C=C\C/C=C\C/C=C\CC)COP(=O)(O)OCCN","1"
"PE(18:4(6Z,9Z,12Z,15Z)/18:1(11Z))","PE(18:4(6Z,9Z,12Z,15Z)/18:1(11Z))","HMDB0009190","53479697","C00350","CCCCCC/C=C\CCCCCCCCCC(=O)O[C@H](COC(=O)CCCC/C=C\C/C=C\C/C=C\C/C=C\CC)COP(=O)(O)OCCN","1"
"PE(18:4(6Z,9Z,12Z,15Z)/18:1(9Z))","PE(18:4(6Z,9Z,12Z,15Z)/18:1(9Z))","HMDB0009191","52924451","C00350","CCCCCCCC/C=C\CCCCCCCC(=O)O[C@H](COC(=O)CCCC/C=C\C/C=C\C/C=C\C/C=C\CC)COP(=O)(O)OCCN","1"
"PE(20:4(5Z,8Z,11Z,14Z)/16:1(9Z))","PE(20:4(5Z,8Z,11Z,14Z)/16:1(9Z))","HMDB0009386","52924640","C00350","CCCCCC/C=C\CCCCCCCC(=O)O[C@H](COC(=O)CCC/C=C\C/C=C\C/C=C\C/C=C\CCCCC)COP(=O)(O)OCCN","1"
"PE(20:4(8Z,11Z,14Z,17Z)/16:1(9Z))","PE(20:4(8Z,11Z,14Z,17Z)/16:1(9Z))","HMDB0009419","53479803","C00350","CCCCCC/C=C\CCCCCCCC(=O)O[C@H](COC(=O)CCCCCC/C=C\C/C=C\C/C=C\C/C=C\CC)COP(=O)(O)OCCN","1"
"PE(20:5(5Z,8Z,11Z,14Z,17Z)/16:0)","PE(20:5(5Z,8Z,11Z,14Z,17Z)/16:0)","HMDB0009451","52924669","C00350","CCCCCCCCCCCCCCCC(=O)O[C@H](COC(=O)CCC/C=C\C/C=C\C/C=C\C/C=C\C/C=C\CC)COP(=O)(O)OCCN","1"
"PE(22:4(7Z,10Z,13Z,16Z)/14:1(9Z))","PE(22:4(7Z,10Z,13Z,16Z)/14:1(9Z))","HMDB0009581","52924806","C00350","CCCCC/C=C\C/C=C\C/C=C\C/C=C\CCCCCC(=O)OC[C@H](COP(=O)(O)OCCN)OC(=O)CCCCCCC/C=C\CCCC","1"
"PE(22:5(4Z,7Z,10Z,13Z,16Z)/14:0)","PE(22:5(4Z,7Z,10Z,13Z,16Z)/14:0)","HMDB0009613","53479909","C00350","CCCCCCCCCCCCCC(=O)O[C@H](COC(=O)CC/C=C\C/C=C\C/C=C\C/C=C\C/C=C\CCCCC)COP(=O)(O)OCCN","1"
"PE(22:5(7Z,10Z,13Z,16Z,19Z)/14:0)","PE(22:5(7Z,10Z,13Z,16Z,19Z)/14:0)","HMDB0009646","53479942","C00350","CCCCCCCCCCCCCC(=O)O[C@H](COC(=O)CCCCC/C=C\C/C=C\C/C=C\C/C=C\C/C=C\CC)COP(=O)(O)OCCN","1"
"PC(14:0/P-18:0)","PC(14:0/P-18:0)","HMDB0007896","53478617","C00157","CCCCCCCCCCCCCCCC/C=C\OC(COC(=O)CCCCCCCCCCCCC)COP(=O)([O-])OCC[N+](C)(C)C","1"
"PC(16:0/P-16:0)","PC(16:0/P-16:0)","HMDB0007994","53478671","C00157","CCCCCCCCCCCCCCCC(=O)OCC(COP(=O)([O-])OCC[N+](C)(C)C)O/C=C\CCCCCCCCCCCCCC","1"
"PC(P-16:0/16:0)","PC(P-16:0/16:0)","HMDB0011206","11146967",NA,"CCCCCCCCCCCCCCCC(=O)O[C@H](CO/C=C\CCCCCCCCCCCCCC)COP(=O)([O-])OCC[N+](C)(C)C","1"
"PC(P-18:0/14:0)","PC(P-18:0/14:0)","HMDB0011236","52923926",NA,"CCCCCCCCCCCCCCCC/C=C\OC[C@H](COP(=O)([O-])OCC[N+](C)(C)C)OC(=O)CCCCCCCCCCCCC","1"
"PC(o-16:0/16:1(9Z))","PC(o-16:0/16:1(9Z))","HMDB0013404","52923742",NA,"CCCCCCCCCCCCCCCCOC[C@H](COP(=O)([O-])OCC[N+](C)(C)C)OC(=O)CCCCCCC/C=C\CCCCCC","1"
"PG(16:0/18:1(11Z))","PG(16:0/18:1(11Z))","HMDB0010573","5289145",NA,"CCCCCCCCCCCCCCCC(=O)OC[C@H](COP(=O)(O)OC[C@H](CO)O)OC(=O)CCCCCCCCC/C=C\CCCCCC","1"
"PG(16:0/18:1(9Z))","PG(16:0/18:1(9Z))","HMDB0010574","52941750",NA,"CCCCCCCCCCCCCCCC(=O)OC[C@H](COP(=O)(O)OC[C@H](CO)O)OC(=O)CCCCCCC/C=C\CCCCCCCC","1"
"PG(16:1(9Z)/18:0)","PG(16:1(9Z)/18:0)","HMDB0010587","52926476",NA,"CCCCCCCCCCCCCCCCCC(=O)O[C@H](COC(=O)CCCCCCC/C=C\CCCCCC)COP(=O)(O)OC[C@H](CO)O","1"
"PG(18:0/16:1(9Z))","PG(18:0/16:1(9Z))","HMDB0010601","52927152",NA,"CCCCCCCCCCCCCCCCCC(=O)OC[C@H](COP(=O)(O)OC[C@H](CO)O)OC(=O)CCCCCCC/C=C\CCCCCC","1"
"PG(18:1(11Z)/16:0)","PG(18:1(11Z)/16:0)","HMDB0010615","53480614",NA,"CCCCCCCCCCCCCCCC(=O)O[C@H](COC(=O)CCCCCCCCC/C=C\CCCCCC)COP(=O)(O)OC[C@H](CO)O","1"
"PG(18:1(9Z)/16:0)","PG(18:1(9Z)/16:0)","HMDB0010630","52927225",NA,"CCCCCCCCCCCCCCCC(=O)O[C@H](COC(=O)CCCCCCC/C=C\CCCCCCCC)COP(=O)(O)OC[C@H](CO)O","1"
"PE(20:1(11Z)/P-18:1(11Z))","PE(20:1(11Z)/P-18:1(11Z))","HMDB0009281","53479728","C00350","CCCCCCCC/C=C\CCCCCCCCCC(=O)OC[C@H](COP(=O)(O)OCCN)O/C=C\CCCCCCCC/C=C\CCCCCC","1"
"PE(20:1(11Z)/P-18:1(9Z))","PE(20:1(11Z)/P-18:1(9Z))","HMDB0009282","53479729","C00350","CCCCCCCC/C=C\CCCCCCCCCC(=O)OC[C@H](COP(=O)(O)OCCN)O/C=C\CCCCCC/C=C\CCCCCCCC","1"
"PE(20:2(11Z,14Z)/P-18:0)","PE(20:2(11Z,14Z)/P-18:0)","HMDB0009313","53479739","C00350","CCCCCCCCCCCCCCCC/C=C\O[C@H](COC(=O)CCCCCCCCC/C=C\C/C=C\CCCCC)COP(=O)(O)OCCN","1"
"PE(22:2(13Z,16Z)/P-16:0)","PE(22:2(13Z,16Z)/P-16:0)","HMDB0009576","53479893","C00350","CCCCCCCCCCCCCC/C=C\O[C@H](COC(=O)CCCCCCCCCCC/C=C\C/C=C\CCCCC)COP(=O)(O)OCCN","1"
"PE(P-16:0/22:2(13Z,16Z))","PE(P-16:0/22:2(13Z,16Z))","HMDB0011357","52925065",NA,"CCCCCCCCCCCCCC/C=C\OC[C@H](COP(=O)(O)OCCN)OC(=O)CCCCCCCCCCC/C=C\C/C=C\CCCCC","1"
"PE(P-18:0/20:2(11Z,14Z))","PE(P-18:0/20:2(11Z,14Z))","HMDB0011382","52925087",NA,"CCCCCCCCCCCCCCCC/C=C\OC[C@H](COP(=O)(O)OCCN)OC(=O)CCCCCCCCC/C=C\C/C=C\CCCCC","1"
"PE(P-18:1(11Z)/20:1(11Z))","PE(P-18:1(11Z)/20:1(11Z))","HMDB0011414","53480874",NA,"CCCCCCCC/C=C\CCCCCCCCCC(=O)O[C@H](CO/C=C\CCCCCCCC/C=C\CCCCCC)COP(=O)(O)OCCN","1"
"PE(P-18:1(9Z)/20:1(11Z))","PE(P-18:1(9Z)/20:1(11Z))","HMDB0011447","53480903",NA,"CCCCCCCC/C=C\CCCCCCCCCC(=O)O[C@H](CO/C=C\CCCCCC/C=C\CCCCCCCC)COP(=O)(O)OCCN","1"
"PC(14:0/20:2(11Z,14Z))","PC(14:0/20:2(11Z,14Z))","HMDB0007880","52922228","C00157","CCCCCCCCCCCCCC(=O)OC[C@H](COP(=O)([O-])OCC[N+](C)(C)C)OC(=O)CCCCCCCCC/C=C\C/C=C\CCCCC","1"
"PC(14:1(9Z)/20:1(11Z))","PC(14:1(9Z)/20:1(11Z))","HMDB0007912","52922278","C00157","CCCCCCCC/C=C\CCCCCCCCCC(=O)O[C@H](COC(=O)CCCCCCC/C=C\CCCC)COP(=O)([O-])OCC[N+](C)(C)C","1"
"PC(16:0/18:2(9Z,12Z))","PC(16:0/18:2(9Z,12Z))","HMDB0007973","5287971","C00157","CCCCCCCCCCCCCCCC(=O)OC[C@H](COP(=O)([O-])OCC[N+](C)(C)C)OC(=O)CCCCCCC/C=C\C/C=C\CCCCC","1"
"PC(16:1(9Z)/18:1(11Z))","PC(16:1(9Z)/18:1(11Z))","HMDB0008004","24778766","C00157","CCCCCC/C=C\CCCCCCCCCC(=O)O[C@H](COC(=O)CCCCCCC/C=C\CCCCCC)COP(=O)([O-])OCC[N+](C)(C)C","1"
"PC(16:1(9Z)/18:1(9Z))","PC(16:1(9Z)/18:1(9Z))","HMDB0008005","24778767","C00157","CCCCCCCC/C=C\CCCCCCCC(=O)O[C@H](COC(=O)CCCCCCC/C=C\CCCCCC)COP(=O)([O-])OCC[N+](C)(C)C","1"
"PC(18:1(11Z)/16:1(9Z))","PC(18:1(11Z)/16:1(9Z))","HMDB0008068","53478719","C00157","CCCCCC/C=C\CCCCCCCCCC(=O)OC[C@H](COP(=O)([O-])OCC[N+](C)(C)C)OC(=O)CCCCCCC/C=C\CCCCCC","1"
"PC(18:1(9Z)/16:1(9Z))","PC(18:1(9Z)/16:1(9Z))","HMDB0008101","24778935","C00157","CCCCCCCC/C=C\CCCCCCCC(=O)OC[C@H](COP(=O)([O-])OCC[N+](C)(C)C)OC(=O)CCCCCCC/C=C\CCCCCC","1"
"PC(18:2(9Z,12Z)/16:0)","PC(18:2(9Z,12Z)/16:0)","HMDB0008133","24778972","C00157","CCCCCCCCCCCCCCCC(=O)O[C@H](COC(=O)CCCCCCC/C=C\C/C=C\CCCCC)COP(=O)([O-])OCC[N+](C)(C)C","1"
"PC(20:1(11Z)/14:1(9Z))","PC(20:1(11Z)/14:1(9Z))","HMDB0008296","52923095","C00157","CCCCCCCC/C=C\CCCCCCCCCC(=O)OC[C@H](COP(=O)([O-])OCC[N+](C)(C)C)OC(=O)CCCCCCC/C=C\CCCC","1"
"PC(20:2(11Z,14Z)/14:0)","PC(20:2(11Z,14Z)/14:0)","HMDB0008328","52923153","C00157","CCCCCCCCCCCCCC(=O)O[C@H](COC(=O)CCCCCCCCC/C=C\C/C=C\CCCCC)COP(=O)([O-])OCC[N+](C)(C)C","1"
"PE(15:0/22:2(13Z,16Z))","PE(15:0/22:2(13Z,16Z))","HMDB0008909","52924174","C00350","CCCCCCCCCCCCCCC(=O)OC[C@H](COP(=O)(O)OCCN)OC(=O)CCCCCCCCCCC/C=C\C/C=C\CCCCC","1"
"PE(22:2(13Z,16Z)/15:0)","PE(22:2(13Z,16Z)/15:0)","HMDB0009549","52924776","C00350","CCCCCCCCCCCCCCC(=O)O[C@H](COC(=O)CCCCCCCCCCC/C=C\C/C=C\CCCCC)COP(=O)(O)OCCN","1"
"PE-NMe(18:1(9Z)/18:1(9Z))","PE-NMe(18:1(9Z)/18:1(9Z))","HMDB0010565","9547032",NA,"CCCCCCCC/C=C\CCCCCCCC(=O)OC[C@H](COP(=O)(O)OCCNC)OC(=O)CCCCCCC/C=C\CCCCCCCC","1"
"PC(16:0/P-18:1(11Z))","PC(16:0/P-18:1(11Z))","HMDB0007996","53478675","C00157","CCCCCCCCCCCCCCCC(=O)OCC(COP(=O)([O-])OCC[N+](C)(C)C)O/C=C\CCCCCCCC/C=C\CCCCCC","1"
"PC(16:0/P-18:1(9Z))","PC(16:0/P-18:1(9Z))","HMDB0007997","53478677","C00157","CCCCCCCCCCCCCCCC(=O)OCC(COP(=O)([O-])OCC[N+](C)(C)C)O/C=C\CCCCCC/C=C\CCCCCCCC","1"
"PC(16:1(9Z)/P-18:0)","PC(16:1(9Z)/P-18:0)","HMDB0008028","53478695","C00157","CCCCCCCCCCCCCCCC/C=C\OC(COC(=O)CCCCCCC/C=C\CCCCCC)COP(=O)([O-])OCC[N+](C)(C)C","1"
"PC(18:1(11Z)/P-16:0)","PC(18:1(11Z)/P-16:0)","HMDB0008093","53478757","C00157","CCCCCCCCCCCCCC/C=C\OC(COC(=O)CCCCCCCCC/C=C\CCCCCC)COP(=O)([O-])OCC[N+](C)(C)C","1"
"PC(18:1(9Z)/P-16:0)","PC(18:1(9Z)/P-16:0)","HMDB0008126","53478777","C00157","CCCCCCCCCCCCCC/C=C\OC(COC(=O)CCCCCCC/C=C\CCCCCCCC)COP(=O)([O-])OCC[N+](C)(C)C","1"
"PC(O-16:0/18:2(9Z,12Z))","PC(O-16:0/18:2(9Z,12Z))","HMDB0011151","6443157",NA,"CCCCCCCCCCCCCCCCOC[C@H](COP(=O)([O-])OCC[N+](C)(C)C)OC(=O)CCCCCCC/C=C\C/C=C\CCCCC","1"
"PC(P-16:0/18:1(11Z))","PC(P-16:0/18:1(11Z))","HMDB0011209","53480679",NA,"CCCCCCCCCCCCCC/C=C\OC[C@H](COP(=O)([O-])OCC[N+](C)(C)C)OC(=O)CCCCCCCCC/C=C\CCCCCC","1"
"PC(P-16:0/18:1(9Z))","PC(P-16:0/18:1(9Z))","HMDB0011210","24779384",NA,"CCCCCCCCCCCCCC/C=C\OC[C@H](COP(=O)([O-])OCC[N+](C)(C)C)OC(=O)CCCCCCC/C=C\CCCCCCCC","1"
"PC(P-18:0/16:1(9Z))","PC(P-18:0/16:1(9Z))","HMDB0011240","52923934",NA,"CCCCCCCCCCCCCCCC/C=C\OC[C@H](COP(=O)([O-])OCC[N+](C)(C)C)OC(=O)CCCCCCC/C=C\CCCCCC","1"
"PC(P-18:1(11Z)/16:0)","PC(P-18:1(11Z)/16:0)","HMDB0011272","53480735",NA,"CCCCCCCCCCCCCCCC(=O)OC(CO/C=C\CCCCCCCC/C=C\CCCCCC)COP(=O)([O-])OCC[N+](C)(C)C","1"
"PC(P-18:1(9Z)/16:0)","PC(P-18:1(9Z)/16:0)","HMDB0011305","53480793",NA,"CCCCCCCCCCCCCCCC(=O)O[C@H](CO/C=C\CCCCCC/C=C\CCCCCCCC)COP(=O)([O-])OCC[N+](C)(C)C","1"
"PC(16:0/P-18:0)","PC(16:0/P-18:0)","HMDB0007995","53478673","C00157","CCCCCCCCCCCCCCCC/C=C\OC(COC(=O)CCCCCCCCCCCCCCC)COP(=O)([O-])OCC[N+](C)(C)C","1"
"PC(18:0/P-16:0)","PC(18:0/P-16:0)","HMDB0008060","53478703","C00157","CCCCCCCCCCCCCCCCCC(=O)OCC(COP(=O)([O-])OCC[N+](C)(C)C)O/C=C\CCCCCCCCCCCCCC","1"
"PC(P-16:0/18:0)","PC(P-16:0/18:0)","HMDB0011208","52923890",NA,"CCCCCCCCCCCCCCCCCC(=O)O[C@H](CO/C=C\CCCCCCCCCCCCCC)COP(=O)([O-])OCC[N+](C)(C)C","1"
"PC(P-18:0/16:0)","PC(P-18:0/16:0)","HMDB0011239","53480705",NA,"CCCCCCCCCCCCCCCC/C=C\OCC(COP(=O)([O-])OCC[N+](C)(C)C)OC(=O)CCCCCCCCCCCCCCC","1"
"PC(o-16:1(9Z)/18:0)","PC(o-16:1(9Z)/18:0)","HMDB0013412","53481707",NA,"CCCCCCCCCCCCCCCCCC(=O)O[C@H](COCCCCCCCC/C=C\CCCCCC)COP(=O)([O-])OCC[N+](C)(C)C","1"
"PC(o-18:1(11Z)/16:0)","PC(o-18:1(11Z)/16:0)","HMDB0013424","53481719",NA,"CCCCCCCCCCCCCCCC(=O)O[C@H](COCCCCCCCCCC/C=C\CCCCCC)COP(=O)([O-])OCC[N+](C)(C)C","1"
"PC(o-18:1(9Z)/16:0)","PC(o-18:1(9Z)/16:0)","HMDB0013426","6443119",NA,"CCCCCCCCCCCCCCCC(=O)O[C@H](COCCCCCCCC/C=C\CCCCCCCC)COP(=O)([O-])OCC[N+](C)(C)C","1"
"Coenzyme A","Coenzyme A","HMDB0001423","87642","C00010","CC(C)(COP(=O)(O)OP(=O)(O)OC[C@@H]1[C@H]([C@H]([C@@H](O1)N2C=NC3=C2N=CN=C3N)O)OP(=O)(O)O)C(C(=O)NCCC(=O)NCCS)O","1"
"PG(18:0/18:2(9Z,12Z))","PG(18:0/18:2(9Z,12Z))","HMDB0010605","52927245",NA,"CCCCCCCCCCCCCCCCCC(=O)OC[C@H](COP(=O)(O)OC[C@H](CO)O)OC(=O)CCCCCCC/C=C\C/C=C\CCCCC","1"
"PG(18:1(11Z)/18:1(11Z))","PG(18:1(11Z)/18:1(11Z))","HMDB0010618","53480617",NA,"CCCCCC/C=C\CCCCCCCCCC(=O)OC[C@H](COP(=O)(O)OC[C@H](CO)O)OC(=O)CCCCCCCCC/C=C\CCCCCC","1"
"PG(18:1(11Z)/18:1(9Z))","PG(18:1(11Z)/18:1(9Z))","HMDB0010619","53480618",NA,"CCCCCCCC/C=C\CCCCCCCC(=O)O[C@H](COC(=O)CCCCCCCCC/C=C\CCCCCC)COP(=O)(O)OC[C@H](CO)O","1"
"PG(18:1(9Z)/18:1(11Z))","PG(18:1(9Z)/18:1(11Z))","HMDB0010633","53480629",NA,"CCCCCCCC/C=C\CCCCCCCC(=O)OC[C@H](COP(=O)(O)OC[C@H](CO)O)OC(=O)CCCCCCCCC/C=C\CCCCCC","1"
"PG(18:1(9Z)/18:1(9Z))","PG(18:1(9Z)/18:1(9Z))","HMDB0010634","52927248",NA,"CCCCCCCC/C=C\CCCCCCCC(=O)OC[C@H](COP(=O)(O)OC[C@H](CO)O)OC(=O)CCCCCCC/C=C\CCCCCCCC","1"
"PG(18:2(9Z,12Z)/18:0)","PG(18:2(9Z,12Z)/18:0)","HMDB0010647","52927141",NA,"CCCCCCCCCCCCCCCCCC(=O)O[C@H](COC(=O)CCCCCCC/C=C\C/C=C\CCCCC)COP(=O)(O)OC[C@H](CO)O","1"
"Glucosylceramide (d18:1/22:0)","Glucosylceramide (d18:1/22:0)","HMDB0004974","6321359","C01190","CCCCCCCCCCCCCCCCCCCCCC(=O)N[C@@H](CO[C@H]1[C@@H]([C@H]([C@@H]([C@H](O1)CO)O)O)O)[C@@H](/C=C/CCCCCCCCCCCCC)O","1"
"Galactosylceramide (d18:1/22:0)","Galactosylceramide (d18:1/22:0)","HMDB0010711","53480655","C02686","CCCCCCCCCCCCCCCCCCCCCC(=O)NC(CO[C@H]1[C@@H]([C@H]([C@H]([C@H](O1)CO)O)O)O)C(/C=C\CCCCCCCCCCCCC)O","1"
"PC(18:1(9Z)/18:1(9Z))","PC(18:1(9Z)/18:1(9Z))","HMDB0000593","6437081","C00157","CCCCCCCC/C=C\CCCCCCCC(=O)OCC(COP(=O)([O-])OCC[N+](C)(C)C)OC(=O)CCCCCCC/C=C\CCCCCCCC","1"
"PC(14:0/22:2(13Z,16Z))","PC(14:0/22:2(13Z,16Z))","HMDB0007888","52922236","C00157","CCCCCCCCCCCCCC(=O)OC[C@H](COP(=O)([O-])OCC[N+](C)(C)C)OC(=O)CCCCCCCCCCC/C=C\C/C=C\CCCCC","1"
"PC(14:1(9Z)/22:1(13Z))","PC(14:1(9Z)/22:1(13Z))","HMDB0007920","53478629","C00157","CCCCCCCC/C=C\CCCCCCCCCCCC(=O)O[C@H](COC(=O)CCCCCCC/C=C\CCCC)COP(=O)([O-])OCC[N+](C)(C)C","1"
"PC(16:0/20:2(11Z,14Z))","PC(16:0/20:2(11Z,14Z))","HMDB0007979","52922420","C00157","CCCCCCCCCCCCCCCC(=O)OC[C@H](COP(=O)([O-])OCC[N+](C)(C)C)OC(=O)CCCCCCCCC/C=C\C/C=C\CCCCC","1"
"PC(16:1(9Z)/20:1(11Z))","PC(16:1(9Z)/20:1(11Z))","HMDB0008011","52922459","C00157","CCCCCCCC/C=C\CCCCCCCCCC(=O)O[C@H](COC(=O)CCCCCCC/C=C\CCCCCC)COP(=O)([O-])OCC[N+](C)(C)C","1"
"PC(18:0/18:2(9Z,12Z))","PC(18:0/18:2(9Z,12Z))","HMDB0008039","6441487","C00157","CCCCCCCCCCCCCCCCCC(=O)OC[C@H](COP(=O)([O-])OCC[N+](C)(C)C)OC(=O)CCCCCCC/C=C\C/C=C\CCCCC","1"
"PC(18:1(11Z)/18:1(11Z))","PC(18:1(11Z)/18:1(11Z))","HMDB0008070","24778895","C00157","CCCCCC/C=C\CCCCCCCCCC(=O)OC[C@H](COP(=O)([O-])OCC[N+](C)(C)C)OC(=O)CCCCCCCCC/C=C\CCCCCC","1"
"PC(18:1(11Z)/18:1(9Z))","PC(18:1(11Z)/18:1(9Z))","HMDB0008071","53478721","C00157","CCCCCCCC/C=C\CCCCCCCC(=O)O[C@H](COC(=O)CCCCCCCCC/C=C\CCCCCC)COP(=O)([O-])OCC[N+](C)(C)C","1"
"PC(18:1(9Z)/18:1(11Z))","PC(18:1(9Z)/18:1(11Z))","HMDB0008103","53478765","C00157","CCCCCCCC/C=C\CCCCCCCC(=O)OC[C@H](COP(=O)([O-])OCC[N+](C)(C)C)OC(=O)CCCCCCCCC/C=C\CCCCCC","1"
"PC(18:2(9Z,12Z)/18:0)","PC(18:2(9Z,12Z)/18:0)","HMDB0008135","15378085","C00157","CCCCCCCCCCCCCCCCCC(=O)O[C@H](COC(=O)CCCCCCC/C=C\C/C=C\CCCCC)COP(=O)([O-])OCC[N+](C)(C)C","1"
"PC(20:1(11Z)/16:1(9Z))","PC(20:1(11Z)/16:1(9Z))","HMDB0008299","52923103","C00157","CCCCCCCC/C=C\CCCCCCCCCC(=O)OC[C@H](COP(=O)([O-])OCC[N+](C)(C)C)OC(=O)CCCCCCC/C=C\CCCCCC","1"
"PC(20:2(11Z,14Z)/16:0)","PC(20:2(11Z,14Z)/16:0)","HMDB0008331","52923161","C00157","CCCCCCCCCCCCCCCC(=O)O[C@H](COC(=O)CCCCCCCCC/C=C\C/C=C\CCCCC)COP(=O)([O-])OCC[N+](C)(C)C","1"
"PC(22:1(13Z)/14:1(9Z))","PC(22:1(13Z)/14:1(9Z))","HMDB0008559","53479167","C00157","CCCCCCCC/C=C\CCCCCCCCCCCC(=O)OC[C@H](COP(=O)([O-])OCC[N+](C)(C)C)OC(=O)CCCCCCC/C=C\CCCC","1"
"PC(22:2(13Z,16Z)/14:0)","PC(22:2(13Z,16Z)/14:0)","HMDB0008590","52923551","C00157","CCCCCCCCCCCCCC(=O)O[C@H](COC(=O)CCCCCCCCCCC/C=C\C/C=C\CCCCC)COP(=O)([O-])OCC[N+](C)(C)C","1"
"PC(18:0/P-18:1(11Z))","PC(18:0/P-18:1(11Z))","HMDB0008062","53478707","C00157","CCCCCCCCCCCCCCCCCC(=O)OCC(COP(=O)([O-])OCC[N+](C)(C)C)O/C=C\CCCCCCCC/C=C\CCCCCC","1"
"PC(18:0/P-18:1(9Z))","PC(18:0/P-18:1(9Z))","HMDB0008063","53478709","C00157","CCCCCCCCCCCCCCCCCC(=O)OCC(COP(=O)([O-])OCC[N+](C)(C)C)O/C=C\CCCCCC/C=C\CCCCCCCC","1"
"PC(18:1(11Z)/P-18:0)","PC(18:1(11Z)/P-18:0)","HMDB0008094","53478759","C00157","CCCCCCCCCCCCCCCC/C=C\OC(COC(=O)CCCCCCCCC/C=C\CCCCCC)COP(=O)([O-])OCC[N+](C)(C)C","1"
"PC(18:1(9Z)/P-18:0)","PC(18:1(9Z)/P-18:0)","HMDB0008127","53478779","C00157","CCCCCCCCCCCCCCCC/C=C\OC(COC(=O)CCCCCCC/C=C\CCCCCCCC)COP(=O)([O-])OCC[N+](C)(C)C","1"
"PC(20:1(11Z)/P-16:0)","PC(20:1(11Z)/P-16:0)","HMDB0008324","53478911","C00157","CCCCCCCCCCCCCC/C=C\OC(COC(=O)CCCCCCCCC/C=C\CCCCCCCC)COP(=O)([O-])OCC[N+](C)(C)C","1"
"PC(P-16:0/20:1(11Z))","PC(P-16:0/20:1(11Z))","HMDB0011216","52923904",NA,"CCCCCCCCCCCCCC/C=C\OC[C@H](COP(=O)([O-])OCC[N+](C)(C)C)OC(=O)CCCCCCCCC/C=C\CCCCCCCC","1"
"PC(P-18:0/18:1(11Z))","PC(P-18:0/18:1(11Z))","HMDB0011242","53480707",NA,"CCCCCCCCCCCCCCCC/C=C\OC[C@H](COP(=O)([O-])OCC[N+](C)(C)C)OC(=O)CCCCCCCCC/C=C\CCCCCC","1"
"PC(P-18:0/18:1(9Z))","PC(P-18:0/18:1(9Z))","HMDB0011243","42607428",NA,"CCCCCCCCCCCCCCCC/C=C\OC[C@H](COP(=O)([O-])OCC[N+](C)(C)C)OC(=O)CCCCCCC/C=C\CCCCCCCC","1"
"PC(P-18:1(11Z)/18:0)","PC(P-18:1(11Z)/18:0)","HMDB0011274","53480739",NA,"CCCCCCCCCCCCCCCCCC(=O)O[C@H](CO/C=C\CCCCCCCC/C=C\CCCCCC)COP(=O)([O-])OCC[N+](C)(C)C","1"
"PC(P-18:1(9Z)/18:0)","PC(P-18:1(9Z)/18:0)","HMDB0011307","53480797",NA,"CCCCCCCCCCCCCCCCCC(=O)O[C@H](CO/C=C\CCCCCC/C=C\CCCCCCCC)COP(=O)([O-])OCC[N+](C)(C)C","1"
"PC(o-18:0/18:2(9Z,12Z))","PC(o-18:0/18:2(9Z,12Z))","HMDB0013418","6443070",NA,"CCCCCCCCCCCCCCCCCCOC[C@H](COP(=O)([O-])OCC[N+](C)(C)C)OC(=O)CCCCCCC/C=C\C/C=C\CCCCC","1"
"PC(o-18:1(9Z)/18:1(11Z))","PC(o-18:1(9Z)/18:1(11Z))","HMDB0013428","53481725",NA,"CCCCCCCC/C=C\CCCCCCCCOC[C@H](COP(=O)([O-])OCC[N+](C)(C)C)OC(=O)CCCCCCCCC/C=C\CCCCCC","1"
"PI(16:0/16:1(9Z))","PI(16:0/16:1(9Z))","HMDB0009779",NA,"C00626","[H][C@@](COC(=O)CCCCCCCCCCCCCCC)(COP(O)(=O)O[C@H]1C(O)C(O)C(O)[C@@H](O)C1O)OC(=O)CCCCCCC\C=C/CCCCCC","1"
"PI(16:1(9Z)/16:0)","PI(16:1(9Z)/16:0)","HMDB0009797",NA,"C00626","[H][C@@](COC(=O)CCCCCCC\C=C/CCCCCC)(COP(O)(=O)O[C@H]1C(O)C(O)C(O)[C@@H](O)C1O)OC(=O)CCCCCCCCCCCCCCC","1"
"PI(16:0/16:0)","PI(16:0/16:0)","HMDB0009778","24779556","C00626","[H][C@@](COC(=O)CCCCCCCCCCCCCCC)(COP(O)(=O)O[C@H]1C(O)C(O)C(O)[C@@H](O)C1O)OC(=O)CCCCCCCCCCCCCCC","1"
"Glucosylceramide","Glucosylceramide","HMDB0000140","53477677","C01190","CCCCCCCCCCCCCCCCCCCCCCCC(=O)N[C@@H](CO[C@H]1[C@@H]([C@H](C([C@H](O1)CO)O)O)O)[C@@H](/C=C/CCCCCCCCCCCCC)O","1"
"Glucosylceramide (d18:1/24:0)","Glucosylceramide (d18:1/24:0)","HMDB0004978","6321361",NA,"CCCCCCCCCCCCCCCCCCCCCCCC(=O)N[C@@H](CO[C@H]1C(C([C@@H]([C@H](O1)CO)O)O)O)[C@@H](/C=C/CCCCCCCCCCCCC)O","1"
"PG(18:1(11Z)/22:6(4Z,7Z,10Z,13Z,16Z,19Z))","PG(18:1(11Z)/22:6(4Z,7Z,10Z,13Z,16Z,19Z))","HMDB0010629","53480628",NA,"CCCCCC/C=C\CCCCCCCCCC(=O)OC[C@H](COP(=O)(O)OC[C@H](CO)O)OC(=O)CC/C=C\C/C=C\C/C=C\C/C=C\C/C=C\C/C=C\CC","1"
"PG(18:1(9Z)/22:6(4Z,7Z,10Z,13Z,16Z,19Z))","PG(18:1(9Z)/22:6(4Z,7Z,10Z,13Z,16Z,19Z))","HMDB0010644","52926308",NA,"CCCCCCCC/C=C\CCCCCCCC(=O)OC[C@H](COP(=O)(O)OC[C@H](CO)O)OC(=O)CC/C=C\C/C=C\C/C=C\C/C=C\C/C=C\C/C=C\CC","1"
"PG(18:2(9Z,12Z)/22:5(4Z,7Z,10Z,13Z,16Z))","PG(18:2(9Z,12Z)/22:5(4Z,7Z,10Z,13Z,16Z))","HMDB0010657","53480635",NA,"CCCCC/C=C\C/C=C\CCCCCCCC(=O)OC[C@H](COP(=O)(O)OC[C@H](CO)O)OC(=O)CC/C=C\C/C=C\C/C=C\C/C=C\C/C=C\CCCCC","1"
"PG(18:2(9Z,12Z)/22:5(7Z,10Z,13Z,16Z,19Z))","PG(18:2(9Z,12Z)/22:5(7Z,10Z,13Z,16Z,19Z))","HMDB0010658","53480636",NA,"CCCCC/C=C\C/C=C\CCCCCCCC(=O)OC[C@H](COP(=O)(O)OC[C@H](CO)O)OC(=O)CCCCC/C=C\C/C=C\C/C=C\C/C=C\C/C=C\CC","1"
"PG(18:3(6Z,9Z,12Z)/22:4(7Z,10Z,13Z,16Z))","PG(18:3(6Z,9Z,12Z)/22:4(7Z,10Z,13Z,16Z))","HMDB0010671","52926660",NA,"CCCCC/C=C\C/C=C\C/C=C\CCCCC(=O)OC[C@H](COP(=O)(O)OC[C@H](CO)O)OC(=O)CCCCC/C=C\C/C=C\C/C=C\C/C=C\CCCCC","1"
"PG(18:3(9Z,12Z,15Z)/22:4(7Z,10Z,13Z,16Z))","PG(18:3(9Z,12Z,15Z)/22:4(7Z,10Z,13Z,16Z))","HMDB0010686","52926688",NA,"CCCCC/C=C\C/C=C\C/C=C\C/C=C\CCCCCC(=O)O[C@H](COC(=O)CCCCCCC/C=C\C/C=C\C/C=C\CC)COP(=O)(O)OC[C@H](CO)O","1"
"PI(16:0/18:1(11Z))","PI(16:0/18:1(11Z))","HMDB0009782",NA,"C00626","[H][C@@](COC(=O)CCCCCCCCCCCCCCC)(COP(O)(=O)O[C@H]1C(O)C(O)C(O)[C@@H](O)C1O)OC(=O)CCCCCCCCC\C=C/CCCCCC","1"
"PI(16:0/18:1(9Z))","PI(16:0/18:1(9Z))","HMDB0009783",NA,"C00626","[H][C@@](COC(=O)CCCCCCCCCCCCCCC)(COP(O)(=O)O[C@H]1C(O)C(O)C(O)[C@@H](O)C1O)OC(=O)CCCCCCC\C=C/CCCCCCCC","1"
"PI(16:1(9Z)/18:0)","PI(16:1(9Z)/18:0)","HMDB0009799",NA,"C00626","[H][C@@](COC(=O)CCCCCCC\C=C/CCCCCC)(COP(O)(=O)O[C@H]1C(O)C(O)C(O)[C@@H](O)C1O)OC(=O)CCCCCCCCCCCCCCCCC","1"
"PI(18:0/16:1(9Z))","PI(18:0/16:1(9Z))","HMDB0009806",NA,"C00626","[H][C@@](COC(=O)CCCCCCCCCCCCCCCCC)(COP(O)(=O)O[C@H]1C(O)C(O)C(O)[C@@H](O)C1O)OC(=O)CCCCCCC\C=C/CCCCCC","1"
"PI(18:1(11Z)/16:0)","PI(18:1(11Z)/16:0)","HMDB0009822",NA,"C00626","[H][C@@](COC(=O)CCCCCCCCC\C=C/CCCCCC)(COP(O)(=O)O[C@H]1C(O)C(O)C(O)[C@@H](O)C1O)OC(=O)CCCCCCCCCCCCCCC","1"
"PI(18:1(9Z)/16:0)","PI(18:1(9Z)/16:0)","HMDB0009834",NA,"C00626","[H][C@@](COC(=O)CCCCCCC\C=C/CCCCCCCC)(COP(O)(=O)O[C@H]1C(O)C(O)C(O)[C@@H](O)C1O)OC(=O)CCCCCCCCCCCCCCC","1"
"PI(16:0/20:2(11Z,14Z))","PI(16:0/20:2(11Z,14Z))","HMDB0009786",NA,"C00626","[H][C@@](COC(=O)CCCCCCCCCCCCCCC)(COP(O)(=O)O[C@H]1C(O)C(O)C(O)[C@@H](O)C1O)OC(=O)CCCCCCCCC\C=C/C\C=C/CCCCC","1"
"PI(18:0/18:2(9Z,12Z))","PI(18:0/18:2(9Z,12Z))","HMDB0009809",NA,"C00626","[H][C@@](COC(=O)CCCCCCCCCCCCCCCCC)(COP(O)(=O)O[C@H]1C(O)C(O)C(O)[C@@H](O)C1O)OC(=O)CCCCCCC\C=C/C\C=C/CCCCC","1"
"PI(18:1(11Z)/18:1(11Z))","PI(18:1(11Z)/18:1(11Z))","HMDB0009824",NA,"C00626","[H][C@@](COC(=O)CCCCCCCCC\C=C/CCCCCC)(COP(O)(=O)O[C@H]1C(O)C(O)C(O)[C@@H](O)C1O)OC(=O)CCCCCCCCC\C=C/CCCCCC","1"
"PI(18:1(11Z)/18:1(9Z))","PI(18:1(11Z)/18:1(9Z))","HMDB0009825",NA,"C00626","[H][C@@](COC(=O)CCCCCCCCC\C=C/CCCCCC)(COP(O)(=O)O[C@H]1C(O)C(O)C(O)[C@@H](O)C1O)OC(=O)CCCCCCC\C=C/CCCCCCCC","1"
"PI(18:1(9Z)/18:1(11Z))","PI(18:1(9Z)/18:1(11Z))","HMDB0009836",NA,"C00626","[H][C@@](COC(=O)CCCCCCC\C=C/CCCCCCCC)(COP(O)(=O)O[C@H]1C(O)C(O)C(O)[C@@H](O)C1O)OC(=O)CCCCCCCCC\C=C/CCCCCC","1"
"PI(18:1(9Z)/18:1(9Z))","PI(18:1(9Z)/18:1(9Z))","HMDB0009837",NA,"C00626","[H][C@@](COC(=O)CCCCCCC\C=C/CCCCCCCC)(COP(O)(=O)O[C@H]1C(O)C(O)C(O)[C@@H](O)C1O)OC(=O)CCCCCCC\C=C/CCCCCCCC","1"
"PI(18:2(9Z,12Z)/18:0)","PI(18:2(9Z,12Z)/18:0)","HMDB0009847",NA,"C00626","[H][C@@](COC(=O)CCCCCCC\C=C/C\C=C/CCCCC)(COP(O)(=O)O[C@H]1C(O)C(O)C(O)[C@@H](O)C1O)OC(=O)CCCCCCCCCCCCCCCCC","1"
"PI(20:2(11Z,14Z)/16:0)","PI(20:2(11Z,14Z)/16:0)","HMDB0009875",NA,"C00626","[H][C@@](COC(=O)CCCCCCCCC\C=C/C\C=C/CCCCC)(COP(O)(=O)O[C@H]1C(O)C(O)C(O)[C@@H](O)C1O)OC(=O)CCCCCCCCCCCCCCC","1"
"PIP(16:0/18:1(11Z))","PIP(16:0/18:1(11Z))","HMDB0009924","53480122","C00626","CCCCCCCCCCCCCCCC(=O)OC[C@H](COP(=O)(O)O[C@@H]1C([C@@H](C(C(C1O)O)O)OP(=O)(O)O)O)OC(=O)CCCCCCCCC/C=C\CCCCCC","1"
"PIP(16:0/18:1(9Z))","NA","NA","NA","NA","NA","0"
"PIP(18:0/16:1(9Z))","PIP(18:0/16:1(9Z))","HMDB0009947","53480142","C00626","CCCCCCCCCCCCCCCCCC(=O)OC[C@H](COP(=O)(O)O[C@@H]1C([C@@H](C(C(C1O)O)O)OP(=O)(O)O)O)OC(=O)CCCCCCC/C=C\CCCCCC","1"
"PIP(18:1(11Z)/16:0)","PIP(18:1(11Z)/16:0)","HMDB0009958","53480153","C00626","CCCCCCCCCCCCCCCC(=O)O[C@H](COC(=O)CCCCCCCCC/C=C\CCCCCC)COP(=O)(O)O[C@@H]1C([C@@H](C(C(C1O)O)O)OP(=O)(O)O)O","1"
"PIP(18:1(9Z)/16:0)","PIP(18:1(9Z)/16:0)","HMDB0009970","53480165","C00626","CCCCCCCCCCCCCCCC(=O)O[C@H](COC(=O)CCCCCCC/C=C\CCCCCCCC)COP(=O)(O)O[C@@H]1C([C@@H](C(C(C1O)O)O)OP(=O)(O)O)O","1"
"PIP(16:0/22:2(13Z,16Z))","PIP(16:0/22:2(13Z,16Z))","HMDB0009933","131750484","C00626","CCCCCCCCCCCCCCCC(=O)OC[C@]([H])(COP(O)(=O)O[C@H]1C(O)C(O)C(O)[C@@H](OP(=O)(O)O)C1O)OC(=O)CCCCCCCCCCC\C=C/C\C=C/CCCCC","1"
"PIP(18:1(15Z)/20:1(11Z))","PIP(18:1(15Z)/20:1(11Z))","HMDB0009969","131750495","C00626","CCCCCCCC\C=C/CCCCCCCCCC(=O)O[C@]([H])(COC(=O)CCCCCCCCC\C=C/CCCCCC)COP(O)(=O)O[C@H]1C(O)C(O)C(O)[C@@H](OP(=O)(O)O)C1O","1"
"PIP(18:1(9Z)/20:1(11Z))","PIP(18:1(9Z)/20:1(11Z))","HMDB0009977","131750497","C00626","CCCCCCCC\C=C/CCCCCCCCCC(=O)O[C@]([H])(COC(=O)CCCCCCC\C=C/CCCCCCCC)COP(O)(=O)O[C@H]1C(O)C(O)C(O)[C@@H](OP(=O)(O)O)C1O","1"
"PIP(18:2(9Z,12Z)/20:0)","PIP(18:2(9Z,12Z)/20:0)","HMDB0009988","53480182","C00626","CCCCCCCCCCCCCCCCCCCC(=O)O[C@H](COC(=O)CCCCCCC/C=C\C/C=C\CCCCC)COP(=O)(O)O[C@@H]1C([C@@H](C(C(C1O)O)O)OP(=O)(O)O)O","1"
"PIP(20:0/18:2(9Z,12Z))","PIP(20:0/18:2(9Z,12Z))","HMDB0009997","131750505","C00626","CCCCCCCCCCCCCCCCCCCC(=O)OC[C@]([H])(COP(O)(=O)O[C@H]1C(O)C(O)C(O)[C@@H](OP(=O)(O)O)C1O)OC(=O)CCCCCCC\C=C/C\C=C/CCCCC","1"
"PIP(20:1(11Z)/18:1(11Z))","PIP(20:1(11Z)/18:1(11Z))","HMDB0009999","53480193","C00626","CCCCCCCC/C=C\CCCCCCCCCC(=O)OC[C@H](COP(=O)(O)O[C@@H]1C([C@@H](C(C(C1O)O)O)OP(=O)(O)O)O)OC(=O)CCCCCCCCC/C=C\CCCCCC","1"
"PIP(20:1(11Z)/18:1(9Z))","PIP(20:1(11Z)/18:1(9Z))","HMDB0010000","131750506","C00626","CCCCCCCC\C=C/CCCCCCCCCC(=O)OC[C@]([H])(COP(O)(=O)O[C@H]1C(O)C(O)C(O)[C@@H](OP(=O)(O)O)C1O)OC(=O)CCCCCCC\C=C/CCCCCCCC","1"
"PIP(20:2(11Z,14Z)/18:0)","PIP(20:2(11Z,14Z)/18:0)","HMDB0010002","53480196","C00626","CCCCCCCCCCCCCCCCCC(=O)O[C@H](COC(=O)CCCCCCCCC/C=C\C/C=C\CCCCC)COP(=O)(O)O[C@@H]1C([C@@H](C(C(C1O)O)O)OP(=O)(O)O)O","1"
"PIP(22:2(13Z,16Z)/16:0)","PIP(22:2(13Z,16Z)/16:0)","HMDB0010023","131750513","C00626","CCCCCCCCCCCCCCCC(=O)O[C@]([H])(COC(=O)CCCCCCCCCCC\C=C/C\C=C/CCCCC)COP(O)(=O)O[C@H]1C(O)C(O)C(O)[C@@H](OP(=O)(O)O)C1O","1"
