"Query","Match","HMDB","PubChem","KEGG","SMILES","Comment"
"Dimethylglycine","Dimethylglycine","HMDB0000092","673","C01026","CN(C)CC(=O)O","1"
"Gamma-Aminobutyric acid","Gamma-Aminobutyric acid","HMDB0000112","223130","C00334","C(CC(=O)O)CN","1"
"L-Alpha-aminobutyric acid","L-Alpha-aminobutyric acid","HMDB0000452","80283","C02356","CC[C@@H](C(=O)O)N","1"
"D-Alpha-aminobutyric acid","D-Alpha-aminobutyric acid","HMDB0000650","439691","C02261","CC[C@H](C(=O)O)N","1"
"2-Aminoisobutyric acid","2-Aminoisobutyric acid","HMDB0001906","6119","C03665","CC(C)(C(=O)O)N","1"
"(S)-b-aminoisobutyric acid","(S)-b-aminoisobutyric acid","HMDB0002166","439434","C03284","C[C@@H](CN)C(=O)O","1"
"(R)-b-aminoisobutyric acid","(R)-b-aminoisobutyric acid","HMDB0002299","5459822","C01205","C[C@H](CN)C(=O)O","1"
"3-Aminoisobutanoic acid","3-Aminoisobutanoic acid","HMDB0003911","64956","C05145","CC(CN)C(=O)O","1"
"Hypotaurine","Hypotaurine","HMDB0000965","107812","C00519","C(CS(=O)O)N","1"
"Homocysteine thiolactone","Homocysteine thiolactone","HMDB0002287","134505",NA,"C1CSC(=O)C1N","1"
"Methylimidazole acetaldehyde","Methylimidazole acetaldehyde","HMDB0004181","193545","C05827","CN1C=C(N=C1)CC=O","1"
"Trigonelline","Trigonelline","HMDB0000875","5570","C01004","C[N+]1=CC=CC(=C1)C(=O)[O-]","1"
"2-Aminobenzoic acid","2-Aminobenzoic acid","HMDB0001123","227","C00108","C1=CC=C(C(=C1)C(=O)O)N","1"
"p-Aminobenzoic acid","p-Aminobenzoic acid","HMDB0001392","978","C00568","C1=CC(=CC=C1C(=O)O)N","1"
"3-Pyridylacetic acid","3-Pyridylacetic acid","HMDB0001538","108",NA,"C1=CC(=CN=C1)CC(=O)O","1"
"m-Aminobenzoic acid","m-Aminobenzoic acid","HMDB0001891","7419",NA,"C1=CC(=CC(=C1)N)C(=O)O","1"
"3,4-Dihydroxybenzylamine","3,4-Dihydroxybenzylamine","HMDB0012153","91623",NA,"C1=CC(=C(C=C1CN)O)O","1"
"Vinylacetylglycine","Vinylacetylglycine","HMDB0000894","53477718",NA,"C=CCC(=O)NCC(=O)O","1"
"4-Guanidinobutanoic acid","4-Guanidinobutanoic acid","HMDB0003464","500","C01035","C(CC(=O)O)CN=C(N)N","1"
"L-Canaline","L-Canaline","HMDB0012251","441443","C08270","C(CON)[C@@H](C(=O)O)N","1"
"Homocysteinesulfinic acid","Homocysteinesulfinic acid","HMDB0006462","161712",NA,"C(CS(=O)O)C(C(=O)O)N","1"
"Glycylproline","Glycylproline","HMDB0000721","79101",NA,"C1CC(N(C1)C(=O)CN)C(=O)O","1"
"L-prolyl-L-glycine","L-prolyl-L-glycine","HMDB11178","98206",NA,"C1CC(NC1)C(=O)NCC(=O)O","1"
"Cysteinylglycine","Cysteinylglycine","HMDB0000078","439498","C01419","C([C@@H](C(=O)NCC(=O)O)N)S","1"
"Isoxanthopterin","Isoxanthopterin","HMDB0000704","135398700","C03975","C1=NC2=C(NC1=O)NC(=NC2=O)N","1"
"Nicotinuric acid","Nicotinuric acid","HMDB0003269","68499","C05380","C1=CC(=CN=C1)C(=O)NCC(=O)O","1"
"Homovanillic acid","Homovanillic acid","HMDB0000118","1738","C05582","COC1=C(C=CC(=C1)CC(=O)O)O","1"
"Isohomovanillic acid","Isohomovanillic acid","HMDB0000333","160562",NA,"COC1=C(C=C(C=C1)CC(=O)O)O","1"
"3,4-Dihydroxyhydrocinnamic acid","3,4-Dihydroxyhydrocinnamic acid","HMDB0000423","348154","C10447","C1=CC(=C(C=C1CCC(=O)O)O)O","1"
"Hydroxyphenyllactic acid","Hydroxyphenyllactic acid","HMDB0000755","9378","C03672","C1=CC(=CC=C1CC(C(=O)O)O)O","1"
"3-(3-hydroxyphenyl)-3-hydroxypropanoic acid","3-(3-Hydroxyphenyl)-3-hydroxypropanoic acid","HMDB0002643","102959",NA,"C1=CC(=CC(=C1)O)C(CC(=O)O)O","1"
"3-Methoxy-4-hydroxyphenylglycolaldehyde","3-Methoxy-4-hydroxyphenylglycolaldehyde","HMDB0004061","440729","C05583","COC1=C(C=CC(=C1)C(C=O)O)O","1"
"N-Acetyl-L-methionine","N-Acetyl-L-methionine","HMDB0011745","6180","C02712","CC(=O)NC(CCSC)C(=O)O","1"
"2-Oxoarginine","2-Oxoarginine","HMDB0004225","558","C03771","C(CC(=O)C(=O)O)CN=C(N)N","1"
"4-Aminohippuric acid","4-Aminohippuric acid","HMDB0001867","2148","D06890","C1=CC(=CC=C1C(=O)NCC(=O)O)N","1"
"Ureidosuccinic acid","Ureidosuccinic acid","HMDB0000828","93072","C00438","C([C@@H](C(=O)O)NC(=O)N)C(=O)O","1"
"L-Acetylcarnitine","L-Acetylcarnitine","HMDB0000201","7045767","C02571","CC(=O)OC(CC(=O)[O-])C[N+](C)(C)C","1"
"5-L-Glutamyl-taurine","5-L-Glutamyl-taurine","HMDB0004195","68759","C05844","C(CC(=O)NCCS(=O)(=O)O)[C@@H](C(=O)O)N","1"
"Daidzein","Daidzein","HMDB0003312","5281708","C10208","C1=CC(=CC=C1C2=COC3=C(C2=O)C=CC(=C3)O)O","1"
"6-Succinoaminopurine","6-Succinoaminopurine","HMDB0013204","18877593",NA,"C1=NC2=C(N1)C(=NC=N2)NC(=O)CCC(=O)O","1"
"Ethenodeoxyadenosine","Ethenodeoxyadenosine","HMDB0001786","10945668",NA,"C1[C@@H]([C@H](O[C@H]1N2C=NC3=C2N=CN4C3=NC=C4)CO)O","1"
"Alpha-CEHC","Alpha-CEHC","HMDB0001518","9943542",NA,"CC1=C(C(=C2CCC(OC2=C1C)(C)CCC(=O)O)C)O","1"
"Monoethylhexyl phthalic acid","Monoethylhexyl phthalic acid","HMDB0013248","20393","C03343","CCCCC(CC)COC(=O)C1=CC=CC=C1C(=O)O","1"
"Apigenin","Apigenin","HMDB0002124","5280443","C01477","C1=CC(=CC=C1C2=CC(=O)C3=C(C=C(C=C3O2)O)O)O","1"
"Genistein","Genistein","HMDB0003217","5280961","C06563","C1=CC(=CC=C1C2=COC3=CC(=CC(=C3C2=O)O)O)O","1"
"Glutathione","Glutathione","HMDB0062697","745","C00051","NC(CCC(O)=NC(CS)C(O)=NCC(O)=O)C(O)=O","1"
"Epicatechin","Epicatechin","HMDB0001871","72276","C09727","C1[C@H]([C@H](OC2=CC(=CC(=C21)O)O)C3=CC(=C(C=C3)O)O)O","1"
"Catechin","Catechin","HMDB0002780","9064","C06562","C1[C@@H]([C@H](OC2=CC(=CC(=C21)O)O)C3=CC(=C(C=C3)O)O)O","1"
"Hawkinsin","Hawkinsin","HMDB0002354","173909",NA,"C1C(C=CC(C1SCC(C(=O)O)N)(CC(=O)O)O)O","1"
"1-(sn-Glycero-3-phospho)-1D-myo-inositol","1-(sn-Glycero-3-phospho)-1D-myo-inositol","HMDB0011649",NA,"C01225","OC[C@@H](O)COP(O)(=O)O[C@H]1[C@H](O)[C@@H](O)[C@H](O)[C@@H](O)[C@H]1O","1"
"Orotidylic acid","Orotidylic acid","HMDB0000218","160617","C01103","C1=C(N(C(=O)NC1=O)[C@H]2[C@@H]([C@@H]([C@H](O2)COP(=O)(O)O)O)O)C(=O)O","1"
"S-Lactoylglutathione","S-Lactoylglutathione","HMDB0001066","440018","C03451","C[C@H](C(=O)SC[C@@H](C(=O)NCC(=O)O)NC(=O)CC[C@@H](C(=O)O)N)O","1"
"Acetyl adenylate","Acetyl adenylate","HMDB0006880","440867","C05993","CC(=O)OP(=O)(O)OC[C@@H]1[C@H]([C@H]([C@@H](O1)N2C=NC3=C2N=CN=C3N)O)O","1"
"24-Hydroxycalcitriol","24-Hydroxycalcitriol","HMDB0006228","6446280","C18231","C[C@H](CC[C@H](C(C)(C)O)O)[C@H]1CC[C@@H]\2[C@@]1(CCC/C2=C\C=C/3\C[C@H](C[C@@H](C3=C)O)O)C","1"
"3 beta,7 alpha-Dihydroxy-5-cholestenoate","3 beta,7 alpha-Dihydroxy-5-cholestenoate","HMDB12454","53481408","C17335","C[C@H](CCCC(C)C(=O)O)C1CCC2[C@@]1(CCC3C2[C@@H](C=C4[C@@]3(CC[C@@H](C4)O)C)O)C","1"
"LPA(0:0/18:0)","LysoPA(0:0/18:0)","HMDB0007850","76041074","C00416","CCCCCCCCCCCCCCCCCC(=O)O[C@H](CO)COP(=O)(O)O","1"
"LPA(18:0/0:0)","LysoPA(18:0/0:0)","HMDB0007854","9547179","C00416","CCCCCCCCCCCCCCCCCC(=O)OC[C@H](COP(=O)(O)O)O","1"
"Cholesterol sulfate","Cholesterol sulfate","HMDB0000653","65076","C18043","C[C@H](CCCC(C)C)[C@H]1CC[C@@H]2[C@@]1(CC[C@H]3[C@H]2CC=C4[C@@]3(CC[C@@H](C4)OS(=O)(=O)O)C)C","1"
"3-Sulfodeoxycholic acid","3-Sulfodeoxycholic acid","HMDB0002504","22833601",NA,"C[C@H](CCC(=O)O)[C@H]1CC[C@@H]2C1[C@H](C[C@H]3[C@H]2CC[C@H]4[C@@]3(CC[C@H](C4)OS(=O)(=O)O)C)O","1"
"Tauroursodeoxycholic acid","Tauroursodeoxycholic acid","HMDB0000874","12443252",NA,"C[C@H](CCC(=O)NCCS(=O)(=O)O)[C@H]1CC[C@@H]2[C@@]1(CC[C@H]3[C@H]2[C@H](CC4[C@@]3(CC[C@H](C4)O)C)O)C","1"
"Taurodeoxycholic acid","Taurodeoxycholic acid","HMDB0000896","2733768","C05463","C[C@H](CCC(=O)NCCS(=O)(=O)O)[C@H]1CC[C@@H]2[C@@]1([C@H](C[C@H]3[C@H]2CC[C@H]4[C@@]3(CC[C@H](C4)O)C)O)C","1"
"Taurochenodesoxycholic acid","Taurochenodesoxycholic acid","HMDB0000951","387316","C05465","C[C@H](CCC(=O)NCCS(=O)(=O)O)[C@H]1CC[C@@H]2[C@@]1(CC[C@H]3[C@H]2[C@@H](C[C@H]4[C@@]3(CC[C@H](C4)O)C)O)C","1"
"5b-Cyprinol sulfate","5b-Cyprinol sulfate","HMDB0006888","53477904","C05468","CC(CCCC(CO)COS(=O)(=O)O)C1CCC2[C@@]1([C@@H](CC3C2[C@@H](CC4[C@@]3(CC[C@H](C4)O)C)O)O)C","1"
"Uridine diphosphate glucuronic acid","Uridine diphosphate glucuronic acid","HMDB0000935","17473","C00167","C1=CN(C(=O)NC1=O)[C@H]2[C@@H]([C@@H]([C@H](O2)COP(=O)(O)OP(=O)(O)O[C@@H]3[C@@H]([C@H]([C@@H]([C@H](O3)C(=O)O)O)O)O)O)O","1"
"UDP-D-galacturonate","UDP-D-galacturonate","HMDB0012302","15592253","C00617","C1=CN(C(=O)NC1=O)[C@H]2[C@@H]([C@@H]([C@H](O2)COP(=O)(O)OP(=O)(O)O[C@@H]3[C@@H]([C@H]([C@H]([C@H](O3)C(=O)O)O)O)O)O)O","1"
"UDP-L-iduronate","UDP-L-iduronate","HMDB0012304","15592259","C02330","C1=CN(C(=O)NC1=O)[C@H]2[C@@H]([C@@H]([C@H](O2)COP(=O)(O)OP(=O)(O)O[C@@H]3[C@@H]([C@H]([C@@H]([C@@H](O3)C(=O)O)O)O)O)O)O","1"
"ADP-ribose 2'-phosphate","ADP-ribose 2'-phosphate","HMDB0006336","439957","C03246","C1=NC2=C(C(=N1)N)N=CN2[C@H]3[C@@H]([C@@H]([C@H](O3)COP(=O)(O)OP(=O)(O)O[C@H]4[C@@H]([C@@H]([C@H](O4)CO)O)O)O)OP(=O)(O)O","1"
"NADH","NADH","HMDB0001487","928","C00004","C1C=CN(C=C1C(=O)N)C2C(C(C(O2)COP(=O)(O)OP(=O)(O)OCC3C(C(C(O3)N4C=NC5=C4N=CN=C5N)O)O)O)O","1"
"PE(18:4(6Z,9Z,12Z,15Z)/P-16:0)","PE(18:4(6Z,9Z,12Z,15Z)/P-16:0)","HMDB0009213","53479705","C00350","CCCCCCCCCCCCCC/C=C\O[C@H](COC(=O)CCCC/C=C\C/C=C\C/C=C\C/C=C\CC)COP(=O)(O)OCCN","1"
"PE(P-16:0/18:4(6Z,9Z,12Z,15Z))","PE(P-16:0/18:4(6Z,9Z,12Z,15Z))","HMDB0011346","52925054",NA,"CCCCCCCCCCCCCC/C=C\OC[C@H](COP(=O)(O)OCCN)OC(=O)CCCC/C=C\C/C=C\C/C=C\C/C=C\CC","1"
"PG(16:1(9Z)/16:1(9Z))","PG(16:1(9Z)/16:1(9Z))","HMDB0010586","52927230",NA,"CCCCCC/C=C\CCCCCCCC(=O)OC[C@H](COP(=O)(O)OC[C@H](CO)O)OC(=O)CCCCCCC/C=C\CCCCCC","1"
"PG(16:0/16:1(9Z))","PG(16:0/16:1(9Z))","HMDB0010571","52927174",NA,"CCCCCCCCCCCCCCCC(=O)OC[C@H](COP(=O)(O)OC[C@H](CO)O)OC(=O)CCCCCCC/C=C\CCCCCC","1"
"PG(16:1(9Z)/16:0)","PG(16:1(9Z)/16:0)","HMDB0010585","52926472",NA,"CCCCCCCCCCCCCCCC(=O)O[C@H](COC(=O)CCCCCCC/C=C\CCCCCC)COP(=O)(O)OC[C@H](CO)O","1"
"PE(18:4(6Z,9Z,12Z,15Z)/P-18:1(11Z))","PE(18:4(6Z,9Z,12Z,15Z)/P-18:1(11Z))","HMDB0009215","53479707","C00350","CCCCCC/C=C\CCCCCCCC/C=C\O[C@H](COC(=O)CCCC/C=C\C/C=C\C/C=C\C/C=C\CC)COP(=O)(O)OCCN","1"
"PE(18:4(6Z,9Z,12Z,15Z)/P-18:1(9Z))","PE(18:4(6Z,9Z,12Z,15Z)/P-18:1(9Z))","HMDB0009216","53479708","C00350","CCCCCCCC/C=C\CCCCCC/C=C\O[C@H](COC(=O)CCCC/C=C\C/C=C\C/C=C\C/C=C\CC)COP(=O)(O)OCCN","1"
"PE(20:5(5Z,8Z,11Z,14Z,17Z)/P-16:0)","PE(20:5(5Z,8Z,11Z,14Z,17Z)/P-16:0)","HMDB0009477","53479839","C00350","CCCCCCCCCCCCCC/C=C\O[C@H](COC(=O)CCC/C=C\C/C=C\C/C=C\C/C=C\C/C=C\CC)COP(=O)(O)OCCN","1"
"PE(P-16:0/20:5(5Z,8Z,11Z,14Z,17Z))","PE(P-16:0/20:5(5Z,8Z,11Z,14Z,17Z))","HMDB0011354","52925061",NA,"CCCCCCCCCCCCCC/C=C\OC[C@H](COP(=O)(O)OCCN)OC(=O)CCC/C=C\C/C=C\C/C=C\C/C=C\C/C=C\CC","1"
"PE(P-18:1(11Z)/18:4(6Z,9Z,12Z,15Z))","PE(P-18:1(11Z)/18:4(6Z,9Z,12Z,15Z))","HMDB0011412","53480872",NA,"CCCCCC/C=C\CCCCCCCC/C=C\OC[C@H](COP(=O)(O)OCCN)OC(=O)CCCC/C=C\C/C=C\C/C=C\C/C=C\CC","1"
"PE(P-18:1(9Z)/18:4(6Z,9Z,12Z,15Z))","PE(P-18:1(9Z)/18:4(6Z,9Z,12Z,15Z))","HMDB0011445","53480901",NA,"CCCCCCCC/C=C\CCCCCC/C=C\OC[C@H](COP(=O)(O)OCCN)OC(=O)CCCC/C=C\C/C=C\C/C=C\C/C=C\CC","1"
"DG(22:5(4Z,7Z,10Z,13Z,16Z)/22:6(4Z,7Z,10Z,13Z,16Z,19Z)/0:0)","DG(22:5(4Z,7Z,10Z,13Z,16Z)/22:6(4Z,7Z,10Z,13Z,16Z,19Z)/0:0)","HMDB0007730","53478483",NA,"CCCCC/C=C\C/C=C\C/C=C\C/C=C\C/C=C\CCC(=O)OC[C@H](CO)OC(=O)CC/C=C\C/C=C\C/C=C\C/C=C\C/C=C\C/C=C\CC","1"
"DG(22:5(7Z,10Z,13Z,16Z,19Z)/22:6(4Z,7Z,10Z,13Z,16Z,19Z)/0:0)","DG(22:5(7Z,10Z,13Z,16Z,19Z)/22:6(4Z,7Z,10Z,13Z,16Z,19Z)/0:0)","HMDB0007759","9543970",NA,"CC/C=C\C/C=C\C/C=C\C/C=C\C/C=C\CCCCCC(=O)OC[C@H](CO)OC(=O)CC/C=C\C/C=C\C/C=C\C/C=C\C/C=C\C/C=C\CC","1"
"DG(22:6(4Z,7Z,10Z,13Z,16Z,19Z)/22:5(4Z,7Z,10Z,13Z,16Z)/0:0)","DG(22:6(4Z,7Z,10Z,13Z,16Z,19Z)/22:5(4Z,7Z,10Z,13Z,16Z)/0:0)","HMDB0007786","53478537",NA,"CCCCC/C=C\C/C=C\C/C=C\C/C=C\C/C=C\CCC(=O)O[C@@H](CO)COC(=O)CC/C=C\C/C=C\C/C=C\C/C=C\C/C=C\C/C=C\CC","1"
"DG(22:6(4Z,7Z,10Z,13Z,16Z,19Z)/22:5(7Z,10Z,13Z,16Z,19Z)/0:0)","DG(22:6(4Z,7Z,10Z,13Z,16Z,19Z)/22:5(7Z,10Z,13Z,16Z,19Z)/0:0)","HMDB0007787","53478538",NA,"CC/C=C\C/C=C\C/C=C\C/C=C\C/C=C\CCCCCC(=O)O[C@@H](CO)COC(=O)CC/C=C\C/C=C\C/C=C\C/C=C\C/C=C\C/C=C\CC","1"
"PG(16:1(9Z)/18:3(6Z,9Z,12Z))","PG(16:1(9Z)/18:3(6Z,9Z,12Z))","HMDB0010591","52926477",NA,"CCCCCC/C=C\CCCCCCCC(=O)OC[C@H](COP(=O)(O)OC[C@H](CO)O)OC(=O)CCCC/C=C\C/C=C\C/C=C\CCCCC","1"
"PG(16:1(9Z)/18:3(9Z,12Z,15Z))","PG(16:1(9Z)/18:3(9Z,12Z,15Z))","HMDB0010592","52926478",NA,"CCCCCC/C=C\CCCCCCCC(=O)OC[C@H](COP(=O)(O)OC[C@H](CO)O)OC(=O)CCCCCCC/C=C\C/C=C\C/C=C\CC","1"
"PG(18:3(6Z,9Z,12Z)/16:1(9Z))","PG(18:3(6Z,9Z,12Z)/16:1(9Z))","HMDB0010661","52926638",NA,"CCCCCC/C=C\CCCCCCCC(=O)O[C@H](COC(=O)CCCC/C=C\C/C=C\C/C=C\CCCCC)COP(=O)(O)OC[C@H](CO)O","1"
"PG(18:3(9Z,12Z,15Z)/16:1(9Z))","PG(18:3(9Z,12Z,15Z)/16:1(9Z))","HMDB0010676","52926668",NA,"CCCCCC/C=C\CCCCCCCC(=O)O[C@H](COC(=O)CCCCCCC/C=C\C/C=C\C/C=C\CC)COP(=O)(O)OC[C@H](CO)O","1"
"PGP(16:1(9Z)/18:3(9Z,12Z,15Z))","NA","NA","NA","NA","NA","0"
"PG(16:0/18:3(6Z,9Z,12Z))","PG(16:0/18:3(6Z,9Z,12Z))","HMDB0010576","52927171",NA,"CCCCCCCCCCCCCCCC(=O)OC[C@H](COP(=O)(O)OC[C@H](CO)O)OC(=O)CCCC/C=C\C/C=C\C/C=C\CCCCC","1"
"PG(16:0/18:3(9Z,12Z,15Z))","PG(16:0/18:3(9Z,12Z,15Z))","HMDB0010577","52927236",NA,"CCCCCCCCCCCCCCCC(=O)OC[C@H](COP(=O)(O)OC[C@H](CO)O)OC(=O)CCCCCCC/C=C\C/C=C\C/C=C\CC","1"
"PG(16:1(9Z)/18:2(9Z,12Z))","PG(16:1(9Z)/18:2(9Z,12Z))","HMDB0010590","52927166",NA,"CCCCCC/C=C\CCCCCCCC(=O)OC[C@H](COP(=O)(O)OC[C@H](CO)O)OC(=O)CCCCCCC/C=C\C/C=C\CCCCC","1"
"PG(18:2(9Z,12Z)/16:1(9Z))","PG(18:2(9Z,12Z)/16:1(9Z))","HMDB0010646","52926611",NA,"CCCCCC/C=C\CCCCCCCC(=O)O[C@H](COC(=O)CCCCCCC/C=C\C/C=C\CCCCC)COP(=O)(O)OC[C@H](CO)O","1"
"PG(18:3(6Z,9Z,12Z)/16:0)","PG(18:3(6Z,9Z,12Z)/16:0)","HMDB0010660","52926637",NA,"CCCCCCCCCCCCCCCC(=O)O[C@H](COC(=O)CCCC/C=C\C/C=C\C/C=C\CCCCC)COP(=O)(O)OC[C@H](CO)O","1"
"PG(18:3(9Z,12Z,15Z)/16:0)","PG(18:3(9Z,12Z,15Z)/16:0)","HMDB0010675","52927218",NA,"CCCCCCCCCCCCCCCC(=O)O[C@H](COC(=O)CCCCCCC/C=C\C/C=C\C/C=C\CC)COP(=O)(O)OC[C@H](CO)O","1"
"NADPH","NADPH","HMDB0000221","22833512","C00005","C1C=CN(C=C1C(=O)N)[C@@H]2[C@H]([C@H]([C@@H](O2)COP(=O)(O)OP(=O)(O)OC[C@H]3[C@@H]([C@@H]([C@H](O3)N4C=NC5=C4N=CN=C5N)OP(=O)(O)O)O)O)O","1"
"PG(16:0/18:2(9Z,12Z))","PG(16:0/18:2(9Z,12Z))","HMDB0010575","52927246",NA,"CCCCCCCCCCCCCCCC(=O)OC[C@H](COP(=O)(O)OC[C@H](CO)O)OC(=O)CCCCCCC/C=C\C/C=C\CCCCC","1"
"PG(16:1(9Z)/18:1(11Z))","PG(16:1(9Z)/18:1(11Z))","HMDB0010588","53480606",NA,"CCCCCC/C=C\CCCCCCCCCC(=O)O[C@H](COC(=O)CCCCCCC/C=C\CCCCCC)COP(=O)(O)OC[C@H](CO)O","1"
"PG(16:1(9Z)/18:1(9Z))","PG(16:1(9Z)/18:1(9Z))","HMDB0010589","52927167",NA,"CCCCCCCC/C=C\CCCCCCCC(=O)O[C@H](COC(=O)CCCCCCC/C=C\CCCCCC)COP(=O)(O)OC[C@H](CO)O","1"
"PG(18:1(11Z)/16:1(9Z))","PG(18:1(11Z)/16:1(9Z))","HMDB0010616","53480615",NA,"CCCCCC/C=C\CCCCCCCCCC(=O)OC[C@H](COP(=O)(O)OC[C@H](CO)O)OC(=O)CCCCCCC/C=C\CCCCCC","1"
"PG(18:1(9Z)/16:1(9Z))","PG(18:1(9Z)/16:1(9Z))","HMDB0010631","52927146",NA,"CCCCCCCC/C=C\CCCCCCCC(=O)OC[C@H](COP(=O)(O)OC[C@H](CO)O)OC(=O)CCCCCCC/C=C\CCCCCC","1"
"PG(18:2(9Z,12Z)/16:0)","PG(18:2(9Z,12Z)/16:0)","HMDB0010645","52927142",NA,"CCCCCCCCCCCCCCCC(=O)O[C@H](COC(=O)CCCCCCC/C=C\C/C=C\CCCCC)COP(=O)(O)OC[C@H](CO)O","1"
"PG(18:3(6Z,9Z,12Z)/18:3(6Z,9Z,12Z))","PG(18:3(6Z,9Z,12Z)/18:3(6Z,9Z,12Z))","HMDB0010666","52926645",NA,"CCCCC/C=C\C/C=C\C/C=C\CCCCC(=O)OC[C@H](COP(=O)(O)OC[C@H](CO)O)OC(=O)CCCC/C=C\C/C=C\C/C=C\CCCCC","1"
"PG(18:3(6Z,9Z,12Z)/18:3(9Z,12Z,15Z))","PG(18:3(6Z,9Z,12Z)/18:3(9Z,12Z,15Z))","HMDB0010667","52926646",NA,"CCCCC/C=C\C/C=C\C/C=C\CCCCC(=O)OC[C@H](COP(=O)(O)OC[C@H](CO)O)OC(=O)CCCCCCC/C=C\C/C=C\C/C=C\CC","1"
"PG(18:3(9Z,12Z,15Z)/18:3(6Z,9Z,12Z))","PG(18:3(9Z,12Z,15Z)/18:3(6Z,9Z,12Z))","HMDB0010681","52926674",NA,"CCCCC/C=C\C/C=C\C/C=C\CCCCC(=O)O[C@H](COC(=O)CCCCCCC/C=C\C/C=C\C/C=C\CC)COP(=O)(O)OC[C@H](CO)O","1"
"PG(18:3(9Z,12Z,15Z)/18:3(9Z,12Z,15Z))","PG(18:3(9Z,12Z,15Z)/18:3(9Z,12Z,15Z))","HMDB0010682","52927243",NA,"CC/C=C\C/C=C\C/C=C\CCCCCCCC(=O)OC[C@H](COP(=O)(O)OC[C@H](CO)O)OC(=O)CCCCCCC/C=C\C/C=C\C/C=C\CC","1"
"PG(16:1(9Z)/20:4(5Z,8Z,11Z,14Z))","PG(16:1(9Z)/20:4(5Z,8Z,11Z,14Z))","HMDB0010595","52927164",NA,"CCCCCC/C=C\CCCCCCCC(=O)OC[C@H](COP(=O)(O)OC[C@H](CO)O)OC(=O)CCC/C=C\C/C=C\C/C=C\C/C=C\CCCCC","1"
"PG(18:2(9Z,12Z)/18:3(6Z,9Z,12Z))","PG(18:2(9Z,12Z)/18:3(6Z,9Z,12Z))","HMDB0010651","52926616",NA,"CCCCC/C=C\C/C=C\CCCCCCCC(=O)OC[C@H](COP(=O)(O)OC[C@H](CO)O)OC(=O)CCCC/C=C\C/C=C\C/C=C\CCCCC","1"
"PG(18:2(9Z,12Z)/18:3(9Z,12Z,15Z))","PG(18:2(9Z,12Z)/18:3(9Z,12Z,15Z))","HMDB0010652","52926617",NA,"CCCCC/C=C\C/C=C\CCCCCCCC(=O)OC[C@H](COP(=O)(O)OC[C@H](CO)O)OC(=O)CCCCCCC/C=C\C/C=C\C/C=C\CC","1"
"PG(18:3(6Z,9Z,12Z)/18:2(9Z,12Z))","PG(18:3(6Z,9Z,12Z)/18:2(9Z,12Z))","HMDB0010665","52926644",NA,"CCCCC/C=C\C/C=C\CCCCCCCC(=O)O[C@H](COC(=O)CCCC/C=C\C/C=C\C/C=C\CCCCC)COP(=O)(O)OC[C@H](CO)O","1"
"PG(18:3(9Z,12Z,15Z)/18:2(9Z,12Z))","PG(18:3(9Z,12Z,15Z)/18:2(9Z,12Z))","HMDB0010680","52926673",NA,"CCCCC/C=C\C/C=C\CCCCCCCC(=O)O[C@H](COC(=O)CCCCCCC/C=C\C/C=C\C/C=C\CC)COP(=O)(O)OC[C@H](CO)O","1"
"PG(16:0/20:4(5Z,8Z,11Z,14Z))","PG(16:0/20:4(5Z,8Z,11Z,14Z))","HMDB0010580","24779550",NA,"CCCCCCCCCCCCCCCC(=O)OC[C@H](COP(=O)(O)OC[C@H](CO)O)OC(=O)CCC/C=C\C/C=C\C/C=C\C/C=C\CCCCC","1"
"PG(16:1(9Z)/20:3(5Z,8Z,11Z))","PG(16:1(9Z)/20:3(5Z,8Z,11Z))","HMDB0010593","53480607",NA,"CCCCCCCC/C=C\C/C=C\C/C=C\CCCC(=O)O[C@H](COC(=O)CCCCCCC/C=C\CCCCCC)COP(=O)(O)OC[C@H](CO)O","1"
"PG(16:1(9Z)/20:3(8Z,11Z,14Z))","PG(16:1(9Z)/20:3(8Z,11Z,14Z))","HMDB0010594","52926484",NA,"CCCCCC/C=C\CCCCCCCC(=O)OC[C@H](COP(=O)(O)OC[C@H](CO)O)OC(=O)CCCCCC/C=C\C/C=C\C/C=C\CCCCC","1"
"PG(18:1(11Z)/18:3(6Z,9Z,12Z))","PG(18:1(11Z)/18:3(6Z,9Z,12Z))","HMDB0010621","53480620",NA,"CCCCCC/C=C\CCCCCCCCCC(=O)OC[C@H](COP(=O)(O)OC[C@H](CO)O)OC(=O)CCCC/C=C\C/C=C\C/C=C\CCCCC","1"
"PG(18:1(11Z)/18:3(9Z,12Z,15Z))","PG(18:1(11Z)/18:3(9Z,12Z,15Z))","HMDB0010622","53480621",NA,"CCCCCC/C=C\CCCCCCCCCC(=O)OC[C@H](COP(=O)(O)OC[C@H](CO)O)OC(=O)CCCCCCC/C=C\C/C=C\C/C=C\CC","1"
"PG(18:1(9Z)/18:3(6Z,9Z,12Z))","PG(18:1(9Z)/18:3(6Z,9Z,12Z))","HMDB0010636","52926595",NA,"CCCCCCCC/C=C\CCCCCCCC(=O)OC[C@H](COP(=O)(O)OC[C@H](CO)O)OC(=O)CCCC/C=C\C/C=C\C/C=C\CCCCC","1"
"PG(18:1(9Z)/18:3(9Z,12Z,15Z))","PG(18:1(9Z)/18:3(9Z,12Z,15Z))","HMDB0010637","52927145",NA,"CCCCCCCC/C=C\CCCCCCCC(=O)OC[C@H](COP(=O)(O)OC[C@H](CO)O)OC(=O)CCCCCCC/C=C\C/C=C\C/C=C\CC","1"
"PG(18:2(9Z,12Z)/18:2(9Z,12Z))","PG(18:2(9Z,12Z)/18:2(9Z,12Z))","HMDB0010650","52927219",NA,"CCCCC/C=C\C/C=C\CCCCCCCC(=O)OC[C@H](COP(=O)(O)OC[C@H](CO)O)OC(=O)CCCCCCC/C=C\C/C=C\CCCCC","1"
"PG(18:3(6Z,9Z,12Z)/18:1(11Z))","PG(18:3(6Z,9Z,12Z)/18:1(11Z))","HMDB0010663","53480637",NA,"CCCCCC/C=C\CCCCCCCCCC(=O)O[C@H](COC(=O)CCCC/C=C\C/C=C\C/C=C\CCCCC)COP(=O)(O)OC[C@H](CO)O","1"
"PG(18:3(6Z,9Z,12Z)/18:1(9Z))","PG(18:3(6Z,9Z,12Z)/18:1(9Z))","HMDB0010664","52926643",NA,"CCCCCCCC/C=C\CCCCCCCC(=O)O[C@H](COC(=O)CCCC/C=C\C/C=C\C/C=C\CCCCC)COP(=O)(O)OC[C@H](CO)O","1"
"PG(18:3(9Z,12Z,15Z)/18:1(11Z))","PG(18:3(9Z,12Z,15Z)/18:1(11Z))","HMDB0010678","53480641",NA,"CCCCCC/C=C\CCCCCCCCCC(=O)O[C@H](COC(=O)CCCCCCC/C=C\C/C=C\C/C=C\CC)COP(=O)(O)OC[C@H](CO)O","1"
"PG(18:3(9Z,12Z,15Z)/18:1(9Z))","PG(18:3(9Z,12Z,15Z)/18:1(9Z))","HMDB0010679","52927139",NA,"CCCCCCCC/C=C\CCCCCCCC(=O)O[C@H](COC(=O)CCCCCCC/C=C\C/C=C\C/C=C\CC)COP(=O)(O)OC[C@H](CO)O","1"
"PG(16:0/20:3(5Z,8Z,11Z))","PG(16:0/20:3(5Z,8Z,11Z))","HMDB0010578","53480603",NA,"CCCCCCCCCCCCCCCC(=O)OC[C@H](COP(=O)(O)OC[C@H](CO)O)OC(=O)CCC/C=C\C/C=C\C/C=C\CCCCCCCC","1"
"PG(16:0/20:3(8Z,11Z,14Z))","PG(16:0/20:3(8Z,11Z,14Z))","HMDB0010579","52927169",NA,"CCCCCCCCCCCCCCCC(=O)OC[C@H](COP(=O)(O)OC[C@H](CO)O)OC(=O)CCCCCC/C=C\C/C=C\C/C=C\CCCCC","1"
"PG(18:0/18:3(6Z,9Z,12Z))","PG(18:0/18:3(6Z,9Z,12Z))","HMDB0010606","52926580",NA,"CCCCCCCCCCCCCCCCCC(=O)OC[C@H](COP(=O)(O)OC[C@H](CO)O)OC(=O)CCCC/C=C\C/C=C\C/C=C\CCCCC","1"
"PG(18:0/18:3(9Z,12Z,15Z))","PG(18:0/18:3(9Z,12Z,15Z))","HMDB0010607","52926581",NA,"CCCCCCCCCCCCCCCCCC(=O)OC[C@H](COP(=O)(O)OC[C@H](CO)O)OC(=O)CCCCCCC/C=C\C/C=C\C/C=C\CC","1"
"PG(18:1(11Z)/18:2(9Z,12Z))","PG(18:1(11Z)/18:2(9Z,12Z))","HMDB0010620","53480619",NA,"CCCCCC/C=C\CCCCCCCCCC(=O)OC[C@H](COP(=O)(O)OC[C@H](CO)O)OC(=O)CCCCCCC/C=C\C/C=C\CCCCC","1"
"PG(18:1(9Z)/18:2(9Z,12Z))","PG(18:1(9Z)/18:2(9Z,12Z))","HMDB0010635","52927223",NA,"CCCCCCCC/C=C\CCCCCCCC(=O)OC[C@H](COP(=O)(O)OC[C@H](CO)O)OC(=O)CCCCCCC/C=C\C/C=C\CCCCC","1"
"PG(18:2(9Z,12Z)/18:1(11Z))","PG(18:2(9Z,12Z)/18:1(11Z))","HMDB0010648","53480633",NA,"CCCCCC/C=C\CCCCCCCCCC(=O)O[C@H](COC(=O)CCCCCCC/C=C\C/C=C\CCCCC)COP(=O)(O)OC[C@H](CO)O","1"
"PG(18:2(9Z,12Z)/18:1(9Z))","PG(18:2(9Z,12Z)/18:1(9Z))","HMDB0010649","52926615",NA,"CCCCCCCC/C=C\CCCCCCCC(=O)O[C@H](COC(=O)CCCCCCC/C=C\C/C=C\CCCCC)COP(=O)(O)OC[C@H](CO)O","1"
"PG(18:3(6Z,9Z,12Z)/18:0)","PG(18:3(6Z,9Z,12Z)/18:0)","HMDB0010662","52926642",NA,"CCCCCCCCCCCCCCCCCC(=O)O[C@H](COC(=O)CCCC/C=C\C/C=C\C/C=C\CCCCC)COP(=O)(O)OC[C@H](CO)O","1"
"PG(18:3(9Z,12Z,15Z)/18:0)","PG(18:3(9Z,12Z,15Z)/18:0)","HMDB0010677","52926672",NA,"CCCCCCCCCCCCCCCCCC(=O)O[C@H](COC(=O)CCCCCCC/C=C\C/C=C\C/C=C\CC)COP(=O)(O)OC[C@H](CO)O","1"
"PG(18:0/18:2(9Z,12Z))","PG(18:0/18:2(9Z,12Z))","HMDB0010605","52927245",NA,"CCCCCCCCCCCCCCCCCC(=O)OC[C@H](COP(=O)(O)OC[C@H](CO)O)OC(=O)CCCCCCC/C=C\C/C=C\CCCCC","1"
"PG(18:1(11Z)/18:1(11Z))","PG(18:1(11Z)/18:1(11Z))","HMDB0010618","53480617",NA,"CCCCCC/C=C\CCCCCCCCCC(=O)OC[C@H](COP(=O)(O)OC[C@H](CO)O)OC(=O)CCCCCCCCC/C=C\CCCCCC","1"
"PG(18:1(11Z)/18:1(9Z))","PG(18:1(11Z)/18:1(9Z))","HMDB0010619","53480618",NA,"CCCCCCCC/C=C\CCCCCCCC(=O)O[C@H](COC(=O)CCCCCCCCC/C=C\CCCCCC)COP(=O)(O)OC[C@H](CO)O","1"
"PG(18:1(9Z)/18:1(11Z))","PG(18:1(9Z)/18:1(11Z))","HMDB0010633","53480629",NA,"CCCCCCCC/C=C\CCCCCCCC(=O)OC[C@H](COP(=O)(O)OC[C@H](CO)O)OC(=O)CCCCCCCCC/C=C\CCCCCC","1"
"PG(18:1(9Z)/18:1(9Z))","PG(18:1(9Z)/18:1(9Z))","HMDB0010634","52927248",NA,"CCCCCCCC/C=C\CCCCCCCC(=O)OC[C@H](COP(=O)(O)OC[C@H](CO)O)OC(=O)CCCCCCC/C=C\CCCCCCCC","1"
"PG(18:2(9Z,12Z)/18:0)","PG(18:2(9Z,12Z)/18:0)","HMDB0010647","52927141",NA,"CCCCCCCCCCCCCCCCCC(=O)O[C@H](COC(=O)CCCCCCC/C=C\C/C=C\CCCCC)COP(=O)(O)OC[C@H](CO)O","1"
"3-O-Sulfogalactosylceramide (d18:1/16:0)","3-O-Sulfogalactosylceramide (d18:1/16:0)","HMDB0012313","24779578","C06125","CCCCCCCCCCCCCCCC(=O)N[C@@H](CO[C@H]1C(C([C@H]([C@H](O1)CO)O)OS(=O)(=O)O)O)[C@@H](/C=C/CCCCCCCCCCCCC)O","1"
"PC(14:0/22:5(4Z,7Z,10Z,13Z,16Z))","PC(14:0/22:5(4Z,7Z,10Z,13Z,16Z))","HMDB0007890","53478611","C00157","CCCCCCCCCCCCCC(=O)OC[C@H](COP(=O)([O-])OCC[N+](C)(C)C)OC(=O)CC/C=C\C/C=C\C/C=C\C/C=C\C/C=C\CCCCC","1"
"PC(14:0/22:5(7Z,10Z,13Z,16Z,19Z))","PC(14:0/22:5(7Z,10Z,13Z,16Z,19Z))","HMDB0007891","53478613","C00157","CCCCCCCCCCCCCC(=O)OC[C@H](COP(=O)([O-])OCC[N+](C)(C)C)OC(=O)CCCCC/C=C\C/C=C\C/C=C\C/C=C\C/C=C\CC","1"
"PC(14:1(9Z)/22:4(7Z,10Z,13Z,16Z))","PC(14:1(9Z)/22:4(7Z,10Z,13Z,16Z))","HMDB0007922","52922296","C00157","CCCCC/C=C\C/C=C\C/C=C\C/C=C\CCCCCC(=O)O[C@H](COC(=O)CCCCCCC/C=C\CCCC)COP(=O)([O-])OCC[N+](C)(C)C","1"
"PC(16:0/20:5(5Z,8Z,11Z,14Z,17Z))","PC(16:0/20:5(5Z,8Z,11Z,14Z,17Z))","HMDB0007984","24778723","C00157","CCCCCCCCCCCCCCCC(=O)OC[C@H](COP(=O)([O-])OCC[N+](C)(C)C)OC(=O)CCC/C=C\C/C=C\C/C=C\C/C=C\C/C=C\CC","1"
"PC(16:1(9Z)/20:4(5Z,8Z,11Z,14Z))","PC(16:1(9Z)/20:4(5Z,8Z,11Z,14Z))","HMDB0008015","24778771","C00157","CCCCCC/C=C\CCCCCCCC(=O)OC[C@H](COP(=O)([O-])OCC[N+](C)(C)C)OC(=O)CCC/C=C\C/C=C\C/C=C\C/C=C\CCCCC","1"
"PC(16:1(9Z)/20:4(8Z,11Z,14Z,17Z))","PC(16:1(9Z)/20:4(8Z,11Z,14Z,17Z))","HMDB0008016","53478681","C00157","CCCCCC/C=C\CCCCCCCC(=O)OC[C@H](COP(=O)([O-])OCC[N+](C)(C)C)OC(=O)CCCCCC/C=C\C/C=C\C/C=C\C/C=C\CC","1"
"PC(18:1(11Z)/18:4(6Z,9Z,12Z,15Z))","PC(18:1(11Z)/18:4(6Z,9Z,12Z,15Z))","HMDB0008075","53478729","C00157","CCCCCC/C=C\CCCCCCCCCC(=O)OC[C@H](COP(=O)([O-])OCC[N+](C)(C)C)OC(=O)CCCC/C=C\C/C=C\C/C=C\C/C=C\CC","1"
"PC(18:1(9Z)/18:4(6Z,9Z,12Z,15Z))","PC(18:1(9Z)/18:4(6Z,9Z,12Z,15Z))","HMDB0008108","52922687","C00157","CCCCCCCC/C=C\CCCCCCCC(=O)OC[C@H](COP(=O)([O-])OCC[N+](C)(C)C)OC(=O)CCCC/C=C\C/C=C\C/C=C\C/C=C\CC","1"
"PC(18:2(9Z,12Z)/18:3(6Z,9Z,12Z))","PC(18:2(9Z,12Z)/18:3(6Z,9Z,12Z))","HMDB0008140","52922729","C00157","CCCCC/C=C\C/C=C\CCCCCCCC(=O)OC[C@H](COP(=O)([O-])OCC[N+](C)(C)C)OC(=O)CCCC/C=C\C/C=C\C/C=C\CCCCC","1"
"PC(18:2(9Z,12Z)/18:3(9Z,12Z,15Z))","PC(18:2(9Z,12Z)/18:3(9Z,12Z,15Z))","HMDB0008141","52922731","C00157","CCCCC/C=C\C/C=C\CCCCCCCC(=O)OC[C@H](COP(=O)([O-])OCC[N+](C)(C)C)OC(=O)CCCCCCC/C=C\C/C=C\C/C=C\CC","1"
"PC(18:3(6Z,9Z,12Z)/18:2(9Z,12Z))","PC(18:3(6Z,9Z,12Z)/18:2(9Z,12Z))","HMDB0008171","52922785","C00157","CCCCC/C=C\C/C=C\CCCCCCCC(=O)O[C@H](COC(=O)CCCC/C=C\C/C=C\C/C=C\CCCCC)COP(=O)([O-])OCC[N+](C)(C)C","1"
"PC(18:3(9Z,12Z,15Z)/18:2(9Z,12Z))","PC(18:3(9Z,12Z,15Z)/18:2(9Z,12Z))","HMDB0008204","52922845","C00157","CCCCC/C=C\C/C=C\CCCCCCCC(=O)O[C@H](COC(=O)CCCCCCC/C=C\C/C=C\C/C=C\CC)COP(=O)([O-])OCC[N+](C)(C)C","1"
"PC(18:4(6Z,9Z,12Z,15Z)/18:1(11Z))","PC(18:4(6Z,9Z,12Z,15Z)/18:1(11Z))","HMDB0008235","53478855","C00157","CCCCCC/C=C\CCCCCCCCCC(=O)O[C@H](COC(=O)CCCC/C=C\C/C=C\C/C=C\C/C=C\CC)COP(=O)([O-])OCC[N+](C)(C)C","1"
"PC(18:4(6Z,9Z,12Z,15Z)/18:1(9Z))","PC(18:4(6Z,9Z,12Z,15Z)/18:1(9Z))","HMDB0008236","52922903","C00157","CCCCCCCC/C=C\CCCCCCCC(=O)O[C@H](COC(=O)CCCC/C=C\C/C=C\C/C=C\C/C=C\CC)COP(=O)([O-])OCC[N+](C)(C)C","1"
"PC(20:4(5Z,8Z,11Z,14Z)/16:1(9Z))","PC(20:4(5Z,8Z,11Z,14Z)/16:1(9Z))","HMDB0008430","52923283","C00157","CCCCCC/C=C\CCCCCCCC(=O)O[C@H](COC(=O)CCC/C=C\C/C=C\C/C=C\C/C=C\CCCCC)COP(=O)([O-])OCC[N+](C)(C)C","1"
"PC(20:4(8Z,11Z,14Z,17Z)/16:1(9Z))","PC(20:4(8Z,11Z,14Z,17Z)/16:1(9Z))","HMDB0008463","53479065","C00157","CCCCCC/C=C\CCCCCCCC(=O)O[C@H](COC(=O)CCCCCC/C=C\C/C=C\C/C=C\C/C=C\CC)COP(=O)([O-])OCC[N+](C)(C)C","1"
"PC(20:5(5Z,8Z,11Z,14Z,17Z)/16:0)","PC(20:5(5Z,8Z,11Z,14Z,17Z)/16:0)","HMDB0008495","52923341","C00157","CCCCCCCCCCCCCCCC(=O)O[C@H](COC(=O)CCC/C=C\C/C=C\C/C=C\C/C=C\C/C=C\CC)COP(=O)([O-])OCC[N+](C)(C)C","1"
"PC(22:4(7Z,10Z,13Z,16Z)/14:1(9Z))","PC(22:4(7Z,10Z,13Z,16Z)/14:1(9Z))","HMDB0008624","52923615","C00157","CCCCC/C=C\C/C=C\C/C=C\C/C=C\CCCCCC(=O)OC[C@H](COP(=O)([O-])OCC[N+](C)(C)C)OC(=O)CCCCCCC/C=C\CCCC","1"
"PC(22:5(4Z,7Z,10Z,13Z,16Z)/14:0)","PC(22:5(4Z,7Z,10Z,13Z,16Z)/14:0)","HMDB0008656","53479275","C00157","CCCCCCCCCCCCCC(=O)O[C@H](COC(=O)CC/C=C\C/C=C\C/C=C\C/C=C\C/C=C\CCCCC)COP(=O)([O-])OCC[N+](C)(C)C","1"
"PC(22:5(7Z,10Z,13Z,16Z,19Z)/14:0)","PC(22:5(7Z,10Z,13Z,16Z,19Z)/14:0)","HMDB0008689","53479341","C00157","CCCCCCCCCCCCCC(=O)O[C@H](COC(=O)CCCCC/C=C\C/C=C\C/C=C\C/C=C\C/C=C\CC)COP(=O)([O-])OCC[N+](C)(C)C","1"
"FAD","FAD","HMDB0001248","643975","C00016","CC1=CC2=C(C=C1C)N(C3=NC(=O)NC(=O)C3=N2)C[C@@H]([C@@H]([C@@H](COP(=O)(O)OP(=O)(O)OC[C@@H]4[C@H]([C@H]([C@@H](O4)N5C=NC6=C5N=CN=C6N)O)O)O)O)O","1"
"PE(18:1(11Z)/22:6(4Z,7Z,10Z,13Z,16Z,19Z))","PE(18:1(11Z)/22:6(4Z,7Z,10Z,13Z,16Z,19Z))","HMDB0009045","53479643","C00350","CCCCCC/C=C\CCCCCCCCCC(=O)OC[C@H](COP(=O)(O)OCCN)OC(=O)CC/C=C\C/C=C\C/C=C\C/C=C\C/C=C\C/C=C\CC","1"
"PE(18:1(9Z)/22:6(4Z,7Z,10Z,13Z,16Z,19Z))","PE(18:1(9Z)/22:6(4Z,7Z,10Z,13Z,16Z,19Z))","HMDB0009078","52922113","C00350","CCCCCCCC/C=C\CCCCCCCC(=O)OC[C@H](COP(=O)(O)OCCN)OC(=O)CC/C=C\C/C=C\C/C=C\C/C=C\C/C=C\C/C=C\CC","1"
"PE(18:2(9Z,12Z)/22:5(4Z,7Z,10Z,13Z,16Z))","PE(18:2(9Z,12Z)/22:5(4Z,7Z,10Z,13Z,16Z))","HMDB0009109","53479665","C00350","CCCCC/C=C\C/C=C\CCCCCCCC(=O)OC[C@H](COP(=O)(O)OCCN)OC(=O)CC/C=C\C/C=C\C/C=C\C/C=C\C/C=C\CCCCC","1"
"PE(18:2(9Z,12Z)/22:5(7Z,10Z,13Z,16Z,19Z))","PE(18:2(9Z,12Z)/22:5(7Z,10Z,13Z,16Z,19Z))","HMDB0009110","53479666","C00350","CCCCC/C=C\C/C=C\CCCCCCCC(=O)OC[C@H](COP(=O)(O)OCCN)OC(=O)CCCCC/C=C\C/C=C\C/C=C\C/C=C\C/C=C\CC","1"
"PE(18:3(6Z,9Z,12Z)/22:4(7Z,10Z,13Z,16Z))","PE(18:3(6Z,9Z,12Z)/22:4(7Z,10Z,13Z,16Z))","HMDB0009141","52924409","C00350","CCCCC/C=C\C/C=C\C/C=C\CCCCC(=O)OC[C@H](COP(=O)(O)OCCN)OC(=O)CCCCC/C=C\C/C=C\C/C=C\C/C=C\CCCCC","1"
"PE(18:3(9Z,12Z,15Z)/22:4(7Z,10Z,13Z,16Z))","PE(18:3(9Z,12Z,15Z)/22:4(7Z,10Z,13Z,16Z))","HMDB0009174","52924437","C00350","CCCCC/C=C\C/C=C\C/C=C\C/C=C\CCCCCC(=O)O[C@H](COC(=O)CCCCCCC/C=C\C/C=C\C/C=C\CC)COP(=O)(O)OCCN","1"
"PE(20:2(11Z,14Z)/20:5(5Z,8Z,11Z,14Z,17Z))","PE(20:2(11Z,14Z)/20:5(5Z,8Z,11Z,14Z,17Z))","HMDB0009302","52924596","C00350","CCCCC/C=C\C/C=C\CCCCCCCCCC(=O)OC[C@H](COP(=O)(O)OCCN)OC(=O)CCC/C=C\C/C=C\C/C=C\C/C=C\C/C=C\CC","1"
"PE(20:3(5Z,8Z,11Z)/20:4(5Z,8Z,11Z,14Z))","PE(20:3(5Z,8Z,11Z)/20:4(5Z,8Z,11Z,14Z))","HMDB0009333","53479759","C00350","CCCCCCCC/C=C\C/C=C\C/C=C\CCCC(=O)OC[C@H](COP(=O)(O)OCCN)OC(=O)CCC/C=C\C/C=C\C/C=C\C/C=C\CCCCC","1"
"PE(20:3(5Z,8Z,11Z)/20:4(8Z,11Z,14Z,17Z))","PE(20:3(5Z,8Z,11Z)/20:4(8Z,11Z,14Z,17Z))","HMDB0009334","53479760","C00350","CCCCCCCC/C=C\C/C=C\C/C=C\CCCC(=O)OC[C@H](COP(=O)(O)OCCN)OC(=O)CCCCCC/C=C\C/C=C\C/C=C\C/C=C\CC","1"
"PE(20:3(8Z,11Z,14Z)/20:4(5Z,8Z,11Z,14Z))","PE(20:3(8Z,11Z,14Z)/20:4(5Z,8Z,11Z,14Z))","HMDB0009366","52924626","C00350","CCCCC/C=C\C/C=C\C/C=C\CCCCCCC(=O)OC[C@H](COP(=O)(O)OCCN)OC(=O)CCC/C=C\C/C=C\C/C=C\C/C=C\CCCCC","1"
"PE(20:3(8Z,11Z,14Z)/20:4(8Z,11Z,14Z,17Z))","PE(20:3(8Z,11Z,14Z)/20:4(8Z,11Z,14Z,17Z))","HMDB0009367","53479777","C00350","CCCCC/C=C\C/C=C\C/C=C\CCCCCCC(=O)OC[C@H](COP(=O)(O)OCCN)OC(=O)CCCCCC/C=C\C/C=C\C/C=C\C/C=C\CC","1"
"PE(20:4(5Z,8Z,11Z,14Z)/20:3(5Z,8Z,11Z))","PE(20:4(5Z,8Z,11Z,14Z)/20:3(5Z,8Z,11Z))","HMDB0009397","53479788","C00350","CCCCCCCC/C=C\C/C=C\C/C=C\CCCC(=O)O[C@H](COC(=O)CCC/C=C\C/C=C\C/C=C\C/C=C\CCCCC)COP(=O)(O)OCCN","1"
"PE(20:4(5Z,8Z,11Z,14Z)/20:3(8Z,11Z,14Z))","PE(20:4(5Z,8Z,11Z,14Z)/20:3(8Z,11Z,14Z))","HMDB0009398","52924655","C00350","CCCCC/C=C\C/C=C\C/C=C\CCCCCCC(=O)O[C@H](COC(=O)CCC/C=C\C/C=C\C/C=C\C/C=C\CCCCC)COP(=O)(O)OCCN","1"
"PE(20:4(8Z,11Z,14Z,17Z)/20:3(5Z,8Z,11Z))","PE(20:4(8Z,11Z,14Z,17Z)/20:3(5Z,8Z,11Z))","HMDB0009430","53479814","C00350","CCCCCCCC/C=C\C/C=C\C/C=C\CCCC(=O)O[C@H](COC(=O)CCCCCC/C=C\C/C=C\C/C=C\C/C=C\CC)COP(=O)(O)OCCN","1"
"PE(20:4(8Z,11Z,14Z,17Z)/20:3(8Z,11Z,14Z))","PE(20:4(8Z,11Z,14Z,17Z)/20:3(8Z,11Z,14Z))","HMDB0009431","53479815","C00350","CCCCC/C=C\C/C=C\C/C=C\CCCCCCC(=O)O[C@H](COC(=O)CCCCCC/C=C\C/C=C\C/C=C\C/C=C\CC)COP(=O)(O)OCCN","1"
"PE(20:5(5Z,8Z,11Z,14Z,17Z)/20:2(11Z,14Z))","PE(20:5(5Z,8Z,11Z,14Z,17Z)/20:2(11Z,14Z))","HMDB0009462","52924683","C00350","CCCCC/C=C\C/C=C\CCCCCCCCCC(=O)O[C@H](COC(=O)CCC/C=C\C/C=C\C/C=C\C/C=C\C/C=C\CC)COP(=O)(O)OCCN","1"
"PE(22:4(7Z,10Z,13Z,16Z)/18:3(6Z,9Z,12Z))","PE(22:4(7Z,10Z,13Z,16Z)/18:3(6Z,9Z,12Z))","HMDB0009589","52924817","C00350","CCCCC/C=C\C/C=C\C/C=C\CCCCC(=O)O[C@H](COC(=O)CCCCC/C=C\C/C=C\C/C=C\C/C=C\CCCCC)COP(=O)(O)OCCN","1"
"PE(22:4(7Z,10Z,13Z,16Z)/18:3(9Z,12Z,15Z))","PE(22:4(7Z,10Z,13Z,16Z)/18:3(9Z,12Z,15Z))","HMDB0009590","52924818","C00350","CCCCC/C=C\C/C=C\C/C=C\C/C=C\CCCCCC(=O)OC[C@H](COP(=O)(O)OCCN)OC(=O)CCCCCCC/C=C\C/C=C\C/C=C\CC","1"
"PE(22:5(4Z,7Z,10Z,13Z,16Z)/18:2(9Z,12Z))","PE(22:5(4Z,7Z,10Z,13Z,16Z)/18:2(9Z,12Z))","HMDB0009621","53479917","C00350","CCCCC/C=C\C/C=C\CCCCCCCC(=O)O[C@H](COC(=O)CC/C=C\C/C=C\C/C=C\C/C=C\C/C=C\CCCCC)COP(=O)(O)OCCN","1"
"PE(22:5(7Z,10Z,13Z,16Z,19Z)/18:2(9Z,12Z))","PE(22:5(7Z,10Z,13Z,16Z,19Z)/18:2(9Z,12Z))","HMDB0009654","53479950","C00350","CCCCC/C=C\C/C=C\CCCCCCCC(=O)O[C@H](COC(=O)CCCCC/C=C\C/C=C\C/C=C\C/C=C\C/C=C\CC)COP(=O)(O)OCCN","1"
"PE(22:6(4Z,7Z,10Z,13Z,16Z,19Z)/18:1(11Z))","PE(22:6(4Z,7Z,10Z,13Z,16Z,19Z)/18:1(11Z))","HMDB0009685","53479975","C00350","CCCCCC/C=C\CCCCCCCCCC(=O)O[C@H](COC(=O)CC/C=C\C/C=C\C/C=C\C/C=C\C/C=C\C/C=C\CC)COP(=O)(O)OCCN","1"
"PE(22:6(4Z,7Z,10Z,13Z,16Z,19Z)/18:1(9Z))","PE(22:6(4Z,7Z,10Z,13Z,16Z,19Z)/18:1(9Z))","HMDB0009686","52924844","C00350","CCCCCCCC/C=C\CCCCCCCC(=O)O[C@H](COC(=O)CC/C=C\C/C=C\C/C=C\C/C=C\C/C=C\C/C=C\CC)COP(=O)(O)OCCN","1"
"PG(16:1(9Z)/22:6(4Z,7Z,10Z,13Z,16Z,19Z))","PG(16:1(9Z)/22:6(4Z,7Z,10Z,13Z,16Z,19Z))","HMDB0010599","52927163",NA,"CCCCCC/C=C\CCCCCCCC(=O)OC[C@H](COP(=O)(O)OC[C@H](CO)O)OC(=O)CC/C=C\C/C=C\C/C=C\C/C=C\C/C=C\C/C=C\CC","1"
"PG(18:3(6Z,9Z,12Z)/20:4(5Z,8Z,11Z,14Z))","PG(18:3(6Z,9Z,12Z)/20:4(5Z,8Z,11Z,14Z))","HMDB0010670","52926654",NA,"CCCCC/C=C\C/C=C\C/C=C\CCCCC(=O)OC[C@H](COP(=O)(O)OC[C@H](CO)O)OC(=O)CCC/C=C\C/C=C\C/C=C\C/C=C\CCCCC","1"
"PG(18:3(9Z,12Z,15Z)/20:4(5Z,8Z,11Z,14Z))","PG(18:3(9Z,12Z,15Z)/20:4(5Z,8Z,11Z,14Z))","HMDB0010685","52926682",NA,"CCCCC/C=C\C/C=C\C/C=C\C/C=C\CCCC(=O)O[C@H](COC(=O)CCCCCCC/C=C\C/C=C\C/C=C\CC)COP(=O)(O)OC[C@H](CO)O","1"
"6-Hydroxy flavin adenine dinucleotide","6-Hydroxy flavin adenine dinucleotide","HMDB0011612","5287546",NA,"CC1=C(C)C(O)=C2N=C3C(=O)NC(=O)N=C3N(C[C@H](O)[C@H](O)[C@H](O)COP(O)(=O)OP(O)(=O)OC[C@H]3O[C@H]([C@H](O)[C@@H]3O)N3C=NC4=C(N)N=CN=C34)C2=C1","1"
"PG(18:1(11Z)/22:6(4Z,7Z,10Z,13Z,16Z,19Z))","PG(18:1(11Z)/22:6(4Z,7Z,10Z,13Z,16Z,19Z))","HMDB0010629","53480628",NA,"CCCCCC/C=C\CCCCCCCCCC(=O)OC[C@H](COP(=O)(O)OC[C@H](CO)O)OC(=O)CC/C=C\C/C=C\C/C=C\C/C=C\C/C=C\C/C=C\CC","1"
"PG(18:1(9Z)/22:6(4Z,7Z,10Z,13Z,16Z,19Z))","PG(18:1(9Z)/22:6(4Z,7Z,10Z,13Z,16Z,19Z))","HMDB0010644","52926308",NA,"CCCCCCCC/C=C\CCCCCCCC(=O)OC[C@H](COP(=O)(O)OC[C@H](CO)O)OC(=O)CC/C=C\C/C=C\C/C=C\C/C=C\C/C=C\C/C=C\CC","1"
"PG(18:2(9Z,12Z)/22:5(4Z,7Z,10Z,13Z,16Z))","PG(18:2(9Z,12Z)/22:5(4Z,7Z,10Z,13Z,16Z))","HMDB0010657","53480635",NA,"CCCCC/C=C\C/C=C\CCCCCCCC(=O)OC[C@H](COP(=O)(O)OC[C@H](CO)O)OC(=O)CC/C=C\C/C=C\C/C=C\C/C=C\C/C=C\CCCCC","1"
"PG(18:2(9Z,12Z)/22:5(7Z,10Z,13Z,16Z,19Z))","PG(18:2(9Z,12Z)/22:5(7Z,10Z,13Z,16Z,19Z))","HMDB0010658","53480636",NA,"CCCCC/C=C\C/C=C\CCCCCCCC(=O)OC[C@H](COP(=O)(O)OC[C@H](CO)O)OC(=O)CCCCC/C=C\C/C=C\C/C=C\C/C=C\C/C=C\CC","1"
"PG(18:3(6Z,9Z,12Z)/22:4(7Z,10Z,13Z,16Z))","PG(18:3(6Z,9Z,12Z)/22:4(7Z,10Z,13Z,16Z))","HMDB0010671","52926660",NA,"CCCCC/C=C\C/C=C\C/C=C\CCCCC(=O)OC[C@H](COP(=O)(O)OC[C@H](CO)O)OC(=O)CCCCC/C=C\C/C=C\C/C=C\C/C=C\CCCCC","1"
"PG(18:3(9Z,12Z,15Z)/22:4(7Z,10Z,13Z,16Z))","PG(18:3(9Z,12Z,15Z)/22:4(7Z,10Z,13Z,16Z))","HMDB0010686","52926688",NA,"CCCCC/C=C\C/C=C\C/C=C\C/C=C\CCCCCC(=O)O[C@H](COC(=O)CCCCCCC/C=C\C/C=C\C/C=C\CC)COP(=O)(O)OC[C@H](CO)O","1"
"2-Methyl-3-hydroxybutyryl-CoA","2-Methyl-3-hydroxybutyryl-CoA","HMDB0001356","440326","C04405","C[C@@H]([C@H](C)O)C(=O)SCCNC(=O)CCNC(=O)C(C(C)(C)COP(=O)(O)OP(=O)(O)OC[C@@H]1[C@H]([C@H]([C@@H](O1)N2C=NC3=C2N=CN=C3N)O)OP(=O)(O)O)O","1"
"3-Hydroxyisovaleryl-CoA","3-Hydroxyisovaleryl-CoA","HMDB0006870","11953876","C05998","CC(C)(CC(=O)SCCNC(=O)CCNC(=O)C(C(C)(C)COP(=O)(O)OP(=O)(O)OC[C@@H]1[C@H]([C@H]([C@@H](O1)N2C=NC3=C2N=CN=C3N)O)OP(=O)(O)O)O)O","1"
"2-Carboxymethyl-3-hydroxyphenylpropionyl-CoA","2-Carboxymethyl-3-hydroxyphenylpropionyl-CoA","HMDB0012145","53481380",NA,"CC(C)(COP(=O)(O)OP(=O)(O)OC[C@@H]1[C@H]([C@H]([C@@H](O1)N2C=NC3=C2N=CN=C3N)O)OP(=O)(O)O)C(C(=O)NCCC(=O)NCCSC(=O)C(CC(=O)O)C(C4=CC=CC=C4)O)O","1"
