"","Total","Expected","Hits","Raw p","-log10(p)","Holm adjust","FDR","Impact"
"Taurine and hypotaurine metabolism",8,0.29935,2,0.033334,1.4771,1,1,0.28571
"Valine, leucine and isoleucine degradation",40,1.4968,4,0.059178,1.2278,1,1,0.0372
"Glutathione metabolism",28,1.0477,3,0.084015,1.0756,1,1,0.33974
"D-Arginine and D-ornithine metabolism",4,0.14968,1,0.14161,0.8489,1,1,0
"Riboflavin metabolism",4,0.14968,1,0.14161,0.8489,1,1,0
"Glycerophospholipid metabolism",36,1.3471,3,0.14892,0.82704,1,1,0.33882
"Linoleic acid metabolism",5,0.1871,1,0.17382,0.75991,1,1,0
"Pyrimidine metabolism",39,1.4594,3,0.17654,0.75315,1,1,0.09525
"Pyruvate metabolism",22,0.82323,2,0.19773,0.70394,1,1,0.0591
"Ascorbate and aldarate metabolism",8,0.29935,1,0.26347,0.57927,1,1,0.5
"Alanine, aspartate and glutamate metabolism",28,1.0477,2,0.28212,0.54957,1,1,0.08654
"alpha-Linolenic acid metabolism",13,0.48645,1,0.39211,0.4066,1,1,0
"Glycosylphosphatidylinositol (GPI)-anchor biosynthesis",14,0.52387,1,0.41504,0.38191,1,1,0.00399
"Arginine and proline metabolism",38,1.4219,2,0.42014,0.37661,1,1,0.02385
"Butanoate metabolism",15,0.56129,1,0.43713,0.35939,1,1,0.03175
"Glycerolipid metabolism",16,0.59871,1,0.4584,0.33875,1,1,0.01246
"Histidine metabolism",16,0.59871,1,0.4584,0.33875,1,1,0.04918
"Tyrosine metabolism",42,1.5716,2,0.47185,0.32619,1,1,0.00751
"Pentose and glucuronate interconversions",18,0.67355,1,0.49859,0.30225,1,1,0.125
"Primary bile acid biosynthesis",46,1.7213,2,0.52081,0.28332,1,1,0.00993
"Sphingolipid metabolism",21,0.78581,1,0.55345,0.25692,1,1,0
"Phosphatidylinositol signaling system",28,1.0477,1,0.65954,0.18076,1,1,0.00152
"Cysteine and methionine metabolism",33,1.2348,1,0.71972,0.14284,1,1,0.04179
"Glycine, serine and threonine metabolism",33,1.2348,1,0.71972,0.14284,1,1,0.0726
"Arachidonic acid metabolism",36,1.3471,1,0.75068,0.12455,1,1,0
"Amino sugar and nucleotide sugar metabolism",37,1.3845,1,0.76023,0.11906,1,1,0.01991
"Tryptophan metabolism",41,1.5342,1,0.79496,0.099652,1,1,0.00202
"Steroid biosynthesis",42,1.5716,1,0.80285,0.095368,1,1,0
"Steroid hormone biosynthesis",85,3.1806,1,0.96437,0.015755,1,1,0
