"Query","Match","HMDB","PubChem","KEGG","SMILES","Comment"
"LysoPE(0:0/22:4(7Z,10Z,13Z,16Z))","LysoPE(0:0/22:4(7Z,10Z,13Z,16Z))","HMDB0011493","53480942",NA,"CCCCC/C=C\C/C=C\C/C=C\C/C=C\CCCCCC(=O)O[C@H](CO)COP(=O)(O)OCCN","1"
"LysoPE(22:4(7Z,10Z,13Z,16Z)/0:0)","LysoPE(22:4(7Z,10Z,13Z,16Z)/0:0)","HMDB0011523","52925133",NA,"CCCCC/C=C\C/C=C\C/C=C\C/C=C\CCCCCC(=O)OC[C@H](COP(=O)(O)OCCN)O","1"
"LysoPE(0:0/22:0)","LysoPE(0:0/22:0)","HMDB0011490","53480939",NA,"CCCCCCCCCCCCCCCCCCCCCC(=O)O[C@H](CO)COP(=O)(O)OCCN","1"
"LysoPE(22:0/0:0)","LysoPE(22:0/0:0)","HMDB0011520","52925144",NA,"CCCCCCCCCCCCCCCCCCCCCC(=O)OC[C@H](COP(=O)(O)OCCN)O","1"
"PI(16:0/18:2(9Z,12Z))","PI(16:0/18:2(9Z,12Z))","HMDB0009784",NA,"C00626","[H][C@@](COC(=O)CCCCCCCCCCCCCCC)(COP(O)(=O)O[C@H]1C(O)C(O)C(O)[C@@H](O)C1O)OC(=O)CCCCCCC\C=C/C\C=C/CCCCC","1"
"PI(16:1(9Z)/18:1(11Z))","PI(16:1(9Z)/18:1(11Z))","HMDB0009800",NA,"C00626","[H][C@@](COC(=O)CCCCCCC\C=C/CCCCCC)(COP(O)(=O)O[C@H]1C(O)C(O)C(O)[C@@H](O)C1O)OC(=O)CCCCCCCCC\C=C/CCCCCC","1"
"PI(16:1(9Z)/18:1(9Z))","PI(16:1(9Z)/18:1(9Z))","HMDB0009801",NA,"C00626","[H][C@@](COC(=O)CCCCCCC\C=C/CCCCCC)(COP(O)(=O)O[C@H]1C(O)C(O)C(O)[C@@H](O)C1O)OC(=O)CCCCCCC\C=C/CCCCCCCC","1"
"PI(16:2(9Z,12Z)/18:0)","PI(16:2(9Z,12Z)/18:0)","HMDB0009803",NA,"C00626","[H][C@@](COC(=O)CCCCCCC\C=C/C\C=C/CCC)(COP(O)(=O)O[C@H]1C(O)C(O)C(O)[C@@H](O)C1O)OC(=O)CCCCCCCCCCCCCCCCC","1"
"PI(18:0/16:2(9Z,12Z))","PI(18:0/16:2(9Z,12Z))","HMDB0009807",NA,"C00626","[H][C@@](COC(=O)CCCCCCCCCCCCCCCCC)(COP(O)(=O)O[C@H]1C(O)C(O)C(O)[C@@H](O)C1O)OC(=O)CCCCCCC\C=C/C\C=C/CCC","1"
"PI(18:1(11Z)/16:1(9Z))","PI(18:1(11Z)/16:1(9Z))","HMDB0009823",NA,"C00626","[H][C@@](COC(=O)CCCCCCCCC\C=C/CCCCCC)(COP(O)(=O)O[C@H]1C(O)C(O)C(O)[C@@H](O)C1O)OC(=O)CCCCCCC\C=C/CCCCCC","1"
"PI(18:1(9Z)/16:1(9Z))","PI(18:1(9Z)/16:1(9Z))","HMDB0009835",NA,"C00626","[H][C@@](COC(=O)CCCCCCC\C=C/CCCCCCCC)(COP(O)(=O)O[C@H]1C(O)C(O)C(O)[C@@H](O)C1O)OC(=O)CCCCCCC\C=C/CCCCCC","1"
"PI(18:2(9Z,12Z)/16:0)","PI(18:2(9Z,12Z)/16:0)","HMDB0009846",NA,"C00626","[H][C@@](COC(=O)CCCCCCC\C=C/C\C=C/CCCCC)(COP(O)(=O)O[C@H]1C(O)C(O)C(O)[C@@H](O)C1O)OC(=O)CCCCCCCCCCCCCCC","1"
"Lipoyl-GMP","Lipoyl-GMP","HMDB0013617","53481910",NA,"C1CSSC1CCCCC(=O)NC2=NC(=O)C3=C(N2)N(C=N3)[C@H]4[C@@H]([C@@H]([C@H](O4)COP(=O)(O)O)O)O","1"
"Aspartylglycosamine","Aspartylglycosamine","HMDB0000489","123826","C04540","CC(=O)N[C@@H]1[C@H]([C@@H]([C@H](O[C@H]1NC(=O)C[C@@H](C(=O)O)N)CO)O)O","1"
"PC(14:0/18:4(6Z,9Z,12Z,15Z))","PC(14:0/18:4(6Z,9Z,12Z,15Z))","HMDB0007877","24778627","C00157","CCCCCCCCCCCCCC(=O)OC[C@H](COP(=O)([O-])OCC[N+](C)(C)C)OC(=O)CCCC/C=C\C/C=C\C/C=C\C/C=C\CC","1"
"PC(14:1(9Z)/18:3(6Z,9Z,12Z))","PC(14:1(9Z)/18:3(6Z,9Z,12Z))","HMDB0007908","52922266","C00157","CCCCC/C=C\C/C=C\C/C=C\CCCCC(=O)O[C@H](COC(=O)CCCCCCC/C=C\CCCC)COP(=O)([O-])OCC[N+](C)(C)C","1"
"PC(14:1(9Z)/18:3(9Z,12Z,15Z))","PC(14:1(9Z)/18:3(9Z,12Z,15Z))","HMDB0007909","52922268","C00157","CCCC/C=C\CCCCCCCC(=O)OC[C@H](COP(=O)([O-])OCC[N+](C)(C)C)OC(=O)CCCCCCC/C=C\C/C=C\C/C=C\CC","1"
"PC(18:3(6Z,9Z,12Z)/14:1(9Z))","PC(18:3(6Z,9Z,12Z)/14:1(9Z))","HMDB0008164","52922765","C00157","CCCCC/C=C\C/C=C\C/C=C\CCCCC(=O)OC[C@H](COP(=O)([O-])OCC[N+](C)(C)C)OC(=O)CCCCCCC/C=C\CCCC","1"
"PC(18:3(9Z,12Z,15Z)/14:1(9Z))","PC(18:3(9Z,12Z,15Z)/14:1(9Z))","HMDB0008197","52922827","C00157","CCCC/C=C\CCCCCCCC(=O)O[C@H](COC(=O)CCCCCCC/C=C\C/C=C\C/C=C\CC)COP(=O)([O-])OCC[N+](C)(C)C","1"
"PC(18:4(6Z,9Z,12Z,15Z)/14:0)","PC(18:4(6Z,9Z,12Z,15Z)/14:0)","HMDB0008229","52922883","C00157","CCCCCCCCCCCCCC(=O)O[C@H](COC(=O)CCCC/C=C\C/C=C\C/C=C\C/C=C\CC)COP(=O)([O-])OCC[N+](C)(C)C","1"
"PE(15:0/20:4(5Z,8Z,11Z,14Z))","PE(15:0/20:4(5Z,8Z,11Z,14Z))","HMDB0008904","52924170","C00350","CCCCCCCCCCCCCCC(=O)OC[C@H](COP(=O)(O)OCCN)OC(=O)CCC/C=C\C/C=C\C/C=C\C/C=C\CCCCC","1"
"PE(15:0/20:4(8Z,11Z,14Z,17Z))","PE(15:0/20:4(8Z,11Z,14Z,17Z))","HMDB0008905","53479577","C00350","CCCCCCCCCCCCCCC(=O)OC[C@H](COP(=O)(O)OCCN)OC(=O)CCCCCC/C=C\C/C=C\C/C=C\C/C=C\CC","1"
"PE(20:4(5Z,8Z,11Z,14Z)/15:0)","PE(20:4(5Z,8Z,11Z,14Z)/15:0)","HMDB0009384","52924638","C00350","CCCCCCCCCCCCCCC(=O)O[C@H](COC(=O)CCC/C=C\C/C=C\C/C=C\C/C=C\CCCCC)COP(=O)(O)OCCN","1"
"PE(20:4(8Z,11Z,14Z,17Z)/15:0)","PE(20:4(8Z,11Z,14Z,17Z)/15:0)","HMDB0009417","53479801","C00350","CCCCCCCCCCCCCCC(=O)O[C@H](COC(=O)CCCCCC/C=C\C/C=C\C/C=C\C/C=C\CC)COP(=O)(O)OCCN","1"
"Behenic acid","Behenic acid","HMDB0000944","8215","C08281","CCCCCCCCCCCCCCCCCCCCCC(=O)O","1"
"Heptadecanoic acid","Heptadecanoic acid","HMDB0002259","10465",NA,"CCCCCCCCCCCCCCCCC(=O)O","1"
"CPA(18:0/0:0)","CPA(18:0/0:0)","HMDB0007004","51040919",NA,"CCCCCCCCCCCCCCCCCC(=O)OCC1COP(=O)(O1)O","1"
"Menthol","Menthol","HMDB0003352","16666","C00400","C[C@@H]1CC[C@H]([C@@H](C1)O)C(C)C","1"
"Decanal","Decanal","HMDB0011623","8175","C12307","CCCCCCCCCC=O","1"
"Uridine diphosphate glucose","Uridine diphosphate glucose","HMDB0000286","53477679","C00029","C1=CN(C(=O)NC1=O)[C@@H]2[C@H]([C@H]([C@@H](O2)COP(=O)(O)OP(=O)(O)OC3[C@H]([C@@H]([C@H]([C@@H](O3)CO)O)O)O)O)O","1"
"Uridine diphosphategalactose","Uridine diphosphategalactose","HMDB0000302","18068","C00052","C1=CN(C(=O)NC1=O)[C@H]2[C@@H]([C@@H]([C@H](O2)COP(=O)(O)OP(=O)(O)O[C@@H]3[C@@H]([C@H]([C@H]([C@H](O3)CO)O)O)O)O)O","1"
"D-Glucuronic acid 1-phosphate","D-Glucuronic acid 1-phosphate","HMDB0003976","440650","C05385","[C@@H]1([C@@H]([C@H](OC([C@@H]1O)OP(=O)(O)O)C(=O)O)O)O","1"
"GDP-L-fucose","GDP-L-fucose","HMDB0001095","439211","C00325","C[C@H]1[C@H]([C@H]([C@@H](C(O1)OP(=O)(O)OP(=O)(O)OC[C@@H]2[C@H]([C@H]([C@@H](O2)N3C=NC4=C3NC(=NC4=O)N)O)O)O)O)O","1"
"GDP-D-Rhamnose","GDP-D-Rhamnose","HMDB0001499","439912","C03117","C[C@@H]1[C@H]([C@@H]([C@@H]([C@H](O1)OP(=O)(O)OP(=O)(O)OC[C@@H]2[C@H]([C@H]([C@@H](O2)N3C=NC4=C3NC(=NC4=O)N)O)O)O)O)O","1"
"ADP-Mannose","ADP-Mannose","HMDB0006369","440940","C06192","C1=NC2=C(C(=N1)N)N=CN2[C@H]3[C@@H]([C@@H]([C@H](O3)COP(=O)(O)OP(=O)(O)O[C@@H]4[C@H]([C@H]([C@@H]([C@H](O4)CO)O)O)O)O)O","1"
"ADP-glucose","ADP-glucose","HMDB0006557","16500","C00498","C1=NC2=C(C(=N1)N)N=CN2[C@H]3[C@@H]([C@@H]([C@H](O3)COP(=O)(O)OP(=O)(O)O[C@@H]4[C@@H]([C@H]([C@@H]([C@H](O4)CO)O)O)O)O)O","1"
"Stearic acid","Stearic acid","HMDB0000827","5281","C01530","CCCCCCCCCCCCCCCCCC(=O)O","1"
"MG(0:0/18:1(11Z)/0:0)","MG(0:0/18:1(11Z)/0:0)","HMDB0011536","53480961",NA,"CCCCCC/C=C\CCCCCCCCCC(=O)OC(CO)CO","1"
"MG(0:0/18:1(9Z)/0:0)","MG(0:0/18:1(9Z)/0:0)","HMDB0011537","5319879",NA,"CCCCCCCC/C=C\CCCCCCCC(=O)OC(CO)CO","1"
"MG(18:1(11Z)/0:0/0:0)","MG(18:1(11Z)/0:0/0:0)","HMDB0011566","53480977",NA,"CCCCCC/C=C\CCCCCCCCCC(=O)OC[C@H](CO)O","1"
"MG(18:1(9Z)/0:0/0:0)","MG(18:1(9Z)/0:0/0:0)","HMDB0011567","12178130",NA,"CCCCCCCC/C=C\CCCCCCCC(=O)OC[C@H](CO)O","1"
"3-Hydroxydodecanoic acid","3-Hydroxydodecanoic acid","HMDB0000387","94216",NA,"CCCCCCCCCC(CC(=O)O)O","1"
"12-Hydroxydodecanoic acid","12-Hydroxydodecanoic acid","HMDB0002059","79034","C08317","C(CCCCCC(=O)O)CCCCCO","1"
"(R)-3-Hydroxydodecanoic acid","(R)-3-Hydroxydodecanoic acid","HMDB0010728","5312804",NA,"CCCCCCCCC[C@H](CC(=O)O)O","1"
"PC(15:0/20:5(5Z,8Z,11Z,14Z,17Z))","PC(15:0/20:5(5Z,8Z,11Z,14Z,17Z))","HMDB0007951","52922332","C00157","CCCCCCCCCCCCCCC(=O)OC[C@H](COP(=O)([O-])OCC[N+](C)(C)C)OC(=O)CCC/C=C\C/C=C\C/C=C\C/C=C\C/C=C\CC","1"
"PC(20:5(5Z,8Z,11Z,14Z,17Z)/15:0)","PC(20:5(5Z,8Z,11Z,14Z,17Z)/15:0)","HMDB0008494","53479123","C00157","CCCCCCCCCCCCCCC(=O)OC(COC(=O)CCC/C=C\C/C=C\C/C=C\C/C=C\C/C=C\CC)COP(=O)([O-])OCC[N+](C)(C)C","1"
"PE(16:0/22:5(4Z,7Z,10Z,13Z,16Z))","PE(16:0/22:5(4Z,7Z,10Z,13Z,16Z))","HMDB0008944","53479589","C00350","CCCCCCCCCCCCCCCC(=O)OC[C@H](COP(=O)(O)OCCN)OC(=O)CC/C=C\C/C=C\C/C=C\C/C=C\C/C=C\CCCCC","1"
"PE(16:0/22:5(7Z,10Z,13Z,16Z,19Z))","PE(16:0/22:5(7Z,10Z,13Z,16Z,19Z))","HMDB0008945","53479590","C00350","CCCCCCCCCCCCCCCC(=O)OC[C@H](COP(=O)(O)OCCN)OC(=O)CCCCC/C=C\C/C=C\C/C=C\C/C=C\C/C=C\CC","1"
"PE(16:1(9Z)/22:4(7Z,10Z,13Z,16Z))","PE(16:1(9Z)/22:4(7Z,10Z,13Z,16Z))","HMDB0008976","52924241","C00350","CCCCCC/C=C\CCCCCCCC(=O)OC[C@H](COP(=O)(O)OCCN)OC(=O)CCCCC/C=C\C/C=C\C/C=C\C/C=C\CCCCC","1"
"PE(18:0/20:5(5Z,8Z,11Z,14Z,17Z))","PE(18:0/20:5(5Z,8Z,11Z,14Z,17Z))","HMDB0009005","52924902","C00350","CCCCCCCCCCCCCCCCCC(=O)OC[C@H](COP(=O)(O)OCCN)OC(=O)CCC/C=C\C/C=C\C/C=C\C/C=C\C/C=C\CC","1"
"PE(18:1(11Z)/20:4(5Z,8Z,11Z,14Z))","PE(18:1(11Z)/20:4(5Z,8Z,11Z,14Z))","HMDB0009036","53479635","C00350","CCCCCC/C=C\CCCCCCCCCC(=O)OC[C@H](COP(=O)(O)OCCN)OC(=O)CCC/C=C\C/C=C\C/C=C\C/C=C\CCCCC","1"
"PE(18:1(11Z)/20:4(8Z,11Z,14Z,17Z))","PE(18:1(11Z)/20:4(8Z,11Z,14Z,17Z))","HMDB0009037","53479636","C00350","CCCCCC/C=C\CCCCCCCCCC(=O)OC[C@H](COP(=O)(O)OCCN)OC(=O)CCCCCC/C=C\C/C=C\C/C=C\C/C=C\CC","1"
"PE(18:1(9Z)/20:4(5Z,8Z,11Z,14Z))","PE(18:1(9Z)/20:4(5Z,8Z,11Z,14Z))","HMDB0009069","52924897","C00350","CCCCCCCC/C=C\CCCCCCCC(=O)OC[C@H](COP(=O)(O)OCCN)OC(=O)CCC/C=C\C/C=C\C/C=C\C/C=C\CCCCC","1"
"PE(18:1(9Z)/20:4(8Z,11Z,14Z,17Z))","PE(18:1(9Z)/20:4(8Z,11Z,14Z,17Z))","HMDB0009070","53479651","C00350","CCCCCCCC/C=C\CCCCCCCC(=O)OC[C@H](COP(=O)(O)OCCN)OC(=O)CCCCCC/C=C\C/C=C\C/C=C\C/C=C\CC","1"
"PE(18:2(9Z,12Z)/20:3(5Z,8Z,11Z))","PE(18:2(9Z,12Z)/20:3(5Z,8Z,11Z))","HMDB0009100","53479662","C00350","CCCCCCCC/C=C\C/C=C\C/C=C\CCCC(=O)O[C@H](COC(=O)CCCCCCC/C=C\C/C=C\CCCCC)COP(=O)(O)OCCN","1"
"PE(18:2(9Z,12Z)/20:3(8Z,11Z,14Z))","PE(18:2(9Z,12Z)/20:3(8Z,11Z,14Z))","HMDB0009101","52924373","C00350","CCCCC/C=C\C/C=C\CCCCCCCC(=O)OC[C@H](COP(=O)(O)OCCN)OC(=O)CCCCCC/C=C\C/C=C\C/C=C\CCCCC","1"
"PE(18:3(6Z,9Z,12Z)/20:2(11Z,14Z))","PE(18:3(6Z,9Z,12Z)/20:2(11Z,14Z))","HMDB0009132","52924401","C00350","CCCCC/C=C\C/C=C\CCCCCCCCCC(=O)O[C@H](COC(=O)CCCC/C=C\C/C=C\C/C=C\CCCCC)COP(=O)(O)OCCN","1"
"PE(18:3(9Z,12Z,15Z)/20:2(11Z,14Z))","PE(18:3(9Z,12Z,15Z)/20:2(11Z,14Z))","HMDB0009165","52924429","C00350","CCCCC/C=C\C/C=C\CCCCCCCCCC(=O)O[C@H](COC(=O)CCCCCCC/C=C\C/C=C\C/C=C\CC)COP(=O)(O)OCCN","1"
"PE(18:4(6Z,9Z,12Z,15Z)/20:1(11Z))","PE(18:4(6Z,9Z,12Z,15Z)/20:1(11Z))","HMDB0009197","52924459","C00350","CCCCCCCC/C=C\CCCCCCCCCC(=O)O[C@H](COC(=O)CCCC/C=C\C/C=C\C/C=C\C/C=C\CC)COP(=O)(O)OCCN","1"
"PE(20:1(11Z)/18:4(6Z,9Z,12Z,15Z))","PE(20:1(11Z)/18:4(6Z,9Z,12Z,15Z))","HMDB0009261","52924558","C00350","CCCCCCCC/C=C\CCCCCCCCCC(=O)OC[C@H](COP(=O)(O)OCCN)OC(=O)CCCC/C=C\C/C=C\C/C=C\C/C=C\CC","1"
"PE(20:2(11Z,14Z)/18:3(6Z,9Z,12Z))","PE(20:2(11Z,14Z)/18:3(6Z,9Z,12Z))","HMDB0009292","52924586","C00350","CCCCC/C=C\C/C=C\CCCCCCCCCC(=O)OC[C@H](COP(=O)(O)OCCN)OC(=O)CCCC/C=C\C/C=C\C/C=C\CCCCC","1"
"PE(20:2(11Z,14Z)/18:3(9Z,12Z,15Z))","PE(20:2(11Z,14Z)/18:3(9Z,12Z,15Z))","HMDB0009293","52924587","C00350","CCCCC/C=C\C/C=C\CCCCCCCCCC(=O)OC[C@H](COP(=O)(O)OCCN)OC(=O)CCCCCCC/C=C\C/C=C\C/C=C\CC","1"
"PE(20:3(5Z,8Z,11Z)/18:2(9Z,12Z))","PE(20:3(5Z,8Z,11Z)/18:2(9Z,12Z))","HMDB0009324","53479750","C00350","CCCCCCCC/C=C\C/C=C\C/C=C\CCCC(=O)OC[C@H](COP(=O)(O)OCCN)OC(=O)CCCCCCC/C=C\C/C=C\CCCCC","1"
"PE(20:3(8Z,11Z,14Z)/18:2(9Z,12Z))","PE(20:3(8Z,11Z,14Z)/18:2(9Z,12Z))","HMDB0009357","52924616","C00350","CCCCC/C=C\C/C=C\CCCCCCCC(=O)O[C@H](COC(=O)CCCCCC/C=C\C/C=C\C/C=C\CCCCC)COP(=O)(O)OCCN","1"
"PE(20:4(5Z,8Z,11Z,14Z)/18:1(11Z))","PE(20:4(5Z,8Z,11Z,14Z)/18:1(11Z))","HMDB0009388","53479787","C00350","CCCCCC/C=C\CCCCCCCCCC(=O)O[C@H](COC(=O)CCC/C=C\C/C=C\C/C=C\C/C=C\CCCCC)COP(=O)(O)OCCN","1"
"PE(20:4(5Z,8Z,11Z,14Z)/18:1(9Z))","PE(20:4(5Z,8Z,11Z,14Z)/18:1(9Z))","HMDB0009389","52924645","C00350","CCCCCCCC/C=C\CCCCCCCC(=O)O[C@H](COC(=O)CCC/C=C\C/C=C\C/C=C\C/C=C\CCCCC)COP(=O)(O)OCCN","1"
"PE(20:4(8Z,11Z,14Z,17Z)/18:1(11Z))","PE(20:4(8Z,11Z,14Z,17Z)/18:1(11Z))","HMDB0009421","53479805","C00350","CCCCCC/C=C\CCCCCCCCCC(=O)O[C@H](COC(=O)CCCCCC/C=C\C/C=C\C/C=C\C/C=C\CC)COP(=O)(O)OCCN","1"
"PE(20:4(8Z,11Z,14Z,17Z)/18:1(9Z))","PE(20:4(8Z,11Z,14Z,17Z)/18:1(9Z))","HMDB0009422","53479806","C00350","CCCCCCCC/C=C\CCCCCCCC(=O)O[C@H](COC(=O)CCCCCC/C=C\C/C=C\C/C=C\C/C=C\CC)COP(=O)(O)OCCN","1"
"PE(20:5(5Z,8Z,11Z,14Z,17Z)/18:0)","PE(20:5(5Z,8Z,11Z,14Z,17Z)/18:0)","HMDB0009453","52924674","C00350","CCCCCCCCCCCCCCCCCC(=O)O[C@H](COC(=O)CCC/C=C\C/C=C\C/C=C\C/C=C\C/C=C\CC)COP(=O)(O)OCCN","1"
"PE(22:4(7Z,10Z,13Z,16Z)/16:1(9Z))","PE(22:4(7Z,10Z,13Z,16Z)/16:1(9Z))","HMDB0009584","52924810","C00350","CCCCCC/C=C\CCCCCCCC(=O)O[C@H](COC(=O)CCCCC/C=C\C/C=C\C/C=C\C/C=C\CCCCC)COP(=O)(O)OCCN","1"
"PE(22:5(4Z,7Z,10Z,13Z,16Z)/16:0)","PE(22:5(4Z,7Z,10Z,13Z,16Z)/16:0)","HMDB0009616","53479912","C00350","CCCCCCCCCCCCCCCC(=O)O[C@H](COC(=O)CC/C=C\C/C=C\C/C=C\C/C=C\C/C=C\CCCCC)COP(=O)(O)OCCN","1"
"PE(22:5(7Z,10Z,13Z,16Z,19Z)/16:0)","PE(22:5(7Z,10Z,13Z,16Z,19Z)/16:0)","HMDB0009649","53479945","C00350","CCCCCCCCCCCCCCCC(=O)O[C@H](COC(=O)CCCCC/C=C\C/C=C\C/C=C\C/C=C\C/C=C\CC)COP(=O)(O)OCCN","1"
"19,20-DiHDPA","19,20-DiHDPA","HMDB0010214","16061148",NA,"CCC(C(C/C=C\C/C=C\C/C=C\C/C=C\C/C=C\CCC(=O)O)O)O","1"
"Cholesterol sulfate","Cholesterol sulfate","HMDB0000653","65076","C18043","C[C@H](CCCC(C)C)[C@H]1CC[C@@H]2[C@@]1(CC[C@H]3[C@H]2CC=C4[C@@]3(CC[C@@H](C4)OS(=O)(=O)O)C)C","1"
"PE(14:1(9Z)/P-16:0)","PE(14:1(9Z)/P-16:0)","HMDB0008883","53479571","C00350","CCCCCCCCCCCCCC/C=C\O[C@H](COC(=O)CCCCCCC/C=C\CCCC)COP(=O)(O)OCCN","1"
"PE(P-16:0/14:1(9Z))","PE(P-16:0/14:1(9Z))","HMDB0011336","52925043",NA,"CCCCCCCCCCCCCC/C=C\OC[C@H](COP(=O)(O)OCCN)OC(=O)CCCCCCC/C=C\CCCC","1"
"Suberic acid","Suberic acid","HMDB0000893","10457","C08278","C(CCCC(=O)O)CCC(=O)O","1"
"Ethyladipic acid","Ethyladipic acid","HMDB0002023","152459",NA,"CCC(CCCC(=O)O)C(=O)O","1"
"PS(18:0/18:2(9Z,12Z))","PS(18:0/18:2(9Z,12Z))","HMDB0012380","9547091",NA,"CCCCCCCCCCCCCCCCCC(=O)OC[C@H](COP(=O)(O)OC[C@@H](C(=O)O)N)OC(=O)CCCCCCC/C=C\C/C=C\CCCCC","1"
"PS(18:1(9Z)/18:1(9Z))","PS(18:1(9Z)/18:1(9Z))","HMDB0012390","6438639",NA,"CCCCCCCC/C=C\CCCCCCCC(=O)OC[C@H](COP(=O)(O)OC[C@@H](C(=O)O)N)OC(=O)CCCCCCC/C=C\CCCCCCCC","1"
"PS(18:2(9Z,12Z)/18:0)","PS(18:2(9Z,12Z)/18:0)","HMDB0012400","52925985",NA,"CCCCCCCCCCCCCCCCCC(=O)O[C@H](COC(=O)CCCCCCC/C=C\C/C=C\CCCCC)COP(=O)(O)OC[C@@H](C(=O)O)N","1"
"Hydroxypropionylcarnitine","Hydroxypropionylcarnitine","HMDB0013125","53481613",NA,"C[N+](C)(C)C[C@H](CC(=O)[O-])OC(=O)CCO","1"
"dATP","Deoxyadenosine triphosphate","HMDB0001532","15993","C00131","C1[C@@H]([C@H](O[C@H]1N2C=NC3=C2N=CN=C3N)COP(=O)(O)OP(=O)(O)OP(=O)(O)O)O","1"
"10-formyldihydrofolate","10-Formyldihydrofolate","HMDB0006485","168809","C03204","C1C(=NC2=C(N1)NC(=NC2=O)N)CN(C=O)C3=CC=C(C=C3)C(=O)N[C@@H](CCC(=O)O)C(=O)O","1"
"PA(16:0/18:2(9Z,12Z))","PA(16:0/18:2(9Z,12Z))","HMDB0007860","9547167","C00416","CCCCCCCCCCCCCCCC(=O)OC[C@H](COP(=O)(O)O)OC(=O)CCCCCCC/C=C\C/C=C\CCCCC","1"
"LysoPE(0:0/20:5(5Z,8Z,11Z,14Z,17Z))","LysoPE(0:0/20:5(5Z,8Z,11Z,14Z,17Z))","HMDB0011489","53480938",NA,"CC/C=C\C/C=C\C/C=C\C/C=C\C/C=C\CCCC(=O)O[C@H](CO)COP(=O)(O)OCCN","1"
"LysoPE(20:5(5Z,8Z,11Z,14Z,17Z)/0:0)","LysoPE(20:5(5Z,8Z,11Z,14Z,17Z)/0:0)","HMDB0011519","52925146",NA,"CC/C=C\C/C=C\C/C=C\C/C=C\C/C=C\CCCC(=O)OC[C@H](COP(=O)(O)OCCN)O","1"
"3-Oxotetradecanoic acid","3-Oxotetradecanoic acid","HMDB0010730","454064",NA,"CCCCCCCCCCCC(=O)CC(=O)O","1"
"3D,7D,11D-Phytanic acid","3D,7D,11D-Phytanic acid","HMDB0000417","10380830",NA,"C[C@H](CCC[C@H](C)CCCC(C)C)CCC[C@@H](C)CC(=O)O","1"
"3L,7D,11D-Phytanic acid","3L,7D,11D-Phytanic acid","HMDB0000553","9972843",NA,"C[C@H](CCC[C@H](C)CCCC(C)C)CCC[C@H](C)CC(=O)O","1"
"Phytanic acid","Phytanic acid","HMDB0000801","26840","C01607","CC(C)CCCC(C)CCCC(C)CCCC(C)CC(=O)O","1"
"Arachidic acid","Arachidic acid","HMDB0002212","10467","C06425","CCCCCCCCCCCCCCCCCCCC(=O)O","1"
"O-Phosphoethanolamine","O-Phosphoethanolamine","HMDB0000224","1015","C00346","C(COP(=O)(O)O)N","1"
"PI(16:0/16:1(9Z))","PI(16:0/16:1(9Z))","HMDB0009779",NA,"C00626","[H][C@@](COC(=O)CCCCCCCCCCCCCCC)(COP(O)(=O)O[C@H]1C(O)C(O)C(O)[C@@H](O)C1O)OC(=O)CCCCCCC\C=C/CCCCCC","1"
"PI(16:1(9Z)/16:0)","PI(16:1(9Z)/16:0)","HMDB0009797",NA,"C00626","[H][C@@](COC(=O)CCCCCCC\C=C/CCCCCC)(COP(O)(=O)O[C@H]1C(O)C(O)C(O)[C@@H](O)C1O)OC(=O)CCCCCCCCCCCCCCC","1"
"Isobutyrylglycine","Isobutyrylglycine","HMDB0000730","10855600",NA,"CC(C)C(=O)NCC(=O)O","1"
"N-Butyrylglycine","N-Butyrylglycine","HMDB0000808","88412",NA,"CCCC(=O)NCC(=O)O","1"
"Allysine","Allysine","HMDB0001263","207","C04076","C(CC=O)CC(C(=O)O)N","1"
"4-Acetamidobutanoic acid","4-Acetamidobutanoic acid","HMDB0003681","18189","C02946","CC(=O)NCCCC(=O)O","1"
"(S)-5-Amino-3-oxohexanoate","(S)-5-Amino-3-oxohexanoate","HMDB0012131","440077","C03656","C[C@@H](CC(=O)CC(=O)O)N","1"
"2-Keto-6-aminocaproate","2-Keto-6-aminocaproate","HMDB0012151","439954","C03239","C(CCN)CC(=O)C(=O)O","1"
"Acetyl adenylate","Acetyl adenylate","HMDB0006880","440867","C05993","CC(=O)OP(=O)(O)OC[C@@H]1[C@H]([C@H]([C@@H](O1)N2C=NC3=C2N=CN=C3N)O)O","1"
"3-Hydroxycapric acid","3-Hydroxycapric acid","HMDB0002203","26612",NA,"CCCCCCCC(CC(=O)O)O","1"
"(R)-3-Hydroxydecanoic acid","(R)-3-Hydroxydecanoic acid","HMDB0010725","5312798",NA,"CCCCCCC[C@H](CC(=O)O)O","1"
"Glutarylglycine","Glutarylglycine","HMDB0000590","23592950",NA,"C(CC(=O)NCC(=O)O)CC(=O)O","1"
"N-Acetylglutamic acid","N-Acetylglutamic acid","HMDB0001138","185","C00624","CC(=O)NC(CCC(=O)O)C(=O)O","1"
"Citramalic acid","Citramalic acid","HMDB0000426","441696","C00815","CC(CC(=O)O)(C(=O)O)O","1"
"3-Hydroxyglutaric acid","3-Hydroxyglutaric acid","HMDB0000428","181976",NA,"C(C(CC(=O)O)O)C(=O)O","1"
"D-2-Hydroxyglutaric acid","D-2-Hydroxyglutaric acid","HMDB0000606","439391","C01087","C(CC(=O)O)[C@H](C(=O)O)O","1"
"L-2-Hydroxyglutaric acid","L-2-Hydroxyglutaric acid","HMDB0000694","439939","C03196","C(CC(=O)O)[C@@H](C(=O)O)O","1"
"Ribonolactone","Ribonolactone","HMDB0001900","111064","C02674","C([C@@H]1[C@H]([C@H](C(=O)O1)O)O)O","1"
"D-Xylono-1,5-lactone","D-Xylono-1,5-lactone","HMDB0011676","439692","C02266","C1[C@H]([C@@H]([C@H](C(=O)O1)O)O)O","1"
"Palmitic acid","Palmitic acid","HMDB0000220","985","C00249","CCCCCCCCCCCCCCCC(=O)O","1"
"Trimethyltridecanoic acid","Trimethyltridecanoic acid","HMDB0002396","151503",NA,"CC(C)CCCC(C)CCCC(C)CCC(=O)O","1"
