"Query","Match","HMDB","PubChem","KEGG","SMILES","Comment"
"Beta-Alanine","Beta-Alanine","HMDB0000056","239","C00099","C(CN)C(=O)O","1"
"L-Alanine","L-Alanine","HMDB0000161","5950","C00041","C[C@@H](C(=O)O)N","1"
"Sarcosine","Sarcosine","HMDB0000271","1088","C00213","CNCC(=O)O","1"
"D-Alanine","D-Alanine","HMDB0001310","71080","C00133","C[C@H](C(=O)O)N","1"
"Creatinine","Creatinine","HMDB0000562","588","C00791","CN1CC(=O)N=C1N","1"
"Hydroxyproline","4-Hydroxyproline","HMDB0000725","5810","C01157","C1[C@H](CN[C@@H]1C(=O)O)O","1"
"N-Acetyl-L-alanine","N-Acetyl-L-alanine","HMDB0000766","88064",NA,"C[C@@H](C(=O)O)NC(=O)C","1"
"Propionylglycine","Propionylglycine","HMDB0000783","98681",NA,"CCC(=O)NCC(=O)O","1"
"5-Aminolevulinic acid","5-Aminolevulinic acid","HMDB0001149","137","C00430","C(CC(=O)O)C(=O)CN","1"
"L-Glutamic-gamma-semialdehyde","L-Glutamic gamma-semialdehyde","HMDB0002104","193305","C01165","C(C[C@@H](C(=O)O)N)C=O","1"
"3-Hydroxy-L-proline","3-Hydroxy-L-proline","HMDB0002113","11137200","C04397","C1CN[C@H]([C@H]1O)C(=O)O","1"
"4-Hydroxy-L-proline","4-Hydroxy-L-proline","HMDB0006055","69248","C01015","C1[C@H](NCC1O)C(=O)O","1"
"5-Amino-2-oxopentanoic acid","5-Amino-2-oxopentanoic acid","HMDB0006272","439402","C01110","C(CC(=O)C(=O)O)CN","1"
"2-Hydroxyadipic acid","2-Hydroxyadipic acid","HMDB0000321","193530","C02360","C(CC(C(=O)O)O)CC(=O)O","1"
"3-Hydroxyadipic acid","3-Hydroxyadipic acid","HMDB0000345","151913",NA,"C(CC(=O)O)C(CC(=O)O)O","1"
"3-Hydroxymethylglutaric acid","3-Hydroxymethylglutaric acid","HMDB0000355","1662","C03761","CC(CC(=O)O)(CC(=O)O)O","1"
"2(R)-Hydroxyadipic acid","2(R)-Hydroxyadipic acid","HMDB0000368","9855559",NA,"C(C[C@H](C(=O)O)O)CC(=O)O","1"
"Glucosan","Levoglucosan","HMDB0000640","2724705",NA,"C1[C@@H]2[C@H]([C@@H]([C@H]([C@H](O1)O2)O)O)O","1"
"Gallic acid","Gallic acid","HMDB0005807","370","C01424","C1=C(C=C(C(=C1O)O)O)C(=O)O","1"
"D-Glucose","D-Glucose","HMDB0000122","5793","C00221","C([C@@H]1[C@H]([C@@H]([C@H](C(O1)O)O)O)O)O","1"
"D-Galactose","D-Galactose","HMDB0000143","439357","C00984","C([C@@H]1[C@@H]([C@@H]([C@H]([C@H](O1)O)O)O)O)O","1"
"D-Mannose","D-Mannose","HMDB0000169","18950","C00936","C([C@@H]1[C@H]([C@@H]([C@@H](C(O1)O)O)O)O)O","1"
"Myoinositol","myo-Inositol","HMDB0000211",NA,"C00137","O[C@H]1[C@H](O)[C@@H](O)[C@H](O)[C@H](O)[C@@H]1O","1"
"3-Deoxyarabinohexonic acid","3-Deoxyarabinohexonic acid","HMDB0000346","152990",NA,"C([C@@H]([C@@H](CO)O)O)[C@@H](C(=O)O)O","1"
"Beta-D-Glucose","Beta-D-Glucose","HMDB0000516","64689","C00221","C([C@@H]1[C@H]([C@@H]([C@H]([C@@H](O1)O)O)O)O)O","1"
"D-Fructose","D-Fructose","HMDB0000660","439709","C02336","C([C@@H]1[C@H]([C@@H]([C@](O1)(CO)O)O)O)O","1"
"Allose","Allose","HMDB0001151","12285879","C01487","C([C@H]1[C@@H]([C@@H]([C@@H](C(O1)O)O)O)O)O","1"
"L-Sorbose","L-Sorbose","HMDB0001266","441484","C08356","C1[C@@H]([C@H]([C@@H]([C@](O1)(CO)O)O)O)O","1"
"Alpha-D-Glucose","Alpha-D-Glucose","HMDB0003345","79025","C00267","C([C@@H]1[C@H]([C@@H]([C@H]([C@H](O1)O)O)O)O)O","1"
"D-Tagatose","D-Tagatose","HMDB0003418","92092","C00795","C([C@H]([C@@H]([C@@H](C(=O)CO)O)O)O)O","1"
"Beta-D-Galactose","Beta-D-Galactose","HMDB0003449","439353","C00962","C([C@@H]1[C@@H]([C@@H]([C@H]([C@@H](O1)O)O)O)O)O","1"
"Scyllitol","scyllo-Inositol","HMDB0006088","892","C06153","C1(C(C(C(C(C1O)O)O)O)O)O","1"
"L-Gulose","L-Gulose","HMDB0012326","10130220","C15923","C([C@H]1[C@H]([C@@H]([C@@H](C(O1)O)O)O)O)O","1"
"Glutarylglycine","Glutarylglycine","HMDB0000590","23592950",NA,"C(CC(=O)NCC(=O)O)CC(=O)O","1"
"N-Acetylglutamic acid","N-Acetylglutamic acid","HMDB0001138","185","C00624","CC(=O)NC(CCC(=O)O)C(=O)O","1"
"D-Glucuronic acid","D-Glucuronic acid","HMDB0000127","94715","C00191","[C@@H]1([C@@H]([C@H](O[C@@H]([C@@H]1O)O)C(=O)O)O)O","1"
"Galacturonic acid","Galacturonic acid","HMDB0002545","84740","C08348","C(=O)[C@@H]([C@H]([C@H]([C@@H](C(=O)O)O)O)O)O","1"
"Iduronic acid","Iduronic acid","HMDB0002704","18845","C06472","C(=O)[C@H]([C@@H]([C@H]([C@@H](C(=O)O)O)O)O)O","1"
"Pectic acid","Pectic acid","HMDB0003363","445929","C00470","[C@@H]1([C@H]([C@H](O[C@@H]([C@@H]1O)O)C(=O)O)O)O","1"
"Pectin","Pectin","HMDB0003402","65550","C08348","[C@@H]1([C@H]([C@H](O[C@H]([C@@H]1O)O)C(=O)O)O)O","1"
"3-Dehydro-L-gulonate","3-Dehydro-L-gulonate","HMDB0006334","439273","C00618","C([C@@H]([C@H](C(=O)[C@@H](C(=O)O)O)O)O)O","1"
"5-Keto-D-gluconate","5-Keto-D-gluconate","HMDB0011731","3838","C01062","C(C(=O)C(C(C(C(=O)O)O)O)O)O","1"
"2-Keto-L-gluconate","2-Keto-L-gluconate","HMDB0011732","50","C03342","C(C(C(C(C(=O)C(=O)O)O)O)O)O","1"
"O-Ureidohomoserine","O-Ureidohomoserine","HMDB0012271","21126175",NA,"C(CONC(=O)N)C(C(=O)O)N","1"
"Phosphocreatine","Phosphocreatine","HMDB0001511","587","C02305","CN(CC(=O)O)C(=NP(=O)(O)O)N","1"
"Topaquinone","Topaquinone","HMDB0011639","123871",NA,"C1=C(C(=CC(=O)C1=O)O)C[C@@H](C(=O)O)N","1"
"Carnosine","Carnosine","HMDB0000033","439224","C00386","C1=C(NC=N1)C[C@@H](C(=O)O)NC(=O)CCN","1"
"(6R)-6-(L-Erythro-1,2-Dihydroxypropyl)-5,6,7,8-tetrahydro-4a-hydroxypterin","(6R)-6-(L-Erythro-1,2-Dihydroxypropyl)-5,6,7,8-tetrahydro-4a-hydroxypterin","HMDB0012482","53481437","C15522","C[C@@H](C([C@@H]1CNC2=C(N1)C(=O)N=CN2)O)O","1"
"N'-Formylkynurenine","N'-Formylkynurenine","HMDB0001200","910","C02406","C1=CC=C(C(=C1)C(=O)CC(C(=O)O)N)NC=O","1"
"Palmitaldehyde","Palmitaldehyde","HMDB0001551","984","C00517","CCCCCCCCCCCCCCCC=O","1"
"Erythrohydrobupropion","Erythrohydrobupropion","HMDB0012227","445",NA,"CC(C(C1=CC(=CC=C1)Cl)O)NC(C)(C)C","1"
"Inositol cyclic phosphate","Inositol cyclic phosphate","HMDB0001125","122331","C04299","[C@@H]1([C@@H]([C@H]([C@H]2[C@@H]([C@@H]1O)OP(=O)(O2)O)O)O)O","1"
"Palmitic acid","Palmitic acid","HMDB0000220","985","C00249","CCCCCCCCCCCCCCCC(=O)O","1"
"Trimethyltridecanoic acid","Trimethyltridecanoic acid","HMDB0002396","151503",NA,"CC(C)CCCC(C)CCCC(C)CCC(=O)O","1"
"Fructose 6-phosphate","Fructose 6-phosphate","HMDB0000124","69507","C00085","C([C@H]([C@H]([C@@H](C(=O)CO)O)O)O)OP(=O)(O)O","1"
"Myo-inositol 1-phosphate","Myo-inositol 1-phosphate","HMDB0000213",NA,"C01177","O[C@H]1[C@H](O)[C@H](O)[C@H](OP(O)(O)=O)[C@@H](O)[C@@H]1O","1"
"Galactose 1-phosphate","Galactose 1-phosphate","HMDB0000645","123912","C00446","C([C@@H]1[C@@H]([C@@H]([C@H]([C@H](O1)OP(=O)(O)O)O)O)O)O","1"
"Dolichyl phosphate D-mannose","Dolichyl phosphate D-mannose","HMDB0000994","3246168","C03862","C([C@@H]1[C@H]([C@@H]([C@@H]([C@@H](O1)OP(=O)(O)O)O)O)O)O","1"
"Fructose 1-phosphate","Fructose 1-phosphate","HMDB0001076","10400369","C01094","C([C@@H]1[C@H]([C@@H]([C@](O1)(COP(=O)(O)O)O)O)O)O","1"
"Mannose 6-phosphate","Mannose 6-phosphate","HMDB0001078","439198","C00275","C([C@@H]1[C@H]([C@@H]([C@@H]([C@@H](O1)O)O)O)O)OP(=O)(O)O","1"
"D-Myo-inositol 4-phosphate","D-Myo-inositol 4-phosphate","HMDB0001313","440043","C03546","O[C@@H]1[C@H](O)[C@H](O)[C@@H](OP(O)(O)=O)[C@H](O)[C@H]1O","1"
"Glucose 6-phosphate","Glucose 6-phosphate","HMDB0001401","5958","C00092","C([C@@H]1[C@H]([C@@H]([C@H](C(O1)O)O)O)O)OP(=O)(O)O","1"
"Glucose 1-phosphate","Glucose 1-phosphate","HMDB0001586","439165","C00103","C([C@@H]1[C@H]([C@@H]([C@H](C(O1)OP(=O)(O)O)O)O)O)O","1"
"Inositol phosphate","Inositol phosphate","HMDB0002985",NA,"C01177","O[C@@H]1[C@@H](O)[C@H](O)[C@@H](OP(O)(O)=O)[C@H](O)[C@@H]1O","1"
"Beta-D-Glucose 6-phosphate","Beta-D-Glucose 6-phosphate","HMDB0003498","439427","C01172","C([C@@H]1[C@H]([C@@H]([C@H]([C@@H](O1)O)O)O)O)OP(=O)(O)O","1"
"Beta-D-Fructose 6-phosphate","Beta-D-Fructose 6-phosphate","HMDB0003971","440641","C05345","C([C@@H]1[C@H]([C@@H]([C@](O1)(CO)O)O)O)OP(=O)(O)O","1"
"D-Tagatose 1-phosphate","D-Tagatose 1-phosphate","HMDB0006328","6101730",NA,"C([C@H]([C@@H]([C@@H](C(=O)COP(=O)(O)O)O)O)O)O","1"
"D-Mannose 1-phosphate","D-Mannose 1-phosphate","HMDB0006330","644175","C00636","C([C@@H]1[C@H]([C@@H]([C@@H](C(O1)OP(=O)(O)O)O)O)O)O","1"
"Sorbose 1-phosphate","Sorbose 1-phosphate","HMDB0006797","439837","C02888","C([C@@H]([C@H]([C@@H](C(=O)COP(=O)(O)O)O)O)O)O","1"
"Beta-D-Fructose 2-phosphate","Beta-D-Fructose 2-phosphate","HMDB0006800","193537","C03267","C([C@@H]1[C@H]([C@@H]([C@](O1)(CO)OP(=O)(O)O)O)O)O","1"
"1D-myo-Inositol 3-phosphate","1D-myo-Inositol 3-phosphate","HMDB0006814","440194","C04006","[C@H]1([C@@H](C([C@H]([C@@H](C1O)O)O)OP(=O)(O)O)O)O","1"
"D-Tagatose 6-phosphate","D-Tagatose 6-phosphate","HMDB0006873","439396","C01097","C([C@@H]1[C@@H]([C@@H](C(O1)(CO)O)O)O)OP(=O)(O)O","1"
"L-beta-aspartyl-L-glutamic acid","L-beta-aspartyl-L-glutamic acid","HMDB0011164","25207301",NA,"C(CC(=O)O)C(C(=O)O)NC(=O)CC(C(=O)O)N","1"
"Stearic acid","Stearic acid","HMDB0000827","5281","C01530","CCCCCCCCCCCCCCCCCC(=O)O","1"
"2-Methoxyestrone","2-Methoxyestrone","HMDB0000010","440624","C05299","C[C@]12CC[C@H]3[C@H]([C@@H]1CCC2=O)CCC4=CC(=C(C=C34)OC)O","1"
"19-Oxoandrost-4-ene-3,17-dione","19-Oxoandrost-4-ene-3,17-dione","HMDB0006768","16399653","C05297","C[C@]12CCC3[C@H](C1CCC2=O)CCC4=CC(=O)CC[C@]34C=O","1"
"Adrenosterone","Adrenosterone","HMDB0006772","223997","C05285","C[C@]12CCC(=O)C=C1CC[C@@H]3[C@@H]2C(=O)C[C@]4([C@H]3CCC4=O)C","1"
"2-Hydroxy-3-methoxyestrone","2-Hydroxy-3-methoxyestrone","HMDB0011195","53480676",NA,"C[C@@]12CCC3C(C1CCC2=O)CCC4=CC(=C(C=C34)O)OC","1"
"N-Acetyl-D-Glucosamine 6-Phosphate","N-Acetyl-D-Glucosamine 6-Phosphate","HMDB0001062","440996","C00357","CC(=O)N[C@@H]1[C@H]([C@@H]([C@H](OC1O)COP(=O)(O)O)O)O","1"
"N-Acetyl-D-mannosamine 6-phosphate","N-Acetyl-D-mannosamine 6-phosphate","HMDB0001121","440273","C04257","CC(=O)N[C@H]1[C@H]([C@@H]([C@H](O[C@@H]1O)COP(=O)(O)O)O)O","1"
"N-Acetyl-glucosamine 1-phosphate","N-Acetyl-glucosamine 1-phosphate","HMDB0001367","7115","C04256","CC(=O)N[C@@H]1[C@H]([C@@H]([C@H](OC1OP(=O)(O)O)CO)O)O","1"
"N-Acetylglucosamine 6-phosphate","N-Acetylglucosamine 6-phosphate","HMDB0002817","439219",NA,"CC(=O)N[C@@H]1[C@H]([C@@H]([C@H](O[C@@H]1O)COP(=O)(O)O)O)O","1"
"N-Acetyl-D-galactosamine 1-phosphate","N-Acetyl-D-galactosamine 1-phosphate","HMDB0006480","22833661",NA,"CC(=O)N[C@@H]1[C@H]([C@H]([C@H](OC1OP(=O)(O)O)CO)O)O","1"
"4-oxo-Retinoic acid","4-oxo-Retinoic acid","HMDB0006285","6437063","C16678","CC1=C(C(CCC1=O)(C)C)/C=C/C(=C/C=C/C(=C/C(=O)O)/C)/C","1"
"Adrenic acid","Adrenic acid","HMDB0002226","5497181","C16527","CCCCC/C=C\C/C=C\C/C=C\C/C=C\CCCCCC(=O)O","1"
"MG(P-18:0e/0:0/0:0)","MG(P-18:0e/0:0/0:0)","HMDB0011153","11824075",NA,"CCCCCCCCCCCCCCCC/C=C\OC[C@H](CO)O","1"
"Pantetheine 4'-phosphate","Pantetheine 4'-phosphate","HMDB0001416","987","C01134","CC(C)(COP(=O)(O)O)C(C(=O)NCCC(=O)NCCS)O","1"
"Tetracosapentaenoic acid (24:5n-6)","Tetracosapentaenoic acid (24:5n-6)","HMDB0006322","14505435",NA,"CCCCC/C=C\C/C=C\C/C=C\C/C=C\C/C=C\CCCCC(=O)O","1"
"Tetracosapentaenoic acid (24:5n-3)","Tetracosapentaenoic acid (24:5n-3)","HMDB0006323","52921801",NA,"CC/C=C\C/C=C\C/C=C\C/C=C\C/C=C\CCCCCCCC(=O)O","1"
"Tetracosatetraenoic acid (24:4n-6)","Tetracosatetraenoic acid (24:4n-6)","HMDB0006246","52921800",NA,"CCCCC/C=C\C/C=C\C/C=C\C/C=C\CCCCCCCC(=O)O","1"
"Uridine triphosphate","Uridine triphosphate","HMDB0000285","6133","C00075","C1=CN(C(=O)NC1=O)[C@H]2[C@@H]([C@@H]([C@H](O2)COP(=O)(O)OP(=O)(O)OP(=O)(O)O)O)O","1"
"Adenosine triphosphate","Adenosine triphosphate","HMDB0000538","5957","C00002","C1=NC2=C(C(=N1)N)N=CN2[C@H]3[C@@H]([C@@H]([C@H](O3)COP(=O)(O)OP(=O)(O)OP(=O)(O)O)O)O","1"
"dGTP","dGTP","HMDB0001440","65103","C00286","C1[C@@H]([C@H](O[C@H]1N2C=NC3=C2NC(=NC3=O)N)COP(=O)(O)OP(=O)(O)OP(=O)(O)O)O","1"
"LysoPE(0:0/20:0)","LysoPE(0:0/20:0)","HMDB0011481","53480930",NA,"CCCCCCCCCCCCCCCCCCCC(=O)O[C@H](CO)COP(=O)(O)OCCN","1"
"LysoPE(20:0/0:0)","LysoPE(20:0/0:0)","HMDB0011511","52925131",NA,"CCCCCCCCCCCCCCCCCCCC(=O)OC[C@H](COP(=O)(O)OCCN)O","1"
"LysoPC(17:0)","LysoPC(17:0)","HMDB0012108","24779463","C04230","CCCCCCCCCCCCCCCCC(=O)OC[C@H](COP(=O)([O-])OCC[N+](C)(C)C)O","1"
"Guanosine triphosphate","Guanosine triphosphate","HMDB0001273","6830","C00044","C1=NC2=C(N1[C@H]3[C@@H]([C@@H]([C@H](O3)COP(=O)(O)OP(=O)(O)OP(=O)(O)O)O)O)NC(=NC2=O)N","1"
"8-Oxo-dGTP","8-Oxo-dGTP","HMDB0011615","53481005",NA,"C1[C@@H](C(OC1N2C3=C(C(=O)N=C(N3)N)NC2=O)COP(=O)(O)OP(=O)(O)OP(=O)(O)O)O","1"
"LysoPC(18:0)","LysoPC(18:0)","HMDB0010384","497299","C04230","CCCCCCCCCCCCCCCCCC(=O)OC[C@H](COP(=O)([O-])OCC[N+](C)(C)C)O","1"
"LysoPC(0:0/18:0)","LysoPC(0:0/18:0)","HMDB0011128","24779491",NA,"CCCCCCCCCCCCCCCCCC(=O)O[C@H](CO)COP(=O)([O-])OCC[N+](C)(C)C","1"
"LysoPE(0:0/22:4(7Z,10Z,13Z,16Z))","LysoPE(0:0/22:4(7Z,10Z,13Z,16Z))","HMDB0011493","53480942",NA,"CCCCC/C=C\C/C=C\C/C=C\C/C=C\CCCCCC(=O)O[C@H](CO)COP(=O)(O)OCCN","1"
"LysoPE(22:4(7Z,10Z,13Z,16Z)/0:0)","LysoPE(22:4(7Z,10Z,13Z,16Z)/0:0)","HMDB0011523","52925133",NA,"CCCCC/C=C\C/C=C\C/C=C\C/C=C\CCCCCC(=O)OC[C@H](COP(=O)(O)OCCN)O","1"
"LysoPC(O-18:0)","LysoPC(O-18:0)","HMDB0011149","2733532","C04317","CCCCCCCCCCCCCCCCCCOC[C@H](COP(=O)([O-])OCC[N+](C)(C)C)O","1"
"LysoPE(0:0/22:1(13Z))","LysoPE(0:0/22:1(13Z))","HMDB0011491","53480940",NA,"CCCCCCCC/C=C\CCCCCCCCCCCC(=O)O[C@H](CO)COP(=O)(O)OCCN","1"
"LysoPE(22:1(13Z)/0:0)","LysoPE(22:1(13Z)/0:0)","HMDB0011521","53480953",NA,"CCCCCCCC/C=C\CCCCCCCCCCCC(=O)OC[C@H](COP(=O)(O)OCCN)O","1"
"Cer(d18:0/16:0)","Cer(d18:0/16:0)","HMDB0011760","5283572",NA,"CCCCCCCCCCCCCCC[C@H]([C@H](CO)NC(=O)CCCCCCCCCCCCCCC)O","1"
"DG(14:0/16:0/0:0)","DG(14:0/16:0/0:0)","HMDB0007011","13734178",NA,"CCCCCCCCCCCCCCCC(=O)O[C@@H](CO)COC(=O)CCCCCCCCCCCCC","1"
"DG(15:0/15:0/0:0)","DG(15:0/15:0/0:0)","HMDB0007068","18642216",NA,"CCCCCCCCCCCCCCC(=O)OC[C@H](CO)OC(=O)CCCCCCCCCCCCCC","1"
"DG(16:0/14:0/0:0)","DG(16:0/14:0/0:0)","HMDB0007095","53478024",NA,"CCCCCCCCCCCCCCCC(=O)OC[C@H](CO)OC(=O)CCCCCCCCCCCCC","1"
"Ceramide (d18:1/9Z-18:1)","Ceramide (d18:1/9Z-18:1)","HMDB0004948","5283563","C00195","CCCCCCCCCCCCC/C=C/[C@H]([C@H](CO)NC(=O)CCCCCCC/C=C\CCCCCCCC)O","1"
"Cer(d18:1/18:1(11Z))","Cer(d18:1/18:1(11Z))","HMDB0011774","53481051",NA,"CCCCCCCCCCCCC/C=C/[C@H]([C@H](CO)NC(=O)CCCCCCCCC/C=C\CCCCCC)O","1"
"Uridine diphosphate glucose","Uridine diphosphate glucose","HMDB0000286","53477679","C00029","C1=CN(C(=O)NC1=O)[C@@H]2[C@H]([C@H]([C@@H](O2)COP(=O)(O)OP(=O)(O)OC3[C@H]([C@@H]([C@H]([C@@H](O3)CO)O)O)O)O)O","1"
"Uridine diphosphategalactose","Uridine diphosphategalactose","HMDB0000302","18068","C00052","C1=CN(C(=O)NC1=O)[C@H]2[C@@H]([C@@H]([C@H](O2)COP(=O)(O)OP(=O)(O)O[C@@H]3[C@@H]([C@H]([C@H]([C@H](O3)CO)O)O)O)O)O","1"
"DG(14:0/18:0/0:0)","DG(14:0/18:0/0:0)","HMDB0007013","53477951",NA,"CCCCCCCCCCCCCCCCCC(=O)O[C@@H](CO)COC(=O)CCCCCCCCCCCCC","1"
"DG(16:0/16:0/0:0)","DG(16:0/16:0/0:0)","HMDB0007098","644078","C00165","CCCCCCCCCCCCCCCC(=O)OC[C@H](CO)OC(=O)CCCCCCCCCCCCCCC","1"
"DG(18:0/14:0/0:0)","DG(18:0/14:0/0:0)","HMDB0007153","53478045",NA,"CCCCCCCCCCCCCCCCCC(=O)OC[C@H](CO)OC(=O)CCCCCCCCCCCCC","1"
"Uridine diphosphate glucuronic acid","Uridine diphosphate glucuronic acid","HMDB0000935","17473","C00167","C1=CN(C(=O)NC1=O)[C@H]2[C@@H]([C@@H]([C@H](O2)COP(=O)(O)OP(=O)(O)O[C@@H]3[C@@H]([C@H]([C@@H]([C@H](O3)C(=O)O)O)O)O)O)O","1"
"UDP-D-galacturonate","UDP-D-galacturonate","HMDB0012302","15592253","C00617","C1=CN(C(=O)NC1=O)[C@H]2[C@@H]([C@@H]([C@H](O2)COP(=O)(O)OP(=O)(O)O[C@@H]3[C@@H]([C@H]([C@H]([C@H](O3)C(=O)O)O)O)O)O)O","1"
"UDP-L-iduronate","UDP-L-iduronate","HMDB0012304","15592259","C02330","C1=CN(C(=O)NC1=O)[C@H]2[C@@H]([C@@H]([C@H](O2)COP(=O)(O)OP(=O)(O)O[C@@H]3[C@@H]([C@H]([C@@H]([C@@H](O3)C(=O)O)O)O)O)O)O","1"
"DG(14:0/22:5(4Z,7Z,10Z,13Z,16Z)/0:0)","DG(14:0/22:5(4Z,7Z,10Z,13Z,16Z)/0:0)","HMDB0007032","53477967",NA,"CCCCCCCCCCCCCC(=O)OC[C@H](CO)OC(=O)CC/C=C\C/C=C\C/C=C\C/C=C\C/C=C\CCCCC","1"
"DG(14:0/22:5(7Z,10Z,13Z,16Z,19Z)/0:0)","DG(14:0/22:5(7Z,10Z,13Z,16Z,19Z)/0:0)","HMDB0007033","53477968",NA,"CCCCCCCCCCCCCC(=O)OC[C@H](CO)OC(=O)CCCCC/C=C\C/C=C\C/C=C\C/C=C\C/C=C\CC","1"
"DG(14:1(9Z)/22:4(7Z,10Z,13Z,16Z)/0:0)","DG(14:1(9Z)/22:4(7Z,10Z,13Z,16Z)/0:0)","HMDB0007060","53477995",NA,"CCCCC/C=C\C/C=C\C/C=C\C/C=C\CCCCCC(=O)O[C@@H](CO)COC(=O)CCCCCCC/C=C\CCCC","1"
"DG(16:0/20:5(5Z,8Z,11Z,14Z,17Z)/0:0)","DG(16:0/20:5(5Z,8Z,11Z,14Z,17Z)/0:0)","HMDB0007114","9543744",NA,"CCCCCCCCCCCCCCCC(=O)OC[C@H](CO)OC(=O)CCC/C=C\C/C=C\C/C=C\C/C=C\C/C=C\CC","1"
"DG(16:1(9Z)/20:4(5Z,8Z,11Z,14Z)/0:0)","DG(16:1(9Z)/20:4(5Z,8Z,11Z,14Z)/0:0)","HMDB0007141","9543743","C00165","CCCCCC/C=C\CCCCCCCC(=O)OC[C@H](CO)OC(=O)CCC/C=C\C/C=C\C/C=C\C/C=C\CCCCC","1"
"DG(16:1(9Z)/20:4(8Z,11Z,14Z,17Z)/0:0)","DG(16:1(9Z)/20:4(8Z,11Z,14Z,17Z)/0:0)","HMDB0007142","53478041",NA,"CCCCCC/C=C\CCCCCCCC(=O)OC[C@H](CO)OC(=O)CCCCCC/C=C\C/C=C\C/C=C\C/C=C\CC","1"
"DG(18:1(11Z)/18:4(6Z,9Z,12Z,15Z)/0:0)","DG(18:1(11Z)/18:4(6Z,9Z,12Z,15Z)/0:0)","HMDB0007193","53478068",NA,"CCCCCC/C=C\CCCCCCCCCC(=O)OC[C@H](CO)OC(=O)CCCC/C=C\C/C=C\C/C=C\C/C=C\CC","1"
"DG(18:1(9Z)/18:4(6Z,9Z,12Z,15Z)/0:0)","DG(18:1(9Z)/18:4(6Z,9Z,12Z,15Z)/0:0)","HMDB0007222","53478092",NA,"CCCCCCCC/C=C\CCCCCCCC(=O)OC[C@H](CO)OC(=O)CCCC/C=C\C/C=C\C/C=C\C/C=C\CC","1"
"DG(18:2(9Z,12Z)/18:3(6Z,9Z,12Z)/0:0)","DG(18:2(9Z,12Z)/18:3(6Z,9Z,12Z)/0:0)","HMDB0007249","14275409",NA,"CCCCC/C=C\C/C=C\CCCCCCCC(=O)OC[C@H](CO)OC(=O)CCCC/C=C\C/C=C\C/C=C\CCCCC","1"
"DG(18:2(9Z,12Z)/18:3(9Z,12Z,15Z)/0:0)","DG(18:2(9Z,12Z)/18:3(9Z,12Z,15Z)/0:0)","HMDB0007250","9543737",NA,"CCCCC/C=C\C/C=C\CCCCCCCC(=O)OC[C@H](CO)OC(=O)CCCCCCC/C=C\C/C=C\C/C=C\CC","1"
"DG(18:3(6Z,9Z,12Z)/18:2(9Z,12Z)/0:0)","DG(18:3(6Z,9Z,12Z)/18:2(9Z,12Z)/0:0)","HMDB0007277","53478120",NA,"CCCCC/C=C\C/C=C\CCCCCCCC(=O)O[C@@H](CO)COC(=O)CCCC/C=C\C/C=C\C/C=C\CCCCC","1"
"DG(18:3(9Z,12Z,15Z)/18:2(9Z,12Z)/0:0)","DG(18:3(9Z,12Z,15Z)/18:2(9Z,12Z)/0:0)","HMDB0007306","53478148",NA,"CCCCC/C=C\C/C=C\CCCCCCCC(=O)O[C@@H](CO)COC(=O)CCCCCCC/C=C\C/C=C\C/C=C\CC","1"
"DG(18:4(6Z,9Z,12Z,15Z)/18:1(11Z)/0:0)","DG(18:4(6Z,9Z,12Z,15Z)/18:1(11Z)/0:0)","HMDB0007333","53478162",NA,"CCCCCC/C=C\CCCCCCCCCC(=O)O[C@@H](CO)COC(=O)CCCC/C=C\C/C=C\C/C=C\C/C=C\CC","1"
"DG(18:4(6Z,9Z,12Z,15Z)/18:1(9Z)/0:0)","DG(18:4(6Z,9Z,12Z,15Z)/18:1(9Z)/0:0)","HMDB0007334","53478163",NA,"CCCCCCCC/C=C\CCCCCCCC(=O)O[C@@H](CO)COC(=O)CCCC/C=C\C/C=C\C/C=C\C/C=C\CC","1"
"DG(20:4(5Z,8Z,11Z,14Z)/16:1(9Z)/0:0)","DG(20:4(5Z,8Z,11Z,14Z)/16:1(9Z)/0:0)","HMDB0007505","53478291",NA,"CCCCCC/C=C\CCCCCCCC(=O)O[C@@H](CO)COC(=O)CCC/C=C\C/C=C\C/C=C\C/C=C\CCCCC","1"
"DG(20:4(8Z,11Z,14Z,17Z)/16:1(9Z)/0:0)","DG(20:4(8Z,11Z,14Z,17Z)/16:1(9Z)/0:0)","HMDB0007534","53478312",NA,"CCCCCC/C=C\CCCCCCCC(=O)O[C@@H](CO)COC(=O)CCCCCC/C=C\C/C=C\C/C=C\C/C=C\CC","1"
"DG(20:5(5Z,8Z,11Z,14Z,17Z)/16:0/0:0)","DG(20:5(5Z,8Z,11Z,14Z,17Z)/16:0/0:0)","HMDB0007562","53478340",NA,"CCCCCCCCCCCCCCCC(=O)O[C@@H](CO)COC(=O)CCC/C=C\C/C=C\C/C=C\C/C=C\C/C=C\CC","1"
"DG(22:4(7Z,10Z,13Z,16Z)/14:1(9Z)/0:0)","DG(22:4(7Z,10Z,13Z,16Z)/14:1(9Z)/0:0)","HMDB0007676","53478432",NA,"CCCCC/C=C\C/C=C\C/C=C\C/C=C\CCCCCC(=O)OC[C@H](CO)OC(=O)CCCCCCC/C=C\CCCC","1"
"DG(22:5(4Z,7Z,10Z,13Z,16Z)/14:0/0:0)","DG(22:5(4Z,7Z,10Z,13Z,16Z)/14:0/0:0)","HMDB0007704","53478457",NA,"CCCCCCCCCCCCCC(=O)O[C@@H](CO)COC(=O)CC/C=C\C/C=C\C/C=C\C/C=C\C/C=C\CCCCC","1"
"DG(22:5(7Z,10Z,13Z,16Z,19Z)/14:0/0:0)","DG(22:5(7Z,10Z,13Z,16Z,19Z)/14:0/0:0)","HMDB0007733","53478486",NA,"CCCCCCCCCCCCCC(=O)O[C@@H](CO)COC(=O)CCCCC/C=C\C/C=C\C/C=C\C/C=C\C/C=C\CC","1"
"CerP(d18:0/16:0)","CerP(d18:0/16:0)","HMDB0010698","5283582",NA,"CCCCCCCCCCCCCCC[C@H]([C@H](COP(=O)(O)O)NC(=O)CCCCCCCCCCCCCCC)O","1"
"DG(15:0/20:1(11Z)/0:0)","DG(15:0/20:1(11Z)/0:0)","HMDB0007079","53478008",NA,"CCCCCCCCCCCCCCC(=O)OC[C@H](CO)OC(=O)CCCCCCCCC/C=C\CCCCCCCC","1"
"DG(20:1(11Z)/15:0/0:0)","DG(20:1(11Z)/15:0/0:0)","HMDB0007387","53478203",NA,"CCCCCCCCCCCCCCC(=O)O[C@@H](CO)COC(=O)CCCCCCCCC/C=C\CCCCCCCC","1"
"CE(16:1(9Z))","CE(16:1(9Z))","HMDB0000658","22833543","C02530","CCCCCC/C=C\CCCCCCCC(=O)OC1CC[C@@]2(C3CC[C@@]4([C@H](CCC4C3CC=C2C1)[C@H](C)CCCC(C)C)C)C","1"
"PE(14:1(9Z)/P-16:0)","PE(14:1(9Z)/P-16:0)","HMDB0008883","53479571","C00350","CCCCCCCCCCCCCC/C=C\O[C@H](COC(=O)CCCCCCC/C=C\CCCC)COP(=O)(O)OCCN","1"
"PE(P-16:0/14:1(9Z))","PE(P-16:0/14:1(9Z))","HMDB0011336","52925043",NA,"CCCCCCCCCCCCCC/C=C\OC[C@H](COP(=O)(O)OCCN)OC(=O)CCCCCCC/C=C\CCCC","1"
"Phosphatidylinositol-3,4,5-trisphosphate","Phosphatidylinositol-3,4,5-trisphosphate","HMDB0004249",NA,"C05981","CC(=O)OC(COP(O)(=O)O[C@@H]1[C@H](O)[C@H](OP(O)(O)=O)[C@@H](OP(O)(O)=O)[C@H](OP(O)(O)=O)[C@H]1O)OC(C)=O","1"
"PA(16:0/18:2(9Z,12Z))","PA(16:0/18:2(9Z,12Z))","HMDB0007860","9547167","C00416","CCCCCCCCCCCCCCCC(=O)OC[C@H](COP(=O)(O)O)OC(=O)CCCCCCC/C=C\C/C=C\CCCCC","1"
"PA(16:0/18:1(11Z))","PA(16:0/18:1(11Z))","HMDB0007858","9547158","C00416","CCCCCCCCCCCCCCCC(=O)OC[C@H](COP(=O)(O)O)OC(=O)CCCCCCCCC/C=C\CCCCCC","1"
"PA(16:0/18:1(9Z))","PA(16:0/18:1(9Z))","HMDB0007859","5283523","C00416","CCCCCCCCCCCCCCCC(=O)OC[C@H](COP(=O)(O)O)OC(=O)CCCCCCC/C=C\CCCCCCCC","1"
"DG(18:4(6Z,9Z,12Z,15Z)/22:6(4Z,7Z,10Z,13Z,16Z,19Z)/0:0)","DG(18:4(6Z,9Z,12Z,15Z)/22:6(4Z,7Z,10Z,13Z,16Z,19Z)/0:0)","HMDB0007353","53478182",NA,"CC/C=C\C/C=C\C/C=C\C/C=C\CCCCC(=O)OC[C@H](CO)OC(=O)CC/C=C\C/C=C\C/C=C\C/C=C\C/C=C\C/C=C\CC","1"
"DG(20:5(5Z,8Z,11Z,14Z,17Z)/20:5(5Z,8Z,11Z,14Z,17Z)/0:0)","DG(20:5(5Z,8Z,11Z,14Z,17Z)/20:5(5Z,8Z,11Z,14Z,17Z)/0:0)","HMDB0007578","9543891",NA,"CC/C=C\C/C=C\C/C=C\C/C=C\C/C=C\CCCC(=O)OC[C@H](CO)OC(=O)CCC/C=C\C/C=C\C/C=C\C/C=C\C/C=C\CC","1"
"DG(22:6(4Z,7Z,10Z,13Z,16Z,19Z)/18:4(6Z,9Z,12Z,15Z)/0:0)","DG(22:6(4Z,7Z,10Z,13Z,16Z,19Z)/18:4(6Z,9Z,12Z,15Z)/0:0)","HMDB0007773","53478524",NA,"CC/C=C\C/C=C\C/C=C\C/C=C\CCCCC(=O)O[C@@H](CO)COC(=O)CC/C=C\C/C=C\C/C=C\C/C=C\C/C=C\C/C=C\CC","1"
"DG(18:0/22:4(7Z,10Z,13Z,16Z)/0:0)","DG(18:0/22:4(7Z,10Z,13Z,16Z)/0:0)","HMDB0007176","9543859",NA,"CCCCCCCCCCCCCCCCCC(=O)OC[C@H](CO)OC(=O)CCCCC/C=C\C/C=C\C/C=C\C/C=C\CCCCC","1"
"DG(18:1(11Z)/20:3(5Z,8Z,11Z)/0:0)","DG(18:1(11Z)/20:3(5Z,8Z,11Z)/0:0)","HMDB0007197","53478072",NA,"CCCCCCCCCC/C=C\C/C=C\C/C=C\CCCC(=O)O[C@@H](CO)COC(=O)CCCCCCCCC/C=C\CCCCCC","1"
"DG(18:2(9Z,12Z)/22:2(13Z,16Z)/0:0)","DG(18:2(9Z,12Z)/22:2(13Z,16Z)/0:0)","HMDB0007262","9543868",NA,"CCCCC/C=C\C/C=C\CCCCCCCCCCCC(=O)O[C@@H](CO)COC(=O)CCCCCCC/C=C\C/C=C\CCCCC","1"
"DG(18:3(6Z,9Z,12Z)/22:1(13Z)/0:0)","DG(18:3(6Z,9Z,12Z)/22:1(13Z)/0:0)","HMDB0007290","53478132",NA,"CCCCCCCC/C=C\CCCCCCCCCCCC(=O)O[C@@H](CO)COC(=O)CCCC/C=C\C/C=C\C/C=C\CCCCC","1"
"DG(18:3(9Z,12Z,15Z)/22:1(13Z)/0:0)","DG(18:3(9Z,12Z,15Z)/22:1(13Z)/0:0)","HMDB0007319","9543856",NA,"CCCCCCCC/C=C\CCCCCCCCCCCC(=O)O[C@@H](CO)COC(=O)CCCCCCC/C=C\C/C=C\C/C=C\CC","1"
"DG(18:4(6Z,9Z,12Z,15Z)/22:0/0:0)","DG(18:4(6Z,9Z,12Z,15Z)/22:0/0:0)","HMDB0007347","53478176",NA,"CCCCCCCCCCCCCCCCCCCCCC(=O)O[C@@H](CO)COC(=O)CCCC/C=C\C/C=C\C/C=C\C/C=C\CC","1"
"DG(20:0/20:4(5Z,8Z,11Z,14Z)/0:0)","DG(20:0/20:4(5Z,8Z,11Z,14Z)/0:0)","HMDB0007373","9543830","C00165","CCCCCCCCCCCCCCCCCCCC(=O)OC[C@H](CO)OC(=O)CCC/C=C\C/C=C\C/C=C\C/C=C\CCCCC","1"
"DG(20:0/20:4(8Z,11Z,14Z,17Z)/0:0)","DG(20:0/20:4(8Z,11Z,14Z,17Z)/0:0)","HMDB0007374","53478197",NA,"CCCCCCCCCCCCCCCCCCCC(=O)OC[C@H](CO)OC(=O)CCCCCC/C=C\C/C=C\C/C=C\C/C=C\CC","1"
"DG(20:1(11Z)/20:3(5Z,8Z,11Z)/0:0)","DG(20:1(11Z)/20:3(5Z,8Z,11Z)/0:0)","HMDB0007400","53478214",NA,"CCCCCCCC/C=C\CCCCCCCCCC(=O)OC[C@H](CO)OC(=O)CCC/C=C\C/C=C\C/C=C\CCCCCCCC","1"
"DG(20:1(11Z)/20:3(8Z,11Z,14Z)/0:0)","DG(20:1(11Z)/20:3(8Z,11Z,14Z)/0:0)","HMDB0007401","9543829",NA,"CCCCCCCC/C=C\CCCCCCCCCC(=O)OC[C@H](CO)OC(=O)CCCCCC/C=C\C/C=C\C/C=C\CCCCC","1"
"DG(20:2(11Z,14Z)/20:2(11Z,14Z)/0:0)","DG(20:2(11Z,14Z)/20:2(11Z,14Z)/0:0)","HMDB0007428","9543828",NA,"CCCCC/C=C\C/C=C\CCCCCCCCCC(=O)OC[C@H](CO)OC(=O)CCCCCCCCC/C=C\C/C=C\CCCCC","1"
"DG(20:3(5Z,8Z,11Z)/20:1(11Z)/0:0)","DG(20:3(5Z,8Z,11Z)/20:1(11Z)/0:0)","HMDB0007456","53478251",NA,"CCCCCCCC/C=C\CCCCCCCCCC(=O)O[C@@H](CO)COC(=O)CCC/C=C\C/C=C\C/C=C\CCCCCCCC","1"
"DG(20:3(8Z,11Z,14Z)/20:1(11Z)/0:0)","DG(20:3(8Z,11Z,14Z)/20:1(11Z)/0:0)","HMDB0007485","53478280",NA,"CCCCCCCC/C=C\CCCCCCCCCC(=O)O[C@@H](CO)COC(=O)CCCCCC/C=C\C/C=C\C/C=C\CCCCC","1"
"DG(20:4(5Z,8Z,11Z,14Z)/20:0/0:0)","DG(20:4(5Z,8Z,11Z,14Z)/20:0/0:0)","HMDB0007513","53478299",NA,"CCCCCCCCCCCCCCCCCCCC(=O)O[C@@H](CO)COC(=O)CCC/C=C\C/C=C\C/C=C\C/C=C\CCCCC","1"
"DG(20:4(8Z,11Z,14Z,17Z)/20:0/0:0)","DG(20:4(8Z,11Z,14Z,17Z)/20:0/0:0)","HMDB0007542","53478320",NA,"CCCCCCCCCCCCCCCCCCCC(=O)O[C@@H](CO)COC(=O)CCCCCC/C=C\C/C=C\C/C=C\C/C=C\CC","1"
"DG(22:0/18:4(6Z,9Z,12Z,15Z)/0:0)","DG(22:0/18:4(6Z,9Z,12Z,15Z)/0:0)","HMDB0007599","53478370",NA,"CCCCCCCCCCCCCCCCCCCCCC(=O)OC[C@H](CO)OC(=O)CCCC/C=C\C/C=C\C/C=C\C/C=C\CC","1"
"DG(22:1(13Z)/18:3(6Z,9Z,12Z)/0:0)","DG(22:1(13Z)/18:3(6Z,9Z,12Z)/0:0)","HMDB0007626","53478391",NA,"CCCCCCCC/C=C\CCCCCCCCCCCC(=O)OC[C@H](CO)OC(=O)CCCC/C=C\C/C=C\C/C=C\CCCCC","1"
"DG(22:1(13Z)/18:3(9Z,12Z,15Z)/0:0)","DG(22:1(13Z)/18:3(9Z,12Z,15Z)/0:0)","HMDB0007627","53478392",NA,"CCCCCCCC/C=C\CCCCCCCCCCCC(=O)OC[C@H](CO)OC(=O)CCCCCCC/C=C\C/C=C\C/C=C\CC","1"
"DG(22:2(13Z,16Z)/18:2(9Z,12Z)/0:0)","DG(22:2(13Z,16Z)/18:2(9Z,12Z)/0:0)","HMDB0007654","53478414",NA,"CCCCC/C=C\C/C=C\CCCCCCCCCCCC(=O)OC[C@H](CO)OC(=O)CCCCCCC/C=C\C/C=C\CCCCC","1"
"DG(22:4(7Z,10Z,13Z,16Z)/18:0/0:0)","DG(22:4(7Z,10Z,13Z,16Z)/18:0/0:0)","HMDB0007680","53478436",NA,"CCCCCCCCCCCCCCCCCC(=O)O[C@@H](CO)COC(=O)CCCCC/C=C\C/C=C\C/C=C\C/C=C\CCCCC","1"
"PE(18:3(6Z,9Z,12Z)/P-18:1(11Z))","PE(18:3(6Z,9Z,12Z)/P-18:1(11Z))","HMDB0009149","53479683","C00350","CCCCCC/C=C\CCCCCCCC/C=C\O[C@H](COC(=O)CCCC/C=C\C/C=C\C/C=C\CCCCC)COP(=O)(O)OCCN","1"
"PE(18:3(6Z,9Z,12Z)/P-18:1(9Z))","PE(18:3(6Z,9Z,12Z)/P-18:1(9Z))","HMDB0009150","53479684","C00350","CCCCCCCC/C=C\CCCCCC/C=C\O[C@H](COC(=O)CCCC/C=C\C/C=C\C/C=C\CCCCC)COP(=O)(O)OCCN","1"
"PE(18:3(9Z,12Z,15Z)/P-18:1(11Z))","PE(18:3(9Z,12Z,15Z)/P-18:1(11Z))","HMDB0009182","53479695","C00350","CCCCCC/C=C\CCCCCCCC/C=C\O[C@H](COC(=O)CCCCCCC/C=C\C/C=C\C/C=C\CC)COP(=O)(O)OCCN","1"
"PE(18:3(9Z,12Z,15Z)/P-18:1(9Z))","PE(18:3(9Z,12Z,15Z)/P-18:1(9Z))","HMDB0009183","53479696","C00350","CCCCCCCC/C=C\CCCCCC/C=C\O[C@H](COC(=O)CCCCCCC/C=C\C/C=C\C/C=C\CC)COP(=O)(O)OCCN","1"
"PE(18:4(6Z,9Z,12Z,15Z)/P-18:0)","PE(18:4(6Z,9Z,12Z,15Z)/P-18:0)","HMDB0009214","53479706","C00350","CCCCCCCCCCCCCCCC/C=C\O[C@H](COC(=O)CCCC/C=C\C/C=C\C/C=C\C/C=C\CC)COP(=O)(O)OCCN","1"
"PE(20:4(5Z,8Z,11Z,14Z)/P-16:0)","PE(20:4(5Z,8Z,11Z,14Z)/P-16:0)","HMDB0009411","53479795","C00350","CCCCCCCCCCCCCC/C=C\O[C@H](COC(=O)CCC/C=C\C/C=C\C/C=C\C/C=C\CCCCC)COP(=O)(O)OCCN","1"
"PE(20:4(8Z,11Z,14Z,17Z)/P-16:0)","PE(20:4(8Z,11Z,14Z,17Z)/P-16:0)","HMDB0009444","53479828","C00350","CCCCCCCCCCCCCC/C=C\O[C@H](COC(=O)CCCCCC/C=C\C/C=C\C/C=C\C/C=C\CC)COP(=O)(O)OCCN","1"
"PE(P-16:0/20:4(5Z,8Z,11Z,14Z))","PE(P-16:0/20:4(5Z,8Z,11Z,14Z))","HMDB0011352","52925126",NA,"CCCCCCCCCCCCCC/C=C\OC[C@H](COP(=O)(O)OCCN)OC(=O)CCC/C=C\C/C=C\C/C=C\C/C=C\CCCCC","1"
"PE(P-16:0/20:4(8Z,11Z,14Z,17Z))","PE(P-16:0/20:4(8Z,11Z,14Z,17Z))","HMDB0011353","53480847",NA,"CCCCCCCCCCCCCC/C=C\OC[C@H](COP(=O)(O)OCCN)OC(=O)CCCCCC/C=C\C/C=C\C/C=C\C/C=C\CC","1"
"PE(P-18:0/18:4(6Z,9Z,12Z,15Z))","PE(P-18:0/18:4(6Z,9Z,12Z,15Z))","HMDB0011379","52925082",NA,"CCCCCCCCCCCCCCCC/C=C\OC[C@H](COP(=O)(O)OCCN)OC(=O)CCCC/C=C\C/C=C\C/C=C\C/C=C\CC","1"
"PE(P-18:1(11Z)/18:3(6Z,9Z,12Z))","PE(P-18:1(11Z)/18:3(6Z,9Z,12Z))","HMDB0011410","53480870",NA,"CCCCCC/C=C\CCCCCCCC/C=C\OC[C@H](COP(=O)(O)OCCN)OC(=O)CCCC/C=C\C/C=C\C/C=C\CCCCC","1"
"PE(P-18:1(11Z)/18:3(9Z,12Z,15Z))","PE(P-18:1(11Z)/18:3(9Z,12Z,15Z))","HMDB0011411","53480871",NA,"CCCCCC/C=C\CCCCCCCC/C=C\OC[C@H](COP(=O)(O)OCCN)OC(=O)CCCCCCC/C=C\C/C=C\C/C=C\CC","1"
"PE(P-18:1(9Z)/18:3(6Z,9Z,12Z))","PE(P-18:1(9Z)/18:3(6Z,9Z,12Z))","HMDB0011443","53480899",NA,"CCCCCCCC/C=C\CCCCCC/C=C\OC[C@H](COP(=O)(O)OCCN)OC(=O)CCCC/C=C\C/C=C\C/C=C\CCCCC","1"
"PE(P-18:1(9Z)/18:3(9Z,12Z,15Z))","PE(P-18:1(9Z)/18:3(9Z,12Z,15Z))","HMDB0011444","53480900",NA,"CCCCCCCC/C=C\CCCCCC/C=C\OC[C@H](COP(=O)(O)OCCN)OC(=O)CCCCCCC/C=C\C/C=C\C/C=C\CC","1"
"PS(14:0/18:2(9Z,12Z))","PS(14:0/18:2(9Z,12Z))","HMDB0012336","52926034",NA,"CCCCCCCCCCCCCC(=O)OC[C@H](COP(=O)(O)OC[C@@H](C(=O)O)N)OC(=O)CCCCCCC/C=C\C/C=C\CCCCC","1"
"PS(14:1(9Z)/18:1(9Z))","PS(14:1(9Z)/18:1(9Z))","HMDB0012346","52925230",NA,"CCCCCCCC/C=C\CCCCCCCC(=O)O[C@H](COC(=O)CCCCCCC/C=C\CCCC)COP(=O)(O)OC[C@@H](C(=O)O)N","1"
"PS(16:1(9Z)/16:1(9Z))","PS(16:1(9Z)/16:1(9Z))","HMDB0012366","52926071",NA,"CCCCCC/C=C\CCCCCCCC(=O)OC[C@H](COP(=O)(O)OC[C@@H](C(=O)O)N)OC(=O)CCCCCCC/C=C\CCCCCC","1"
"PS(18:1(9Z)/14:1(9Z))","PS(18:1(9Z)/14:1(9Z))","HMDB0012386","52925434",NA,"CCCCCCCC/C=C\CCCCCCCC(=O)OC[C@H](COP(=O)(O)OC[C@@H](C(=O)O)N)OC(=O)CCCCCCC/C=C\CCCC","1"
"PS(18:2(9Z,12Z)/14:0)","PS(18:2(9Z,12Z)/14:0)","HMDB0012396","52925452",NA,"CCCCCCCCCCCCCC(=O)O[C@H](COC(=O)CCCCCCC/C=C\C/C=C\CCCCC)COP(=O)(O)OC[C@@H](C(=O)O)N","1"
"PE(14:0/22:5(4Z,7Z,10Z,13Z,16Z))","PE(14:0/22:5(4Z,7Z,10Z,13Z,16Z))","HMDB0008845","53479555","C00350","CCCCCCCCCCCCCC(=O)OC[C@H](COP(=O)(O)OCCN)OC(=O)CC/C=C\C/C=C\C/C=C\C/C=C\C/C=C\CCCCC","1"
"PE(14:0/22:5(7Z,10Z,13Z,16Z,19Z))","PE(14:0/22:5(7Z,10Z,13Z,16Z,19Z))","HMDB0008846","53479556","C00350","CCCCCCCCCCCCCC(=O)OC[C@H](COP(=O)(O)OCCN)OC(=O)CCCCC/C=C\C/C=C\C/C=C\C/C=C\C/C=C\CC","1"
"PE(14:1(9Z)/22:4(7Z,10Z,13Z,16Z))","PE(14:1(9Z)/22:4(7Z,10Z,13Z,16Z))","HMDB0008877","52924155","C00350","CCCCC/C=C\C/C=C\C/C=C\C/C=C\CCCCCC(=O)O[C@H](COC(=O)CCCCCCC/C=C\CCCC)COP(=O)(O)OCCN","1"
"PE(16:0/20:5(5Z,8Z,11Z,14Z,17Z))","PE(16:0/20:5(5Z,8Z,11Z,14Z,17Z))","HMDB0008939","52924919","C00350","CCCCCCCCCCCCCCCC(=O)OC[C@H](COP(=O)(O)OCCN)OC(=O)CCC/C=C\C/C=C\C/C=C\C/C=C\C/C=C\CC","1"
"PE(16:1(9Z)/20:4(5Z,8Z,11Z,14Z))","PE(16:1(9Z)/20:4(5Z,8Z,11Z,14Z))","HMDB0008970","52924915","C00350","CCCCCC/C=C\CCCCCCCC(=O)OC[C@H](COP(=O)(O)OCCN)OC(=O)CCC/C=C\C/C=C\C/C=C\C/C=C\CCCCC","1"
"PE(16:1(9Z)/20:4(8Z,11Z,14Z,17Z))","PE(16:1(9Z)/20:4(8Z,11Z,14Z,17Z))","HMDB0008971","53479599","C00350","CCCCCC/C=C\CCCCCCCC(=O)OC[C@H](COP(=O)(O)OCCN)OC(=O)CCCCCC/C=C\C/C=C\C/C=C\C/C=C\CC","1"
"PE(18:1(11Z)/18:4(6Z,9Z,12Z,15Z))","PE(18:1(11Z)/18:4(6Z,9Z,12Z,15Z))","HMDB0009030","53479629","C00350","CCCCCC/C=C\CCCCCCCCCC(=O)OC[C@H](COP(=O)(O)OCCN)OC(=O)CCCC/C=C\C/C=C\C/C=C\C/C=C\CC","1"
"PE(18:1(9Z)/18:4(6Z,9Z,12Z,15Z))","PE(18:1(9Z)/18:4(6Z,9Z,12Z,15Z))","HMDB0009063","52924345","C00350","CCCCCCCC/C=C\CCCCCCCC(=O)OC[C@H](COP(=O)(O)OCCN)OC(=O)CCCC/C=C\C/C=C\C/C=C\C/C=C\CC","1"
"PE(18:2(9Z,12Z)/18:3(6Z,9Z,12Z))","PE(18:2(9Z,12Z)/18:3(6Z,9Z,12Z))","HMDB0009094","52924365","C00350","CCCCC/C=C\C/C=C\CCCCCCCC(=O)OC[C@H](COP(=O)(O)OCCN)OC(=O)CCCC/C=C\C/C=C\C/C=C\CCCCC","1"
"PE(18:2(9Z,12Z)/18:3(9Z,12Z,15Z))","PE(18:2(9Z,12Z)/18:3(9Z,12Z,15Z))","HMDB0009095","52924366","C00350","CCCCC/C=C\C/C=C\CCCCCCCC(=O)OC[C@H](COP(=O)(O)OCCN)OC(=O)CCCCCCC/C=C\C/C=C\C/C=C\CC","1"
"PE(18:3(6Z,9Z,12Z)/18:2(9Z,12Z))","PE(18:3(6Z,9Z,12Z)/18:2(9Z,12Z))","HMDB0009126","52924393","C00350","CCCCC/C=C\C/C=C\CCCCCCCC(=O)O[C@H](COC(=O)CCCC/C=C\C/C=C\C/C=C\CCCCC)COP(=O)(O)OCCN","1"
"PE(18:3(9Z,12Z,15Z)/18:2(9Z,12Z))","PE(18:3(9Z,12Z,15Z)/18:2(9Z,12Z))","HMDB0009159","52924422","C00350","CCCCC/C=C\C/C=C\CCCCCCCC(=O)O[C@H](COC(=O)CCCCCCC/C=C\C/C=C\C/C=C\CC)COP(=O)(O)OCCN","1"
"PE(18:4(6Z,9Z,12Z,15Z)/18:1(11Z))","PE(18:4(6Z,9Z,12Z,15Z)/18:1(11Z))","HMDB0009190","53479697","C00350","CCCCCC/C=C\CCCCCCCCCC(=O)O[C@H](COC(=O)CCCC/C=C\C/C=C\C/C=C\C/C=C\CC)COP(=O)(O)OCCN","1"
"PE(18:4(6Z,9Z,12Z,15Z)/18:1(9Z))","PE(18:4(6Z,9Z,12Z,15Z)/18:1(9Z))","HMDB0009191","52924451","C00350","CCCCCCCC/C=C\CCCCCCCC(=O)O[C@H](COC(=O)CCCC/C=C\C/C=C\C/C=C\C/C=C\CC)COP(=O)(O)OCCN","1"
"PE(20:4(5Z,8Z,11Z,14Z)/16:1(9Z))","PE(20:4(5Z,8Z,11Z,14Z)/16:1(9Z))","HMDB0009386","52924640","C00350","CCCCCC/C=C\CCCCCCCC(=O)O[C@H](COC(=O)CCC/C=C\C/C=C\C/C=C\C/C=C\CCCCC)COP(=O)(O)OCCN","1"
"PE(20:4(8Z,11Z,14Z,17Z)/16:1(9Z))","PE(20:4(8Z,11Z,14Z,17Z)/16:1(9Z))","HMDB0009419","53479803","C00350","CCCCCC/C=C\CCCCCCCC(=O)O[C@H](COC(=O)CCCCCC/C=C\C/C=C\C/C=C\C/C=C\CC)COP(=O)(O)OCCN","1"
"PE(20:5(5Z,8Z,11Z,14Z,17Z)/16:0)","PE(20:5(5Z,8Z,11Z,14Z,17Z)/16:0)","HMDB0009451","52924669","C00350","CCCCCCCCCCCCCCCC(=O)O[C@H](COC(=O)CCC/C=C\C/C=C\C/C=C\C/C=C\C/C=C\CC)COP(=O)(O)OCCN","1"
"PE(22:4(7Z,10Z,13Z,16Z)/14:1(9Z))","PE(22:4(7Z,10Z,13Z,16Z)/14:1(9Z))","HMDB0009581","52924806","C00350","CCCCC/C=C\C/C=C\C/C=C\C/C=C\CCCCCC(=O)OC[C@H](COP(=O)(O)OCCN)OC(=O)CCCCCCC/C=C\CCCC","1"
"PE(22:5(4Z,7Z,10Z,13Z,16Z)/14:0)","PE(22:5(4Z,7Z,10Z,13Z,16Z)/14:0)","HMDB0009613","53479909","C00350","CCCCCCCCCCCCCC(=O)O[C@H](COC(=O)CC/C=C\C/C=C\C/C=C\C/C=C\C/C=C\CCCCC)COP(=O)(O)OCCN","1"
"PE(22:5(7Z,10Z,13Z,16Z,19Z)/14:0)","PE(22:5(7Z,10Z,13Z,16Z,19Z)/14:0)","HMDB0009646","53479942","C00350","CCCCCCCCCCCCCC(=O)O[C@H](COC(=O)CCCCC/C=C\C/C=C\C/C=C\C/C=C\C/C=C\CC)COP(=O)(O)OCCN","1"
"PG(16:1(9Z)/16:1(9Z))","PG(16:1(9Z)/16:1(9Z))","HMDB0010586","52927230",NA,"CCCCCC/C=C\CCCCCCCC(=O)OC[C@H](COP(=O)(O)OC[C@H](CO)O)OC(=O)CCCCCCC/C=C\CCCCCC","1"
"PG(16:0/18:0)","PG(16:0/18:0)","HMDB0010572","449008",NA,"CCCCCCCCCCCCCCCCCC(=O)O[C@H](COC(=O)CCCCCCCCCCCCCCC)COP(=O)(O)OC[C@H](CO)O","1"
"PG(18:0/16:0)","PG(18:0/16:0)","HMDB0010600","52927153",NA,"CCCCCCCCCCCCCCCCCC(=O)OC[C@H](COP(=O)(O)OC[C@H](CO)O)OC(=O)CCCCCCCCCCCCCCC","1"
"PC(18:4(6Z,9Z,12Z,15Z)/P-18:1(11Z))","PC(18:4(6Z,9Z,12Z,15Z)/P-18:1(11Z))","HMDB0008260","53478875","C00157","CCCCCC/C=C\CCCCCCCC/C=C\OC(COC(=O)CCCC/C=C\C/C=C\C/C=C\C/C=C\CC)COP(=O)([O-])OCC[N+](C)(C)C","1"
"PC(18:4(6Z,9Z,12Z,15Z)/P-18:1(9Z))","PC(18:4(6Z,9Z,12Z,15Z)/P-18:1(9Z))","HMDB0008261","53478877","C00157","CCCCCCCC/C=C\CCCCCC/C=C\OC(COC(=O)CCCC/C=C\C/C=C\C/C=C\C/C=C\CC)COP(=O)([O-])OCC[N+](C)(C)C","1"
"PC(20:5(5Z,8Z,11Z,14Z,17Z)/P-16:0)","PC(20:5(5Z,8Z,11Z,14Z,17Z)/P-16:0)","HMDB0008521","53479139","C00157","CCCCCCCCCCCCCC/C=C\OC(COC(=O)CCC/C=C\C/C=C\C/C=C\C/C=C\C/C=C\CC)COP(=O)([O-])OCC[N+](C)(C)C","1"
"PC(P-16:0/20:5(5Z,8Z,11Z,14Z,17Z))","PC(P-16:0/20:5(5Z,8Z,11Z,14Z,17Z))","HMDB0011222","52923910",NA,"CCCCCCCCCCCCCC/C=C\OC[C@H](COP(=O)([O-])OCC[N+](C)(C)C)OC(=O)CCC/C=C\C/C=C\C/C=C\C/C=C\C/C=C\CC","1"
"PC(P-18:1(11Z)/18:4(6Z,9Z,12Z,15Z))","PC(P-18:1(11Z)/18:4(6Z,9Z,12Z,15Z))","HMDB0011280","53480751",NA,"CCCCCC/C=C\CCCCCCCC/C=C\OC[C@H](COP(=O)([O-])OCC[N+](C)(C)C)OC(=O)CCCC/C=C\C/C=C\C/C=C\C/C=C\CC","1"
"PC(P-18:1(9Z)/18:4(6Z,9Z,12Z,15Z))","PC(P-18:1(9Z)/18:4(6Z,9Z,12Z,15Z))","HMDB0011313","53480809",NA,"CCCCCCCC/C=C\CCCCCC/C=C\OC[C@H](COP(=O)([O-])OCC[N+](C)(C)C)OC(=O)CCCC/C=C\C/C=C\C/C=C\C/C=C\CC","1"
"Glucosylceramide (d18:1/22:0)","Glucosylceramide (d18:1/22:0)","HMDB0004974","6321359","C01190","CCCCCCCCCCCCCCCCCCCCCC(=O)N[C@@H](CO[C@H]1[C@@H]([C@H]([C@@H]([C@H](O1)CO)O)O)O)[C@@H](/C=C/CCCCCCCCCCCCC)O","1"
"Galactosylceramide (d18:1/22:0)","Galactosylceramide (d18:1/22:0)","HMDB0010711","53480655","C02686","CCCCCCCCCCCCCCCCCCCCCC(=O)NC(CO[C@H]1[C@@H]([C@H]([C@H]([C@H](O1)CO)O)O)O)C(/C=C\CCCCCCCCCCCCC)O","1"
"PE(22:6(4Z,7Z,10Z,13Z,16Z,19Z)/P-18:1(11Z))","PE(22:6(4Z,7Z,10Z,13Z,16Z,19Z)/P-18:1(11Z))","HMDB0009710","53479985","C00350","CCCCCC/C=C\CCCCCCCC/C=C\O[C@H](COC(=O)CC/C=C\C/C=C\C/C=C\C/C=C\C/C=C\C/C=C\CC)COP(=O)(O)OCCN","1"
"PE(22:6(4Z,7Z,10Z,13Z,16Z,19Z)/P-18:1(9Z))","PE(22:6(4Z,7Z,10Z,13Z,16Z,19Z)/P-18:1(9Z))","HMDB0009711","53479986","C00350","CCCCCCCC/C=C\CCCCCC/C=C\O[C@H](COC(=O)CC/C=C\C/C=C\C/C=C\C/C=C\C/C=C\C/C=C\CC)COP(=O)(O)OCCN","1"
"PE(P-18:1(11Z)/22:6(4Z,7Z,10Z,13Z,16Z,19Z))","PE(P-18:1(11Z)/22:6(4Z,7Z,10Z,13Z,16Z,19Z))","HMDB0011427","53480887",NA,"CCCCCC/C=C\CCCCCCCC/C=C\OC[C@H](COP(=O)(O)OCCN)OC(=O)CC/C=C\C/C=C\C/C=C\C/C=C\C/C=C\C/C=C\CC","1"
"PE(P-18:1(9Z)/22:6(4Z,7Z,10Z,13Z,16Z,19Z))","PE(P-18:1(9Z)/22:6(4Z,7Z,10Z,13Z,16Z,19Z))","HMDB0011460","52925039",NA,"CCCCCCCC/C=C\CCCCCC/C=C\OC[C@H](COP(=O)(O)OCCN)OC(=O)CC/C=C\C/C=C\C/C=C\C/C=C\C/C=C\C/C=C\CC","1"
"PG(18:0/18:0)","PG(18:0/18:0)","HMDB0010602","24779552",NA,"CCCCCCCCCCCCCCCCCC(=O)OC[C@H](COP(=O)(O)OC[C@H](CO)O)OC(=O)CCCCCCCCCCCCCCCCC","1"
"CerP(d18:1/26:1(17Z))","CerP(d18:1/26:1(17Z))","HMDB0010707","16061332",NA,"CCCCCCCCCCCCCCC/C=C/[C@H]([C@H](COP(=O)(O)O)NC(=O)CCCCCCCCCCCCCCC/C=C\CCCCCCCC)O","1"
"PC(16:0/22:5(4Z,7Z,10Z,13Z,16Z))","PC(16:0/22:5(4Z,7Z,10Z,13Z,16Z))","HMDB0007989","24778735","C00157","CCCCCCCCCCCCCCCC(=O)OC[C@H](COP(=O)([O-])OCC[N+](C)(C)C)OC(=O)CC/C=C\C/C=C\C/C=C\C/C=C\C/C=C\CCCCC","1"
"PC(16:0/22:5(7Z,10Z,13Z,16Z,19Z))","PC(16:0/22:5(7Z,10Z,13Z,16Z,19Z))","HMDB0007990","24778737","C00157","CCCCCCCCCCCCCCCC(=O)OC[C@H](COP(=O)([O-])OCC[N+](C)(C)C)OC(=O)CCCCC/C=C\C/C=C\C/C=C\C/C=C\C/C=C\CC","1"
"PC(16:1(9Z)/22:4(7Z,10Z,13Z,16Z))","PC(16:1(9Z)/22:4(7Z,10Z,13Z,16Z))","HMDB0008021","52922475","C00157","CCCCCC/C=C\CCCCCCCC(=O)OC[C@H](COP(=O)([O-])OCC[N+](C)(C)C)OC(=O)CCCCC/C=C\C/C=C\C/C=C\C/C=C\CCCCC","1"
"PC(18:0/20:5(5Z,8Z,11Z,14Z,17Z))","PC(18:0/20:5(5Z,8Z,11Z,14Z,17Z))","HMDB0008050","24778860","C00157","CCCCCCCCCCCCCCCCCC(=O)OC[C@H](COP(=O)([O-])OCC[N+](C)(C)C)OC(=O)CCC/C=C\C/C=C\C/C=C\C/C=C\C/C=C\CC","1"
"PC(18:1(11Z)/20:4(5Z,8Z,11Z,14Z))","PC(18:1(11Z)/20:4(5Z,8Z,11Z,14Z))","HMDB0008081","53478741","C00157","CCCCCC/C=C\CCCCCCCCCC(=O)OC[C@H](COP(=O)([O-])OCC[N+](C)(C)C)OC(=O)CCC/C=C\C/C=C\C/C=C\C/C=C\CCCCC","1"
"PC(18:1(11Z)/20:4(8Z,11Z,14Z,17Z))","PC(18:1(11Z)/20:4(8Z,11Z,14Z,17Z))","HMDB0008082","53478743","C00157","CCCCCC/C=C\CCCCCCCCCC(=O)OC[C@H](COP(=O)([O-])OCC[N+](C)(C)C)OC(=O)CCCCCC/C=C\C/C=C\C/C=C\C/C=C\CC","1"
"PC(18:1(9Z)/20:4(5Z,8Z,11Z,14Z))","PC(18:1(9Z)/20:4(5Z,8Z,11Z,14Z))","HMDB0008114","24778948","C00157","CCCCCCCC/C=C\CCCCCCCC(=O)OC[C@H](COP(=O)([O-])OCC[N+](C)(C)C)OC(=O)CCC/C=C\C/C=C\C/C=C\C/C=C\CCCCC","1"
"PC(18:1(9Z)/20:4(8Z,11Z,14Z,17Z))","PC(18:1(9Z)/20:4(8Z,11Z,14Z,17Z))","HMDB0008115","53478767","C00157","CCCCCCCC/C=C\CCCCCCCC(=O)OC[C@H](COP(=O)([O-])OCC[N+](C)(C)C)OC(=O)CCCCCC/C=C\C/C=C\C/C=C\C/C=C\CC","1"
"PC(18:2(9Z,12Z)/20:3(5Z,8Z,11Z))","PC(18:2(9Z,12Z)/20:3(5Z,8Z,11Z))","HMDB0008139","53478787","C00157","CCCCCCCC/C=C\C/C=C\C/C=C\CCCC(=O)O[C@H](COC(=O)CCCCCCC/C=C\C/C=C\CCCCC)COP(=O)([O-])OCC[N+](C)(C)C","1"
"PC(18:2(9Z,12Z)/20:3(8Z,11Z,14Z))","PC(18:2(9Z,12Z)/20:3(8Z,11Z,14Z))","HMDB0008146","52922745","C00157","CCCCC/C=C\C/C=C\CCCCCCCC(=O)OC[C@H](COP(=O)([O-])OCC[N+](C)(C)C)OC(=O)CCCCCC/C=C\C/C=C\C/C=C\CCCCC","1"
"PC(18:3(6Z,9Z,12Z)/20:2(11Z,14Z))","PC(18:3(6Z,9Z,12Z)/20:2(11Z,14Z))","HMDB0008177","52922801","C00157","CCCCC/C=C\C/C=C\CCCCCCCCCC(=O)O[C@H](COC(=O)CCCC/C=C\C/C=C\C/C=C\CCCCC)COP(=O)([O-])OCC[N+](C)(C)C","1"
"PC(18:3(9Z,12Z,15Z)/20:2(11Z,14Z))","PC(18:3(9Z,12Z,15Z)/20:2(11Z,14Z))","HMDB0008210","52922859","C00157","CCCCC/C=C\C/C=C\CCCCCCCCCC(=O)O[C@H](COC(=O)CCCCCCC/C=C\C/C=C\C/C=C\CC)COP(=O)([O-])OCC[N+](C)(C)C","1"
"PC(18:4(6Z,9Z,12Z,15Z)/20:1(11Z))","PC(18:4(6Z,9Z,12Z,15Z)/20:1(11Z))","HMDB0008242","52922919","C00157","CCCCCCCC/C=C\CCCCCCCCCC(=O)O[C@H](COC(=O)CCCC/C=C\C/C=C\C/C=C\C/C=C\CC)COP(=O)([O-])OCC[N+](C)(C)C","1"
"PC(20:1(11Z)/18:4(6Z,9Z,12Z,15Z))","PC(20:1(11Z)/18:4(6Z,9Z,12Z,15Z))","HMDB0008306","52923121","C00157","CCCCCCCC/C=C\CCCCCCCCCC(=O)OC[C@H](COP(=O)([O-])OCC[N+](C)(C)C)OC(=O)CCCC/C=C\C/C=C\C/C=C\C/C=C\CC","1"
"PC(20:2(11Z,14Z)/18:3(6Z,9Z,12Z))","PC(20:2(11Z,14Z)/18:3(6Z,9Z,12Z))","HMDB0008337","52923177","C00157","CCCCC/C=C\C/C=C\CCCCCCCCCC(=O)OC[C@H](COP(=O)([O-])OCC[N+](C)(C)C)OC(=O)CCCC/C=C\C/C=C\C/C=C\CCCCC","1"
"PC(20:2(11Z,14Z)/18:3(9Z,12Z,15Z))","PC(20:2(11Z,14Z)/18:3(9Z,12Z,15Z))","HMDB0008338","52923179","C00157","CCCCC/C=C\C/C=C\CCCCCCCCCC(=O)OC[C@H](COP(=O)([O-])OCC[N+](C)(C)C)OC(=O)CCCCCCC/C=C\C/C=C\C/C=C\CC","1"
"PC(20:3(5Z,8Z,11Z)/18:2(9Z,12Z))","PC(20:3(5Z,8Z,11Z)/18:2(9Z,12Z))","HMDB0008369","53478959","C00157","CCCCCCCC/C=C\C/C=C\C/C=C\CCCC(=O)OC[C@H](COP(=O)([O-])OCC[N+](C)(C)C)OC(=O)CCCCCCC/C=C\C/C=C\CCCCC","1"
"PC(20:3(8Z,11Z,14Z)/18:2(9Z,12Z))","PC(20:3(8Z,11Z,14Z)/18:2(9Z,12Z))","HMDB0008402","52923235","C00157","CCCCC/C=C\C/C=C\CCCCCCCC(=O)O[C@H](COC(=O)CCCCCC/C=C\C/C=C\C/C=C\CCCCC)COP(=O)([O-])OCC[N+](C)(C)C","1"
"PC(20:4(5Z,8Z,11Z,14Z)/18:1(11Z))","PC(20:4(5Z,8Z,11Z,14Z)/18:1(11Z))","HMDB0008432","53479033","C00157","CCCCCC/C=C\CCCCCCCCCC(=O)O[C@H](COC(=O)CCC/C=C\C/C=C\C/C=C\C/C=C\CCCCC)COP(=O)([O-])OCC[N+](C)(C)C","1"
"PC(20:4(5Z,8Z,11Z,14Z)/18:1(9Z))","PC(20:4(5Z,8Z,11Z,14Z)/18:1(9Z))","HMDB0008433","52923293","C00157","CCCCCCCC/C=C\CCCCCCCC(=O)O[C@H](COC(=O)CCC/C=C\C/C=C\C/C=C\C/C=C\CCCCC)COP(=O)([O-])OCC[N+](C)(C)C","1"
"PC(20:4(8Z,11Z,14Z,17Z)/18:1(11Z))","PC(20:4(8Z,11Z,14Z,17Z)/18:1(11Z))","HMDB0008465","53479069","C00157","CCCCCC/C=C\CCCCCCCCCC(=O)O[C@H](COC(=O)CCCCCC/C=C\C/C=C\C/C=C\C/C=C\CC)COP(=O)([O-])OCC[N+](C)(C)C","1"
"PC(20:4(8Z,11Z,14Z,17Z)/18:1(9Z))","PC(20:4(8Z,11Z,14Z,17Z)/18:1(9Z))","HMDB0008466","53479071","C00157","CCCCCCCC/C=C\CCCCCCCC(=O)O[C@H](COC(=O)CCCCCC/C=C\C/C=C\C/C=C\C/C=C\CC)COP(=O)([O-])OCC[N+](C)(C)C","1"
"PC(20:5(5Z,8Z,11Z,14Z,17Z)/18:0)","PC(20:5(5Z,8Z,11Z,14Z,17Z)/18:0)","HMDB0008497","52923351","C00157","CCCCCCCCCCCCCCCCCC(=O)O[C@H](COC(=O)CCC/C=C\C/C=C\C/C=C\C/C=C\C/C=C\CC)COP(=O)([O-])OCC[N+](C)(C)C","1"
"PC(22:4(7Z,10Z,13Z,16Z)/16:1(9Z))","PC(22:4(7Z,10Z,13Z,16Z)/16:1(9Z))","HMDB0008627","52923623","C00157","CCCCCC/C=C\CCCCCCCC(=O)O[C@H](COC(=O)CCCCC/C=C\C/C=C\C/C=C\C/C=C\CCCCC)COP(=O)([O-])OCC[N+](C)(C)C","1"
"PC(22:5(4Z,7Z,10Z,13Z,16Z)/16:0)","PC(22:5(4Z,7Z,10Z,13Z,16Z)/16:0)","HMDB0008659","53479281","C00157","CCCCCCCCCCCCCCCC(=O)O[C@H](COC(=O)CC/C=C\C/C=C\C/C=C\C/C=C\C/C=C\CCCCC)COP(=O)([O-])OCC[N+](C)(C)C","1"
"PC(22:5(7Z,10Z,13Z,16Z,19Z)/16:0)","PC(22:5(7Z,10Z,13Z,16Z,19Z)/16:0)","HMDB0008692","53479347","C00157","CCCCCCCCCCCCCCCC(=O)O[C@H](COC(=O)CCCCC/C=C\C/C=C\C/C=C\C/C=C\C/C=C\CC)COP(=O)([O-])OCC[N+](C)(C)C","1"
"Acetyl-CoA","Acetyl-CoA","HMDB0001206","444493","C00024","CC(=O)SCCNC(=O)CCNC(=O)[C@@H](C(C)(C)COP(=O)(O)OP(=O)(O)OC[C@@H]1[C@H]([C@H]([C@@H](O1)N2C=NC3=C2N=CN=C3N)O)OP(=O)(O)O)O","1"
"PC(20:5(5Z,8Z,11Z,14Z,17Z)/P-18:1(11Z))","PC(20:5(5Z,8Z,11Z,14Z,17Z)/P-18:1(11Z))","HMDB0008523","53479143","C00157","CCCCCC/C=C\CCCCCCCC/C=C\OC(COC(=O)CCC/C=C\C/C=C\C/C=C\C/C=C\C/C=C\CC)COP(=O)([O-])OCC[N+](C)(C)C","1"
"PC(20:5(5Z,8Z,11Z,14Z,17Z)/P-18:1(9Z))","PC(20:5(5Z,8Z,11Z,14Z,17Z)/P-18:1(9Z))","HMDB0008524","53479145","C00157","CCCCCCCC/C=C\CCCCCC/C=C\OC(COC(=O)CCC/C=C\C/C=C\C/C=C\C/C=C\C/C=C\CC)COP(=O)([O-])OCC[N+](C)(C)C","1"
"PC(22:6(4Z,7Z,10Z,13Z,16Z,19Z)/P-16:0)","PC(22:6(4Z,7Z,10Z,13Z,16Z,19Z)/P-16:0)","HMDB0008751","53479423","C00157","CCCCCCCCCCCCCC/C=C\OC(COC(=O)CC/C=C\C/C=C\C/C=C\C/C=C\C/C=C\C/C=C\CC)COP(=O)([O-])OCC[N+](C)(C)C","1"
"PC(P-16:0/22:6(4Z,7Z,10Z,13Z,16Z,19Z))","PC(P-16:0/22:6(4Z,7Z,10Z,13Z,16Z,19Z))","HMDB0011229","53480699",NA,"CCCCCCCCCCCCCC/C=C\OCC(COP(=O)([O-])OCC[N+](C)(C)C)OC(=O)CC/C=C\C/C=C\C/C=C\C/C=C\C/C=C\C/C=C\CC","1"
"PC(P-18:1(11Z)/20:5(5Z,8Z,11Z,14Z,17Z))","PC(P-18:1(11Z)/20:5(5Z,8Z,11Z,14Z,17Z))","HMDB0011288","53480767",NA,"CCCCCC/C=C\CCCCCCCC/C=C\OC[C@H](COP(=O)([O-])OCC[N+](C)(C)C)OC(=O)CCC/C=C\C/C=C\C/C=C\C/C=C\C/C=C\CC","1"
"PC(P-18:1(9Z)/20:5(5Z,8Z,11Z,14Z,17Z))","PC(P-18:1(9Z)/20:5(5Z,8Z,11Z,14Z,17Z))","HMDB0011321","53480825",NA,"CCCCCCCC/C=C\CCCCCC/C=C\OCC(COP(=O)([O-])OCC[N+](C)(C)C)OC(=O)CCC/C=C\C/C=C\C/C=C\C/C=C\C/C=C\CC","1"
"Glucosylceramide","Glucosylceramide","HMDB0000140","53477677","C01190","CCCCCCCCCCCCCCCCCCCCCCCC(=O)N[C@@H](CO[C@H]1[C@@H]([C@H](C([C@H](O1)CO)O)O)O)[C@@H](/C=C/CCCCCCCCCCCCC)O","1"
"Glucosylceramide (d18:1/24:0)","Glucosylceramide (d18:1/24:0)","HMDB0004978","6321361",NA,"CCCCCCCCCCCCCCCCCCCCCCCC(=O)N[C@@H](CO[C@H]1C(C([C@@H]([C@H](O1)CO)O)O)O)[C@@H](/C=C/CCCCCCCCCCCCC)O","1"
"Glucosylceramide (d18:1/26:1(17Z))","Glucosylceramide (d18:1/26:1(17Z))","HMDB0004976","20057358","C01190","CCCCCCCCCCCCC/C=C/[C@H]([C@H](CO[C@H]1[C@@H]([C@H]([C@@H]([C@H](O1)CO)O)O)O)NC(=O)CCCCCCCCCCCCCCC/C=C\CCCCCCCC)O","1"
"Galactosylceramide (d18:1/26:1(17Z))","Galactosylceramide (d18:1/26:1(17Z))","HMDB0010713","53480657","C02686","CCCCCCCCCCCCC/C=C\C(C(CO[C@H]1[C@@H]([C@H]([C@H]([C@H](O1)CO)O)O)O)NC(=O)CCCCCCCCCCCCCCC/C=C\CCCCCCCC)O","1"
"PI(16:0/20:4(5Z,8Z,11Z,14Z))","PI(16:0/20:4(5Z,8Z,11Z,14Z))","HMDB0009789",NA,"C00626","[H][C@@](COC(=O)CCCCCCCCCCCCCCC)(COP(O)(=O)O[C@H]1C(O)C(O)C(O)[C@@H](O)C1O)OC(=O)CCC\C=C/C\C=C/C\C=C/C\C=C/CCCCC","1"
"PI(16:0/20:4(8Z,11Z,14Z,17Z))","PI(16:0/20:4(8Z,11Z,14Z,17Z))","HMDB0009790",NA,"C00626","[H][C@@](COC(=O)CCCCCCCCCCCCCCC)(COP(O)(=O)O[C@H]1C(O)C(O)C(O)[C@@H](O)C1O)OC(=O)CCCCCC\C=C/C\C=C/C\C=C/C\C=C/CC","1"
"PI(18:1(11Z)/18:3(6Z,9Z,12Z))","PI(18:1(11Z)/18:3(6Z,9Z,12Z))","HMDB0009827",NA,"C00626","[H][C@@](COC(=O)CCCCCCCCC\C=C/CCCCCC)(COP(O)(=O)O[C@H]1C(O)C(O)C(O)[C@@H](O)C1O)OC(=O)CCCC\C=C/C\C=C/C\C=C/CCCCC","1"
"PI(18:1(11Z)/18:3(9Z,12Z,15Z))","PI(18:1(11Z)/18:3(9Z,12Z,15Z))","HMDB0009828",NA,"C00626","[H][C@@](COC(=O)CCCCCCCCC\C=C/CCCCCC)(COP(O)(=O)O[C@H]1C(O)C(O)C(O)[C@@H](O)C1O)OC(=O)CCCCCCC\C=C/C\C=C/C\C=C/CC","1"
"PI(18:1(9Z)/18:3(6Z,9Z,12Z))","PI(18:1(9Z)/18:3(6Z,9Z,12Z))","HMDB0009839",NA,"C00626","[H][C@@](COC(=O)CCCCCCC\C=C/CCCCCCCC)(COP(O)(=O)O[C@H]1C(O)C(O)C(O)[C@@H](O)C1O)OC(=O)CCCC\C=C/C\C=C/C\C=C/CCCCC","1"
"PI(18:1(9Z)/18:3(9Z,12Z,15Z))","PI(18:1(9Z)/18:3(9Z,12Z,15Z))","HMDB0009840",NA,"C00626","[H][C@@](COC(=O)CCCCCCC\C=C/CCCCCCCC)(COP(O)(=O)O[C@H]1C(O)C(O)C(O)[C@@H](O)C1O)OC(=O)CCCCCCC\C=C/C\C=C/C\C=C/CC","1"
"PI(18:2(9Z,12Z)/18:2(9Z,12Z))","PI(18:2(9Z,12Z)/18:2(9Z,12Z))","HMDB0009850",NA,"C00626","[H][C@@](COC(=O)CCCCCCC\C=C/C\C=C/CCCCC)(COP(O)(=O)O[C@H]1C(O)C(O)C(O)[C@@H](O)C1O)OC(=O)CCCCCCC\C=C/C\C=C/CCCCC","1"
"PI(18:3(6Z,9Z,12Z)/18:1(11Z))","PI(18:3(6Z,9Z,12Z)/18:1(11Z))","HMDB0009859",NA,"C00626","[H][C@@](COC(=O)CCCC\C=C/C\C=C/C\C=C/CCCCC)(COP(O)(=O)O[C@H]1C(O)C(O)C(O)[C@@H](O)C1O)OC(=O)CCCCCCCCC\C=C/CCCCCC","1"
"PI(18:3(6Z,9Z,12Z)/18:1(9Z))","PI(18:3(6Z,9Z,12Z)/18:1(9Z))","HMDB0009860",NA,"C00626","[H]\C(CCCCCCCC)=C(/[H])CCCCCCCC(=O)O[C@]([H])(COC(=O)CCCC\C([H])=C(\[H])C\C([H])=C(\[H])C\C([H])=C(\[H])CCCCC)COP(O)(=O)O[C@@]1([H])C([H])(O)C([H])(O)C([H])(O)[C@@]([H])(O)C1([H])O","1"
"PI(18:3(9Z,12Z,15Z)/18:1(11Z))","PI(18:3(9Z,12Z,15Z)/18:1(11Z))","HMDB0009863",NA,"C00626","[H][C@@](COC(=O)CCCCCCC\C=C/C\C=C/C\C=C/CC)(COP(O)(=O)O[C@H]1C(O)C(O)C(O)[C@@H](O)C1O)OC(=O)CCCCCCCCC\C=C/CCCCCC","1"
"PI(18:3(9Z,12Z,15Z)/18:1(9Z))","PI(18:3(9Z,12Z,15Z)/18:1(9Z))","HMDB0009864",NA,"C00626","[H][C@@](COC(=O)CCCCCCC\C=C/C\C=C/C\C=C/CC)(COP(O)(=O)O[C@H]1C(O)C(O)C(O)[C@@H](O)C1O)OC(=O)CCCCCCC\C=C/CCCCCCCC","1"
"PI(20:4(5Z,8Z,11Z,14Z)/16:0)","PI(20:4(5Z,8Z,11Z,14Z)/16:0)","HMDB0009893",NA,"C00626","[H][C@@](COC(=O)CCC\C=C/C\C=C/C\C=C/C\C=C/CCCCC)(COP(O)(=O)O[C@H]1C(O)C(O)C(O)[C@@H](O)C1O)OC(=O)CCCCCCCCCCCCCCC","1"
"PI(20:4(8Z,11Z,14Z,17Z)/16:0)","PI(20:4(8Z,11Z,14Z,17Z)/16:0)","HMDB0009899",NA,"C00626","[H][C@@](COC(=O)CCCCCC\C=C/C\C=C/C\C=C/C\C=C/CC)(COP(O)(=O)O[C@H]1C(O)C(O)C(O)[C@@H](O)C1O)OC(=O)CCCCCCCCCCCCCCC","1"
"PE(22:4(7Z,10Z,13Z,16Z)/22:6(4Z,7Z,10Z,13Z,16Z,19Z))","PE(22:4(7Z,10Z,13Z,16Z)/22:6(4Z,7Z,10Z,13Z,16Z,19Z))","HMDB0009605","52923868","C00350","CCCCC/C=C\C/C=C\C/C=C\C/C=C\CCCCCC(=O)OC[C@H](COP(=O)(O)OCCN)OC(=O)CC/C=C\C/C=C\C/C=C\C/C=C\C/C=C\C/C=C\CC","1"
"PE(22:5(4Z,7Z,10Z,13Z,16Z)/22:5(4Z,7Z,10Z,13Z,16Z))","PE(22:5(4Z,7Z,10Z,13Z,16Z)/22:5(4Z,7Z,10Z,13Z,16Z))","HMDB0009637","53479933","C00350","CCCCC/C=C\C/C=C\C/C=C\C/C=C\C/C=C\CCC(=O)OC[C@H](COP(=O)(O)OCCN)OC(=O)CC/C=C\C/C=C\C/C=C\C/C=C\C/C=C\CCCCC","1"
"PE(22:5(4Z,7Z,10Z,13Z,16Z)/22:5(7Z,10Z,13Z,16Z,19Z))","PE(22:5(4Z,7Z,10Z,13Z,16Z)/22:5(7Z,10Z,13Z,16Z,19Z))","HMDB0009638","53479934","C00350","CCCCC/C=C\C/C=C\C/C=C\C/C=C\C/C=C\CCC(=O)OC[C@H](COP(=O)(O)OCCN)OC(=O)CCCCC/C=C\C/C=C\C/C=C\C/C=C\C/C=C\CC","1"
"PE(22:5(7Z,10Z,13Z,16Z,19Z)/22:5(4Z,7Z,10Z,13Z,16Z))","PE(22:5(7Z,10Z,13Z,16Z,19Z)/22:5(4Z,7Z,10Z,13Z,16Z))","HMDB0009670","53479966","C00350","CCCCC/C=C\C/C=C\C/C=C\C/C=C\C/C=C\CCC(=O)O[C@H](COC(=O)CCCCC/C=C\C/C=C\C/C=C\C/C=C\C/C=C\CC)COP(=O)(O)OCCN","1"
"PE(22:5(7Z,10Z,13Z,16Z,19Z)/22:5(7Z,10Z,13Z,16Z,19Z))","PE(22:5(7Z,10Z,13Z,16Z,19Z)/22:5(7Z,10Z,13Z,16Z,19Z))","HMDB0009671","53479967","C00350","CC/C=C\C/C=C\C/C=C\C/C=C\C/C=C\CCCCCC(=O)OC[C@H](COP(=O)(O)OCCN)OC(=O)CCCCC/C=C\C/C=C\C/C=C\C/C=C\C/C=C\CC","1"
"PE(22:6(4Z,7Z,10Z,13Z,16Z,19Z)/22:4(7Z,10Z,13Z,16Z))","PE(22:6(4Z,7Z,10Z,13Z,16Z,19Z)/22:4(7Z,10Z,13Z,16Z))","HMDB0009702","52924861","C00350","CCCCC/C=C\C/C=C\C/C=C\C/C=C\CCCCCC(=O)O[C@H](COC(=O)CC/C=C\C/C=C\C/C=C\C/C=C\C/C=C\C/C=C\CC)COP(=O)(O)OCCN","1"
"Galabiosylceramide (d18:1/16:0)","Galabiosylceramide (d18:1/16:0)","HMDB0004833","20057274","C06126","CCCCCCCCCCCCCCCC(=O)NC(CO[C@H]1[C@@H]([C@H]([C@H]([C@H](O1)CO)O[C@@H]2[C@@H]([C@H]([C@H]([C@H](O2)CO)O)O)O)O)O)C(/C=C\CCCCCCCCCCCCC)O","1"
"Lactosylceramide (d18:1/16:0)","Lactosylceramide (d18:1/16:0)","HMDB0006750","53477895","C01290","CCCCCCCCCCCCCCCC(=O)N[C@@H](CO[C@H]1[C@@H]([C@H]([C@@H]([C@H](O1)CO)O[C@H]2[C@@H]([C@H]([C@H]([C@H](O2)CO)O)O)O)O)O)[C@@H](/C=C/CCCCCCCCCCCCC)O","1"
"PC(20:0/22:6(4Z,7Z,10Z,13Z,16Z,19Z))","PC(20:0/22:6(4Z,7Z,10Z,13Z,16Z,19Z))","HMDB0008288","24779053","C00157","CCCCCCCCCCCCCCCCCCCC(=O)OC[C@H](COP(=O)([O-])OCC[N+](C)(C)C)OC(=O)CC/C=C\C/C=C\C/C=C\C/C=C\C/C=C\C/C=C\CC","1"
"PC(20:1(11Z)/22:5(4Z,7Z,10Z,13Z,16Z))","PC(20:1(11Z)/22:5(4Z,7Z,10Z,13Z,16Z))","HMDB0008319","53478903","C00157","CCCCCCCC/C=C\CCCCCCCCCC(=O)OC[C@H](COP(=O)([O-])OCC[N+](C)(C)C)OC(=O)CC/C=C\C/C=C\C/C=C\C/C=C\C/C=C\CCCCC","1"
"PC(20:1(11Z)/22:5(7Z,10Z,13Z,16Z,19Z))","PC(20:1(11Z)/22:5(7Z,10Z,13Z,16Z,19Z))","HMDB0008320","53478905","C00157","CCCCCCCC/C=C\CCCCCCCCCC(=O)OC[C@H](COP(=O)([O-])OCC[N+](C)(C)C)OC(=O)CCCCC/C=C\C/C=C\C/C=C\C/C=C\C/C=C\CC","1"
"PC(20:2(11Z,14Z)/22:4(7Z,10Z,13Z,16Z))","PC(20:2(11Z,14Z)/22:4(7Z,10Z,13Z,16Z))","HMDB0008351","52923207","C00157","CCCCC/C=C\C/C=C\CCCCCCCCCC(=O)OC[C@H](COP(=O)([O-])OCC[N+](C)(C)C)OC(=O)CCCCC/C=C\C/C=C\C/C=C\C/C=C\CCCCC","1"
"PC(20:4(5Z,8Z,11Z,14Z)/22:2(13Z,16Z))","PC(20:4(5Z,8Z,11Z,14Z)/22:2(13Z,16Z))","HMDB0008448","52923323","C00157","CCCCC/C=C\C/C=C\CCCCCCCCCCCC(=O)O[C@H](COC(=O)CCC/C=C\C/C=C\C/C=C\C/C=C\CCCCC)COP(=O)([O-])OCC[N+](C)(C)C","1"
"PC(20:4(8Z,11Z,14Z,17Z)/22:2(13Z,16Z))","PC(20:4(8Z,11Z,14Z,17Z)/22:2(13Z,16Z))","HMDB0008481","53479101","C00157","CCCCC/C=C\C/C=C\CCCCCCCCCCCC(=O)O[C@H](COC(=O)CCCCCC/C=C\C/C=C\C/C=C\C/C=C\CC)COP(=O)([O-])OCC[N+](C)(C)C","1"
"PC(20:5(5Z,8Z,11Z,14Z,17Z)/22:1(13Z))","PC(20:5(5Z,8Z,11Z,14Z,17Z)/22:1(13Z))","HMDB0008513","53479131","C00157","CCCCCCCC/C=C\CCCCCCCCCCCC(=O)O[C@H](COC(=O)CCC/C=C\C/C=C\C/C=C\C/C=C\C/C=C\CC)COP(=O)([O-])OCC[N+](C)(C)C","1"
"PC(22:1(13Z)/20:5(5Z,8Z,11Z,14Z,17Z))","PC(22:1(13Z)/20:5(5Z,8Z,11Z,14Z,17Z))","HMDB0008576","53479201","C00157","CCCCCCCC/C=C\CCCCCCCCCCCC(=O)OC[C@H](COP(=O)([O-])OCC[N+](C)(C)C)OC(=O)CCC/C=C\C/C=C\C/C=C\C/C=C\C/C=C\CC","1"
"PC(22:2(13Z,16Z)/20:4(5Z,8Z,11Z,14Z))","PC(22:2(13Z,16Z)/20:4(5Z,8Z,11Z,14Z))","HMDB0008607","52923593","C00157","CCCCC/C=C\C/C=C\CCCCCCCCCCCC(=O)OC[C@H](COP(=O)([O-])OCC[N+](C)(C)C)OC(=O)CCC/C=C\C/C=C\C/C=C\C/C=C\CCCCC","1"
"PC(22:2(13Z,16Z)/20:4(8Z,11Z,14Z,17Z))","PC(22:2(13Z,16Z)/20:4(8Z,11Z,14Z,17Z))","HMDB0008608","53479231","C00157","CCCCC/C=C\C/C=C\CCCCCCCCCCCC(=O)OC[C@H](COP(=O)([O-])OCC[N+](C)(C)C)OC(=O)CCCCCC/C=C\C/C=C\C/C=C\C/C=C\CC","1"
"PC(22:4(7Z,10Z,13Z,16Z)/20:2(11Z,14Z))","PC(22:4(7Z,10Z,13Z,16Z)/20:2(11Z,14Z))","HMDB0008637","52923651","C00157","CCCCC/C=C\C/C=C\CCCCCCCCCC(=O)O[C@H](COC(=O)CCCCC/C=C\C/C=C\C/C=C\C/C=C\CCCCC)COP(=O)([O-])OCC[N+](C)(C)C","1"
"PC(22:5(4Z,7Z,10Z,13Z,16Z)/20:1(11Z))","PC(22:5(4Z,7Z,10Z,13Z,16Z)/20:1(11Z))","HMDB0008669","53479301","C00157","CCCCCCCC/C=C\CCCCCCCCCC(=O)O[C@H](COC(=O)CC/C=C\C/C=C\C/C=C\C/C=C\C/C=C\CCCCC)COP(=O)([O-])OCC[N+](C)(C)C","1"
"PC(22:5(7Z,10Z,13Z,16Z,19Z)/20:1(11Z))","PC(22:5(7Z,10Z,13Z,16Z,19Z)/20:1(11Z))","HMDB0008702","53479367","C00157","CCCCCCCC/C=C\CCCCCCCCCC(=O)O[C@H](COC(=O)CCCCC/C=C\C/C=C\C/C=C\C/C=C\C/C=C\CC)COP(=O)([O-])OCC[N+](C)(C)C","1"
"PC(22:6(4Z,7Z,10Z,13Z,16Z,19Z)/20:0)","PC(22:6(4Z,7Z,10Z,13Z,16Z,19Z)/20:0)","HMDB0008734","52923707","C00157","CCCCCCCCCCCCCCCCCCCC(=O)O[C@H](COC(=O)CC/C=C\C/C=C\C/C=C\C/C=C\C/C=C\C/C=C\CC)COP(=O)([O-])OCC[N+](C)(C)C","1"
"PGP(18:0/22:4(7Z,10Z,13Z,16Z))","PGP(18:0/22:4(7Z,10Z,13Z,16Z))","HMDB0013513","53481831",NA,"CCCCCCCCCCCCCCCCCC(=O)OC[C@H](COP(=O)(O)OC[C@H](COP(=O)(O)O)O)OC(=O)CCCCC/C=C\C/C=C\C/C=C\C/C=C\CCCCC","1"
"Galabiosylceramide (d18:1/22:0)","Galabiosylceramide (d18:1/22:0)","HMDB0004836","20057277","C06126","CCCCCCCCCCCCCCCCCCCCCC(=O)NC(CO[C@H]1[C@@H]([C@H]([C@H]([C@H](O1)CO)O[C@@H]2[C@@H]([C@H]([C@H]([C@H](O2)CO)O)O)O)O)O)C(/C=C\CCCCCCCCCCCCC)O","1"
"Lactosylceramide (d18:1/22:0)","Lactosylceramide (d18:1/22:0)","HMDB0011594","52921641","C01290","CCCCCCCCCCCCCCCCCCCCCC(=O)N[C@@H](CO[C@H]1[C@@H]([C@H]([C@@H]([C@H](O1)CO)O[C@H]2[C@@H]([C@H]([C@H]([C@H](O2)CO)O)O)O)O)O)[C@@H](/C=C/CCCCCCCCCCCCC)O","1"
"PIP(16:0/22:4(10Z,13Z,16Z,19Z))","PIP(16:0/22:4(10Z,13Z,16Z,19Z))","HMDB0009922","131750480","C00626","CCCCCCCCCCCCCCCC(=O)OC[C@]([H])(COP(O)(=O)O[C@H]1C(O)C(O)C(O)[C@@H](OP(=O)(O)O)C1O)OC(=O)CCCCCCCC\C=C/C\C=C/C\C=C/C\C=C/CC","1"
"PIP(16:0/22:4(7Z,10Z,13Z,16Z))","PIP(16:0/22:4(7Z,10Z,13Z,16Z))","HMDB0009936","131750485","C00626","CCCCCCCCCCCCCCCC(=O)OC[C@]([H])(COP(O)(=O)O[C@H]1C(O)C(O)C(O)[C@@H](OP(=O)(O)O)C1O)OC(=O)CCCCC\C=C/C\C=C/C\C=C/C\C=C/CCCCC","1"
"PIP(18:0/20:4(5Z,8Z,11Z,14Z))","PIP(18:0/20:4(5Z,8Z,11Z,14Z))","HMDB0009956","131750491","C00626","CCCCCCCCCCCCCCCCCC(=O)OC[C@]([H])(COP(O)(=O)O[C@H]1C(O)C(O)C(O)[C@@H](OP(=O)(O)O)C1O)OC(=O)CCC\C=C/C\C=C/C\C=C/C\C=C/CCCCC","1"
"PIP(18:0/20:4(8Z,11Z,14Z,17Z))","PIP(18:0/20:4(8Z,11Z,14Z,17Z))","HMDB0009957","131750492","C00626","CCCCCCCCCCCCCCCCCC(=O)OC[C@]([H])(COP(O)(=O)O[C@H]1C(O)C(O)C(O)[C@@H](OP(=O)(O)O)C1O)OC(=O)CCCCCC\C=C/C\C=C/C\C=C/C\C=C/CC","1"
"PIP(18:1(11Z)/20:3(5Z,8Z,11Z))","PIP(18:1(11Z)/20:3(5Z,8Z,11Z))","HMDB0009965","53480160","C00626","CCCCCCCC/C=C\C/C=C\C/C=C\CCCC(=O)O[C@H](COC(=O)CCCCCCCCC/C=C\CCCCCC)COP(=O)(O)O[C@@H]1C([C@@H](C(C(C1O)O)O)OP(=O)(O)O)O","1"
"PIP(18:1(11Z)/20:3(8Z,11Z,14Z))","PIP(18:1(11Z)/20:3(8Z,11Z,14Z))","HMDB0009966","53480161","C00626","CCCCCC/C=C\CCCCCCCCCC(=O)OC[C@H](COP(=O)(O)O[C@@H]1C([C@@H](C(C(C1O)O)O)OP(=O)(O)O)O)OC(=O)CCCCCC/C=C\C/C=C\C/C=C\CCCCC","1"
"PIP(18:1(9Z)/20:3(5Z,8Z,11Z))","PIP(18:1(9Z)/20:3(5Z,8Z,11Z))","HMDB0009978","53480172","C00626","CCCCCCCC/C=C\CCCCCCCC(=O)OC[C@H](COP(=O)(O)O[C@@H]1C([C@@H](C(C(C1O)O)O)OP(=O)(O)O)O)OC(=O)CCC/C=C\C/C=C\C/C=C\CCCCCCCC","1"
"PIP(18:1(9Z)/20:3(8Z,11Z,14Z))","PIP(18:1(9Z)/20:3(8Z,11Z,14Z))","HMDB0009979","53480173","C00626","CCCCCCCC/C=C\CCCCCCCC(=O)OC[C@H](COP(=O)(O)O[C@@H]1C([C@@H](C(C(C1O)O)O)OP(=O)(O)O)O)OC(=O)CCCCCC/C=C\C/C=C\C/C=C\CCCCC","1"
"PIP(18:2(9Z,12Z)/20:2(11Z,14Z))","PIP(18:2(9Z,12Z)/20:2(11Z,14Z))","HMDB0009990","53480184","C00626","CCCCC/C=C\C/C=C\CCCCCCCCCC(=O)O[C@H](COC(=O)CCCCCCC/C=C\C/C=C\CCCCC)COP(=O)(O)O[C@@H]1C([C@@H](C(C(C1O)O)O)OP(=O)(O)O)O","1"
"PIP(20:2(11Z,14Z)/18:2(9Z,12Z))","PIP(20:2(11Z,14Z)/18:2(9Z,12Z))","HMDB0010004","53480198","C00626","CCCCC/C=C\C/C=C\CCCCCCCCCC(=O)OC[C@H](COP(=O)(O)O[C@@H]1C([C@@H](C(C(C1O)O)O)OP(=O)(O)O)O)OC(=O)CCCCCCC/C=C\C/C=C\CCCCC","1"
"PIP(20:3(5Z,8Z,11Z)/18:1(11Z))","PIP(20:3(5Z,8Z,11Z)/18:1(11Z))","HMDB0010007","53480201","C00626","CCCCCCCC/C=C\C/C=C\C/C=C\CCCC(=O)OC[C@H](COP(=O)(O)O[C@@H]1C([C@@H](C(C(C1O)O)O)OP(=O)(O)O)O)OC(=O)CCCCCCCCC/C=C\CCCCCC","1"
"PIP(20:3(5Z,8Z,11Z)/18:1(9Z))","PIP(20:3(5Z,8Z,11Z)/18:1(9Z))","HMDB0010008","53480202","C00626","CCCCCCCC/C=C\CCCCCCCC(=O)O[C@H](COC(=O)CCC/C=C\C/C=C\C/C=C\CCCCCCCC)COP(=O)(O)O[C@@H]1C([C@@H](C(C(C1O)O)O)OP(=O)(O)O)O","1"
"PIP(20:3(8Z,11Z,14Z)/18:1(11Z))","PIP(20:3(8Z,11Z,14Z)/18:1(11Z))","HMDB0010012","53480206","C00626","CCCCCC/C=C\CCCCCCCCCC(=O)O[C@H](COC(=O)CCCCCC/C=C\C/C=C\C/C=C\CCCCC)COP(=O)(O)O[C@@H]1C([C@@H](C(C(C1O)O)O)OP(=O)(O)O)O","1"
"PIP(20:3(8Z,11Z,14Z)/18:1(9Z))","PIP(20:3(8Z,11Z,14Z)/18:1(9Z))","HMDB0010013","53480207","C00626","CCCCCCCC/C=C\CCCCCCCC(=O)O[C@H](COC(=O)CCCCCC/C=C\C/C=C\C/C=C\CCCCC)COP(=O)(O)O[C@@H]1C([C@@H](C(C(C1O)O)O)OP(=O)(O)O)O","1"
"PIP(20:4(5Z,8Z,11Z,14Z)/18:0)","PIP(20:4(5Z,8Z,11Z,14Z)/18:0)","HMDB0010016","131750510","C00626","CCCCCCCCCCCCCCCCCC(=O)O[C@]([H])(COC(=O)CCC\C=C/C\C=C/C\C=C/C\C=C/CCCCC)COP(O)(=O)O[C@H]1C(O)C(O)C(O)[C@@H](OP(=O)(O)O)C1O","1"
"PIP(20:4(8Z,11Z,14Z,17Z)/18:0)","PIP(20:4(8Z,11Z,14Z,17Z)/18:0)","HMDB0010020","131750512","C00626","CCCCCCCCCCCCCCCCCC(=O)O[C@]([H])(COC(=O)CCCCCC\C=C/C\C=C/C\C=C/C\C=C/CC)COP(O)(=O)O[C@H]1C(O)C(O)C(O)[C@@H](OP(=O)(O)O)C1O","1"
"PIP(22:4(10Z,13Z,16Z,19Z)/16:0)","PIP(22:4(10Z,13Z,16Z,19Z)/16:0)","HMDB0010027","131750514","C00626","CCCCCCCCCCCCCCCC(=O)O[C@]([H])(COC(=O)CCCCCCCC\C=C/C\C=C/C\C=C/C\C=C/CC)COP(O)(=O)O[C@H]1C(O)C(O)C(O)[C@@H](OP(=O)(O)O)C1O","1"
"PIP(22:4(7Z,10Z,13Z,16Z)/16:0)","PIP(22:4(7Z,10Z,13Z,16Z)/16:0)","HMDB0010028","131750515","C00626","CCCCCCCCCCCCCCCC(=O)O[C@]([H])(COC(=O)CCCCC\C=C/C\C=C/C\C=C/C\C=C/CCCCC)COP(O)(=O)O[C@H]1C(O)C(O)C(O)[C@@H](OP(=O)(O)O)C1O","1"
"PIP(16:0/22:2(13Z,16Z))","PIP(16:0/22:2(13Z,16Z))","HMDB0009933","131750484","C00626","CCCCCCCCCCCCCCCC(=O)OC[C@]([H])(COP(O)(=O)O[C@H]1C(O)C(O)C(O)[C@@H](OP(=O)(O)O)C1O)OC(=O)CCCCCCCCCCC\C=C/C\C=C/CCCCC","1"
"PIP(18:1(15Z)/20:1(11Z))","PIP(18:1(15Z)/20:1(11Z))","HMDB0009969","131750495","C00626","CCCCCCCC\C=C/CCCCCCCCCC(=O)O[C@]([H])(COC(=O)CCCCCCCCC\C=C/CCCCCC)COP(O)(=O)O[C@H]1C(O)C(O)C(O)[C@@H](OP(=O)(O)O)C1O","1"
"PIP(18:1(9Z)/20:1(11Z))","PIP(18:1(9Z)/20:1(11Z))","HMDB0009977","131750497","C00626","CCCCCCCC\C=C/CCCCCCCCCC(=O)O[C@]([H])(COC(=O)CCCCCCC\C=C/CCCCCCCC)COP(O)(=O)O[C@H]1C(O)C(O)C(O)[C@@H](OP(=O)(O)O)C1O","1"
"PIP(18:2(9Z,12Z)/20:0)","PIP(18:2(9Z,12Z)/20:0)","HMDB0009988","53480182","C00626","CCCCCCCCCCCCCCCCCCCC(=O)O[C@H](COC(=O)CCCCCCC/C=C\C/C=C\CCCCC)COP(=O)(O)O[C@@H]1C([C@@H](C(C(C1O)O)O)OP(=O)(O)O)O","1"
"PIP(20:0/18:2(9Z,12Z))","PIP(20:0/18:2(9Z,12Z))","HMDB0009997","131750505","C00626","CCCCCCCCCCCCCCCCCCCC(=O)OC[C@]([H])(COP(O)(=O)O[C@H]1C(O)C(O)C(O)[C@@H](OP(=O)(O)O)C1O)OC(=O)CCCCCCC\C=C/C\C=C/CCCCC","1"
"PIP(20:1(11Z)/18:1(11Z))","PIP(20:1(11Z)/18:1(11Z))","HMDB0009999","53480193","C00626","CCCCCCCC/C=C\CCCCCCCCCC(=O)OC[C@H](COP(=O)(O)O[C@@H]1C([C@@H](C(C(C1O)O)O)OP(=O)(O)O)O)OC(=O)CCCCCCCCC/C=C\CCCCCC","1"
"PIP(20:1(11Z)/18:1(9Z))","PIP(20:1(11Z)/18:1(9Z))","HMDB0010000","131750506","C00626","CCCCCCCC\C=C/CCCCCCCCCC(=O)OC[C@]([H])(COP(O)(=O)O[C@H]1C(O)C(O)C(O)[C@@H](OP(=O)(O)O)C1O)OC(=O)CCCCCCC\C=C/CCCCCCCC","1"
"PIP(20:2(11Z,14Z)/18:0)","PIP(20:2(11Z,14Z)/18:0)","HMDB0010002","53480196","C00626","CCCCCCCCCCCCCCCCCC(=O)O[C@H](COC(=O)CCCCCCCCC/C=C\C/C=C\CCCCC)COP(=O)(O)O[C@@H]1C([C@@H](C(C(C1O)O)O)OP(=O)(O)O)O","1"
"PIP(22:2(13Z,16Z)/16:0)","PIP(22:2(13Z,16Z)/16:0)","HMDB0010023","131750513","C00626","CCCCCCCCCCCCCCCC(=O)O[C@]([H])(COC(=O)CCCCCCCCCCC\C=C/C\C=C/CCCCC)COP(O)(=O)O[C@H]1C(O)C(O)C(O)[C@@H](OP(=O)(O)O)C1O","1"
"Galabiosylceramide (d18:1/24:1(15Z))","Galabiosylceramide (d18:1/24:1(15Z))","HMDB0004837","20057278","C06126","CCCCCCCCCCCCC/C=C\C(C(CO[C@H]1[C@@H]([C@H]([C@H]([C@H](O1)CO)O[C@@H]2[C@@H]([C@H]([C@H]([C@H](O2)CO)O)O)O)O)O)NC(=O)CCCCCCCCCCCCC/C=C\CCCCCCCC)O","1"
"Lactosylceramide (d18:1/24:1(15Z))","Lactosylceramide (d18:1/24:1(15Z))","HMDB0004872","20057309","C01290","CCCCCCCCCCCCC/C=C/[C@H]([C@H](CO[C@H]1C([C@H]([C@@H]([C@H](O1)CO)O[C@H]2[C@@H]([C@H]([C@H]([C@H](O2)CO)O)O)O)O)O)NC(=O)CCCCCCCCCCCCC/C=C\CCCCCCCC)O","1"
