"","Total","Expected","Hits","Raw p","-log10(p)","Holm adjust","FDR","Impact"
"Amino sugar and nucleotide sugar metabolism",37,2.1723,14,4.3165e-09,8.3649,3.6258e-07,3.6258e-07,0.5648
"Galactose metabolism",27,1.5852,8,9.1665e-05,4.0378,0.0076082,0.0038499,0.1605
"Inositol phosphate metabolism",30,1.7613,8,0.00020868,3.6805,0.017112,0.005843,0.26137
"Ascorbate and aldarate metabolism",8,0.46968,4,0.00064978,3.1872,0.052632,0.013645,1
"Pentose and glucuronate interconversions",18,1.0568,5,0.0029109,2.536,0.23288,0.043058,0.32812
"Glycolysis / Gluconeogenesis",26,1.5265,6,0.0030756,2.5121,0.24297,0.043058,0.1196
"Phosphatidylinositol signaling system",28,1.6439,6,0.0045746,2.3397,0.35682,0.050359,0.09908
"Fructose and mannose metabolism",20,1.1742,5,0.0047961,2.3191,0.3693,0.050359,0.48792
"Sphingolipid metabolism",21,1.2329,5,0.0060071,2.2213,0.45654,0.056066,0.48682
"Starch and sucrose metabolism",18,1.0568,4,0.018031,1.744,1,0.15146,0.30137
"Neomycin, kanamycin and gentamicin biosynthesis",2,0.11742,1,0.11401,0.94306,1,0.84819,0
"beta-Alanine metabolism",21,1.2329,3,0.12117,0.91661,1,0.84819,0.51119
"Glycerophospholipid metabolism",36,2.1135,4,0.15654,0.80536,1,1,0.35618
"D-Arginine and D-ornithine metabolism",4,0.23484,1,0.21515,0.66727,1,1,0
"Synthesis and degradation of ketone bodies",5,0.29355,1,0.26134,0.58279,1,1,0
"Linoleic acid metabolism",5,0.29355,1,0.26134,0.58279,1,1,0
"Pantothenate and CoA biosynthesis",19,1.1155,2,0.30796,0.5115,1,1,0.25714
"Pentose phosphate pathway",22,1.2916,2,0.3739,0.42724,1,1,0.11117
"Arginine and proline metabolism",38,2.231,3,0.38798,0.41119,1,1,0.15481
"Propanoate metabolism",23,1.3503,2,0.39536,0.403,1,1,0.01269
"Folate biosynthesis",27,1.5852,2,0.47756,0.32097,1,1,0.09111
"alpha-Linolenic acid metabolism",13,0.76323,1,0.54602,0.26279,1,1,0
"Arginine biosynthesis",14,0.82194,1,0.5729,0.24192,1,1,0
"Glycosylphosphatidylinositol (GPI)-anchor biosynthesis",14,0.82194,1,0.5729,0.24192,1,1,0.00399
"Glycine, serine and threonine metabolism",33,1.9374,2,0.58743,0.23104,1,1,0.09293
"Butanoate metabolism",15,0.88065,1,0.5982,0.22315,1,1,0
"Glycerolipid metabolism",16,0.93935,1,0.62202,0.20619,1,1,0.01246
"Histidine metabolism",16,0.93935,1,0.62202,0.20619,1,1,0.09016
"Biosynthesis of unsaturated fatty acids",36,2.1135,2,0.63571,0.19674,1,1,0
"Terpenoid backbone biosynthesis",18,1.0568,1,0.66555,0.17682,1,1,0
"Pyrimidine metabolism",39,2.2897,2,0.67952,0.1678,1,1,0.03028
"Fatty acid degradation",39,2.2897,2,0.67952,0.1678,1,1,0.18092
"Fatty acid elongation",39,2.2897,2,0.67952,0.1678,1,1,0.25661
"Selenocompound metabolism",20,1.1742,1,0.70412,0.15236,1,1,0
"Citrate cycle (TCA cycle)",20,1.1742,1,0.70412,0.15236,1,1,0.03668
"Ether lipid metabolism",20,1.1742,1,0.70412,0.15236,1,1,0.14458
"Pyruvate metabolism",22,1.2916,1,0.73828,0.13178,1,1,0.15397
"Purine metabolism",65,3.8161,3,0.74861,0.12575,1,1,0.01538
"Fatty acid biosynthesis",47,2.7594,2,0.77577,0.11027,1,1,0.01686
"Lysine degradation",25,1.4677,1,0.78233,0.10661,1,1,0
"Alanine, aspartate and glutamate metabolism",28,1.6439,1,0.81904,0.086693,1,1,0
"Glutathione metabolism",28,1.6439,1,0.81904,0.086693,1,1,0
"Porphyrin and chlorophyll metabolism",30,1.7613,1,0.84004,0.075699,1,1,0.02799
"Glyoxylate and dicarboxylate metabolism",32,1.8787,1,0.85863,0.066195,1,1,0.00794
"Steroid hormone biosynthesis",85,4.9903,3,0.88891,0.05114,1,1,0.04751
"Arachidonic acid metabolism",36,2.1135,1,0.88963,0.050792,1,1,0
"Valine, leucine and isoleucine degradation",40,2.3484,1,0.91389,0.039108,1,1,0.02836
"Tryptophan metabolism",41,2.4071,1,0.91908,0.036648,1,1,0
"N-Glycan biosynthesis",41,2.4071,1,0.91908,0.036648,1,1,0.00676
"Steroid biosynthesis",42,2.4658,1,0.92396,0.034348,1,1,0
"Aminoacyl-tRNA biosynthesis",48,2.8181,1,0.94769,0.023334,1,1,0
