"Query","Match","HMDB","PubChem","KEGG","SMILES","Comment"
"Beta-Alanine","Beta-Alanine","HMDB0000056","239","C00099","C(CN)C(=O)O","1"
"L-Alanine","L-Alanine","HMDB0000161","5950","C00041","C[C@@H](C(=O)O)N","1"
"Sarcosine","Sarcosine","HMDB0000271","1088","C00213","CNCC(=O)O","1"
"D-Alanine","D-Alanine","HMDB0001310","71080","C00133","C[C@H](C(=O)O)N","1"
"L-Serine","L-Serine","HMDB0000187","5951","C00065","C([C@@H](C(=O)O)N)O","1"
"D-Serine","D-Serine","HMDB0003406","71077","C00740","C([C@H](C(=O)O)N)O","1"
"Pyrocatechol","Pyrocatechol","HMDB0000957","3390","C15571","C1=CC=C(C(=C1)O)O","1"
"Hydroquinone","Hydroquinone","HMDB0002434","785","C00530","C1=CC(=CC=C1O)O","1"
"Caproic acid","Caproic acid","HMDB0000535","8892","C01585","CCCCCC(=O)O","1"
"Isocaproic acid","Isocaproic acid","HMDB0000689","12587",NA,"CC(C)CCC(=O)O","1"
"L-Threonine","L-Threonine","HMDB0000167","6288","C00188","C[C@H]([C@@H](C(=O)O)N)O","1"
"L-Homoserine","L-Homoserine","HMDB0000719","12647","C00263","C(CO)[C@@H](C(=O)O)N","1"
"L-Allothreonine","L-Allothreonine","HMDB0004041","99289","C05519","C[C@@H]([C@@H](C(=O)O)N)O","1"
"2-Methyl-3-ketovaleric acid","2-Methyl-3-ketovaleric acid","HMDB0000408","189028",NA,"CCC(=O)C(C)C(=O)O","1"
"3-Methyl-2-oxovaleric acid","3-Methyl-2-oxovaleric acid","HMDB0000491","47","C00671","CCC(C)C(=O)C(=O)O","1"
"Ketoleucine","Ketoleucine","HMDB0000695","70","C00233","CC(C)CC(=O)C(=O)O","1"
"2-Ketohexanoic acid","2-Ketohexanoic acid","HMDB0001864","159664","C00902","CCCCC(=O)C(=O)O","1"
"Mevalonolactone","Mevalonolactone","HMDB0006024","5325923",NA,"C[C@@]1(CCOC(=O)C1)O","1"
"3-Oxohexanoic acid","3-Oxohexanoic acid","HMDB0010717","439658","C02122","CCCC(=O)CC(=O)O","1"
"Adipate semialdehyde","Adipate semialdehyde","HMDB0012882","440918","C06102","C(CCC(=O)O)CC=O","1"
"L-Aspartic acid","L-Aspartic acid","HMDB0000191","5960","C00049","C([C@@H](C(=O)O)N)C(=O)O","1"
"D-Aspartic acid","D-Aspartic acid","HMDB0006483","83887","C00402","C([C@H](C(=O)O)N)C(=O)O","1"
"Iminodiacetate","Iminodiacetic acid","HMDB0011753","8897","C19911","C(C(=O)O)NCC(=O)O","1"
"Acetylphosphate","Acetylphosphate","HMDB0001494","186","C00227","CC(=O)OP(=O)(O)O","1"
"Phosphonoacetate","Phosphonoacetate","HMDB0004110","546","C05682","C(C(=O)O)P(=O)(O)O","1"
"Isobutyrylglycine","Isobutyrylglycine","HMDB0000730","10855600",NA,"CC(C)C(=O)NCC(=O)O","1"
"N-Butyrylglycine","N-Butyrylglycine","HMDB0000808","88412",NA,"CCCC(=O)NCC(=O)O","1"
"Allysine","Allysine","HMDB0001263","207","C04076","C(CC=O)CC(C(=O)O)N","1"
"4-Acetamidobutanoic acid","4-Acetamidobutanoic acid","HMDB0003681","18189","C02946","CC(=O)NCCCC(=O)O","1"
"(S)-5-Amino-3-oxohexanoate","(S)-5-Amino-3-oxohexanoate","HMDB0012131","440077","C03656","C[C@@H](CC(=O)CC(=O)O)N","1"
"2-Keto-6-aminocaproate","2-Keto-6-aminocaproate","HMDB0012151","439954","C03239","C(CCN)CC(=O)C(=O)O","1"
"Oxoglutaric acid","Oxoglutaric acid","HMDB0000208","51","C00026","C(CC(=O)O)C(=O)C(=O)O","1"
"Coumarin","Coumarin","HMDB0001218","323","C05851","C1=CC=C2C(=C1)C=CC(=O)O2","1"
"Phenylpropiolic acid","Phenylpropiolic acid","HMDB0002359","69475",NA,"C1=CC=C(C=C1)C#CC(=O)O","1"
"7-Methylguanine","7-Methylguanine","HMDB0000897","11361","C02242","CN1C=NC2=C1C(=O)N=C(N2)N","1"
"3-Methylguanine","3-Methylguanine","HMDB0001566","76292","C02230","CN1C2=C(C(=O)N=C1N)NC=N2","1"
"1-Methylguanine","1-Methylguanine","HMDB0003282","70315","C04152","CN1C(=O)C2=C(N=CN2)N=C1N","1"
"N2-Methylguanine","N2-Methylguanine","HMDB0006040","24828","C04153","CNC1=NC(=O)C2=C(N1)N=CN2","1"
"Homogentisic acid","Homogentisic acid","HMDB0000130","780","C00544","C1=CC(=C(C=C1O)CC(=O)O)O","1"
"Vanillic acid","Vanillic acid","HMDB0000484","8468","C06672","COC1=C(C=CC(=C1)C(=O)O)O","1"
"3-Hydroxymandelic acid","3-Hydroxymandelic acid","HMDB0000750","86957",NA,"C1=CC(=CC(=C1)O)C(C(=O)O)O","1"
"p-Hydroxymandelic acid","p-Hydroxymandelic acid","HMDB0000822","7721","C11527","C1=CC(=CC=C1C(C(=O)O)O)O","1"
"3,4-Dihydroxybenzeneacetic acid","3,4-Dihydroxybenzeneacetic acid","HMDB0001336","547","C01161","C1=CC(=C(C=C1CC(=O)O)O)O","1"
"5-Methoxysalicylic acid","5-Methoxysalicylic acid","HMDB0001868","75787",NA,"COC1=CC(=C(C=C1)O)C(=O)O","1"
"3,4-Dihydroxymandelaldehyde","3,4-Dihydroxymandelaldehyde","HMDB0006242","151725","C05577","C1=CC(=C(C=C1C(C=O)O)O)O","1"
"2-Octenedioic acid","2-Octenedioic acid","HMDB0000341","6079438",NA,"C(CCC(=O)O)C/C=C/C(=O)O","1"
"cis-4-Octenedioic acid","cis-4-Octenedioic acid","HMDB0004982","11805205",NA,"C(CC(=O)O)/C=C\CCC(=O)O","1"
"trans-3-Octenedioic acid","trans-3-Octenedioic acid","HMDB0013312","22495178",NA,"C(C/C=C/CC(=O)O)CC(=O)O","1"
"4-Nitrocatechol","4-Nitrocatechol","HMDB0002916","3505109","C02235","C1=CC(=C(C=C1[N+](=O)[O-])O)O","1"
"2,4-Dihydroxy-nitrophenol","2,4-Dihydroxy-nitrophenol","HMDB0006200","76623",NA,"C1=CC(=C(C=C1O)O)[N+](=O)[O-]","1"
"Phosphohydroxypyruvic acid","Phosphohydroxypyruvic acid","HMDB0001024","105","C03232","C(C(=O)C(=O)O)OP(=O)(O)O","1"
"Vanylglycol","Vanylglycol","HMDB0001490","10805","C05594","COC1=C(C=CC(=C1)C(CO)O)O","1"
"Glutarylglycine","Glutarylglycine","HMDB0000590","23592950",NA,"C(CC(=O)NCC(=O)O)CC(=O)O","1"
"N-Acetylglutamic acid","N-Acetylglutamic acid","HMDB0001138","185","C00624","CC(=O)NC(CCC(=O)O)C(=O)O","1"
"3-Hydroxysuberic acid","3-Hydroxysuberic acid","HMDB0000325","22328017",NA,"C(CCC(=O)O)CC(CC(=O)O)O","1"
"Phosphoguanidinoacetate","Phosphoguanidinoacetate","HMDB0003705","188984","C03166","C(C(=O)O)N=C(N)NP(=O)(O)O","1"
"cis-4-Decenedioic acid","cis-4-Decenedioic acid","HMDB0000603","9543671",NA,"C(CCC(=O)O)C/C=C\CCC(=O)O","1"
"cis-5-Decenedioic acid","cis-5-Decenedioic acid","HMDB0013227","7563148",NA,"C(C/C=C\CCCC(=O)O)CC(=O)O","1"
"D-Ribulose 5-phosphate","D-Ribulose 5-phosphate","HMDB0000618","439184","C00199","C([C@H]([C@H](C(=O)CO)O)O)OP(=O)(O)O","1"
"Xylulose 5-phosphate","Xylulose 5-phosphate","HMDB0000868","439190","C00231","C([C@H]([C@@H](C(=O)CO)O)O)OP(=O)(O)O","1"
"Ribose 1-phosphate","Ribose 1-phosphate","HMDB0001489","439236","C00620","C([C@@H]1[C@H]([C@H]([C@H](O1)OP(=O)(O)O)O)O)O","1"
"D-Ribose 5-phosphate","D-Ribose 5-phosphate","HMDB0001548","439167","C03736","C([C@@H]1[C@H]([C@H](C(O1)O)O)O)OP(=O)(O)O","1"
"D-Xylulose 1-phosphate","D-Xylulose 1-phosphate","HMDB0006534","14844436",NA,"C([C@H]([C@H](C(=O)COP(=O)(O)O)O)O)O","1"
"D-Arabinose 5-phosphate","D-Arabinose 5-phosphate","HMDB0011734","188324","C01112","C([C@H]([C@H]([C@@H](C=O)O)O)O)OP(=O)(O)O","1"
"Beta-L-arabinose 1-phosphate","Beta-L-arabinose 1-phosphate","HMDB0012195","440160","C03906","C1[C@@H]([C@@H]([C@H]([C@H](O1)OP(=O)(O)O)O)O)O","1"
"5-L-Glutamyl-taurine","5-L-Glutamyl-taurine","HMDB0004195","68759","C05844","C(CC(=O)NCCS(=O)(=O)O)[C@@H](C(=O)O)N","1"
"Daidzein","Daidzein","HMDB0003312","5281708","C10208","C1=CC(=CC=C1C2=COC3=C(C2=O)C=CC(=C3)O)O","1"
"Glucosamine-1P","Glucosamine-1P","HMDB0001109","9965052","C06156","C([C@@H]1[C@H]([C@@H]([C@H]([C@@H](O1)OP(=O)(O)O)N)O)O)O","1"
"Glucosamine 6-phosphate","Glucosamine 6-phosphate","HMDB0001254","439217","C00352","C([C@@H]1[C@H]([C@@H]([C@H]([C@H](O1)O)N)O)O)OP(=O)(O)O","1"
"Alpha-CEHC","Alpha-CEHC","HMDB0001518","9943542",NA,"CC1=C(C(=C2CCC(OC2=C1C)(C)CCC(=O)O)C)O","1"
"Monoethylhexyl phthalic acid","Monoethylhexyl phthalic acid","HMDB0013248","20393","C03343","CCCCC(CC)COC(=O)C1=CC=CC=C1C(=O)O","1"
"Valproic acid glucuronide","Valproic acid glucuronide","HMDB0000901","53477719",NA,"CCCC(C(C)C)C(=O)OC1[C@@H]([C@H]([C@@H]([C@H](O1)C(=O)O)O)O)O","1"
"Octanoylglucuronide","Octanoylglucuronide","HMDB0010347","127448","C03033","CCCCCCCC(=O)O[C@H]1[C@@H]([C@H]([C@@H]([C@H](O1)C(=O)O)O)O)O","1"
"2-O-a-L-Fucopyranosyl-galactose","2-O-a-L-Fucopyranosyl-galactose","HMDB0006590","9548873",NA,"C[C@H]1[C@H]([C@H]([C@@H]([C@@H](O1)O[C@@H](C=O)[C@H]([C@H]([C@@H](CO)O)O)O)O)O)O","1"
"3-O-a-L-Fucopyranosyl-D-glucose","3-O-a-L-Fucopyranosyl-D-glucose","HMDB0006701","53477882",NA,"CC1C(C([C@@H]([C@@H](O1)OC([C@H](C=O)O)[C@@H](C(CO)O)O)O)O)O","1"
"12-oxo-10,11-dihydro-20-COOH-LTB4","12-oxo-10,11-dihydro-20-COOH-LTB4","HMDB0012549","53481456",NA,"C(CCC(=O)O)C/C=C\CC(=O)CC/C=C/C=C\[C@@H](CCCC(=O)O)O","1"
"12-Oxo-20-hydroxy-leukotriene B4","12-Oxo-20-hydroxy-leukotriene B4","HMDB0012552","53481459",NA,"C(CC/C=C\CC(=O)/C=C/C=C/C=C\[C@@H](CCCC(=O)O)O)CCO","1"
"15-Epi-lipoxin B5","15-Epi-lipoxin B5","HMDB0012588","53481476",NA,"CC/C=C\C[C@H]([C@@H](/C=C/C=C/C=C\C=C\[C@@H](CCCC(=O)O)O)O)O","1"
"15-Oxo-lipoxin A4","15-Oxo-lipoxin A4","HMDB0012590","53481477",NA,"CCCCCC(=O)/C=C/C=C\C=C\C=C\[C@H]([C@@H](CCCC(=O)O)O)O","1"
"20-oxo-leukotriene B4","20-oxo-leukotriene B4","HMDB0012641","6449839",NA,"C(CCC=O)C/C=C\C[C@H](/C=C/C=C/C=C\[C@H](CCCC(=O)O)O)O","1"
"PGH3","PGH3","HMDB0013040","101600091","C00427","CC/C=C\C[C@H](/C=C/[C@H]1[C@H]2C[C@@H]([C@@H]1C/C=C\CCCC(=O)O)OO2)O","1"
"N-Acetyllactosamine","N-Acetyllactosamine","HMDB0001542","439271","C00611","CC(=O)N[C@@H]1[C@H]([C@@H]([C@H](O[C@H]1O)CO)O[C@H]2[C@@H]([C@H]([C@H]([C@H](O2)CO)O)O)O)O","1"
"Beta-1,4-mannose-N-acetylglucosamine","Beta-1,4-mannose-N-acetylglucosamine","HMDB0006535","53477853",NA,"CC(=O)N[C@@H]1[C@H]([C@@H]([C@H](O[C@H]1O)CO)O[C@@H]2[C@H]([C@H]([C@@H]([C@H](O2)CO)O)O)O)O","1"
"Lacto-N-biose I","Lacto-N-biose I","HMDB0006575","5288905","C06372","CC(=O)N[C@@H]1[C@H]([C@@H]([C@H](O[C@@H]1O)CO)O)O[C@H]2[C@@H]([C@H]([C@H]([C@H](O2)CO)O)O)O","1"
"Poly-N-acetyllactosamine","Poly-N-acetyllactosamine","HMDB0006583","119547",NA,"CC(=O)N[C@@H](C=O)[C@H]([C@@H]([C@@H](CO)O)O[C@H]1[C@@H]([C@H]([C@H]([C@H](O1)CO)O)O)O)O","1"
"Deoxypyridinoline","Deoxypyridinoline","HMDB0000569","53477703",NA,"C1=C(C(=C(C=[N+]1CCCC[C@@H](C(=O)O)N)O)C[C@@H](C(=O)O)N)CC[C@@H](C(=O)[O-])N","1"
"Ceramide (d18:1/12:0)","Ceramide (d18:1/12:0)","HMDB0004947","5283562","C00195","CCCCCCCCCCCCC/C=C/[C@H]([C@H](CO)NC(=O)CCCCCCCCCCC)O","1"
"PA(20:4(5Z,8Z,11Z,14Z)e/2:0)","PA(20:4(5Z,8Z,11Z,14Z)e/2:0)","HMDB0011156","53480670",NA,"CCCCC/C=C\C/C=C\C/C=C\C/C=C\CCCCOC[C@H](COP(=O)(O)O)OC(=O)C","1"
"Cer(d18:1/14:0)","Cer(d18:1/14:0)","HMDB0011773","5282310","C13916","CCCCCCCCCCCCC/C=C/[C@H]([C@H](CO)NC(=O)CCCCCCCCCCCCC)O","1"
"Cer(d18:0/16:0)","Cer(d18:0/16:0)","HMDB0011760","5283572",NA,"CCCCCCCCCCCCCCC[C@H]([C@H](CO)NC(=O)CCCCCCCCCCCCCCC)O","1"
"Ceramide (d18:1/20:0)","Ceramide (d18:1/20:0)","HMDB0004951","5283566","C00195","CCCCCCCCCCCCCCCCCCCC(=O)N[C@@H](CO)[C@@H](/C=C/CCCCCCCCCCCCC)O","1"
"DG(14:0/22:1(13Z)/0:0)","DG(14:0/22:1(13Z)/0:0)","HMDB0007029","53477964",NA,"CCCCCCCCCCCCCC(=O)OC[C@H](CO)OC(=O)CCCCCCCCCCC/C=C\CCCCCCCC","1"
"DG(14:1(9Z)/22:0/0:0)","DG(14:1(9Z)/22:0/0:0)","HMDB0007057","53477992",NA,"CCCCCCCCCCCCCCCCCCCCCC(=O)O[C@@H](CO)COC(=O)CCCCCCC/C=C\CCCC","1"
"DG(16:0/20:1(11Z)/0:0)","DG(16:0/20:1(11Z)/0:0)","HMDB0007108","9543715","C00165","CCCCCCCCCCCCCCCC(=O)OC[C@H](CO)OC(=O)CCCCCCCCC/C=C\CCCCCCCC","1"
"DG(16:1(9Z)/20:0/0:0)","DG(16:1(9Z)/20:0/0:0)","HMDB0007136","9543714","C00165","CCCCCCCCCCCCCCCCCCCC(=O)O[C@@H](CO)COC(=O)CCCCCCC/C=C\CCCCCC","1"
"DG(18:0/18:1(11Z)/0:0)","DG(18:0/18:1(11Z)/0:0)","HMDB0007159","53478049",NA,"CCCCCCCCCCCCCCCCCC(=O)OC[C@H](CO)OC(=O)CCCCCCCCC/C=C\CCCCCC","1"
"DG(18:0/18:1(9Z)/0:0)","DG(18:0/18:1(9Z)/0:0)","HMDB0007160","6443547","C00165","CCCCCCCCCCCCCCCCCC(=O)OC[C@H](CO)OC(=O)CCCCCCC/C=C\CCCCCCCC","1"
"DG(18:1(11Z)/18:0/0:0)","DG(18:1(11Z)/18:0/0:0)","HMDB0007187","53478062",NA,"CCCCCCCCCCCCCCCCCC(=O)O[C@@H](CO)COC(=O)CCCCCCCCC/C=C\CCCCCC","1"
"DG(18:1(9Z)/18:0/0:0)","DG(18:1(9Z)/18:0/0:0)","HMDB0007216","53478090",NA,"CCCCCCCCCCCCCCCCCC(=O)O[C@@H](CO)COC(=O)CCCCCCC/C=C\CCCCCCCC","1"
"DG(20:0/16:1(9Z)/0:0)","DG(20:0/16:1(9Z)/0:0)","HMDB0007360","53478189",NA,"CCCCCCCCCCCCCCCCCCCC(=O)OC[C@H](CO)OC(=O)CCCCCCC/C=C\CCCCCC","1"
"DG(20:1(11Z)/16:0/0:0)","DG(20:1(11Z)/16:0/0:0)","HMDB0007388","53478204",NA,"CCCCCCCCCCCCCCCC(=O)O[C@@H](CO)COC(=O)CCCCCCCCC/C=C\CCCCCCCC","1"
"DG(22:0/14:1(9Z)/0:0)","DG(22:0/14:1(9Z)/0:0)","HMDB0007589","53478360",NA,"CCCCCCCCCCCCCCCCCCCCCC(=O)OC[C@H](CO)OC(=O)CCCCCCC/C=C\CCCC","1"
"DG(22:1(13Z)/14:0/0:0)","DG(22:1(13Z)/14:0/0:0)","HMDB0007617","53478382",NA,"CCCCCCCCCCCCCC(=O)O[C@@H](CO)COC(=O)CCCCCCCCCCC/C=C\CCCCCCCC","1"
"CE(16:1(9Z))","CE(16:1(9Z))","HMDB0000658","22833543","C02530","CCCCCC/C=C\CCCCCCCC(=O)OC1CC[C@@]2(C3CC[C@@]4([C@H](CCC4C3CC=C2C1)[C@H](C)CCCC(C)C)C)C","1"
"PE(14:0/15:0)","PE(14:0/15:0)","HMDB0008823","24178114","C00350","CCCCCCCCCCCCCCC(=O)O[C@H](COC(=O)CCCCCCCCCCCCC)COP(=O)(O)OCCN","1"
"PE(15:0/14:0)","PE(15:0/14:0)","HMDB0008887","4369584","C00350","CCCCCCCCCCCCCCC(=O)OC[C@H](COP(=O)(O)OCCN)OC(=O)CCCCCCCCCCCCC","1"
"DG(18:0/22:4(7Z,10Z,13Z,16Z)/0:0)","DG(18:0/22:4(7Z,10Z,13Z,16Z)/0:0)","HMDB0007176","9543859",NA,"CCCCCCCCCCCCCCCCCC(=O)OC[C@H](CO)OC(=O)CCCCC/C=C\C/C=C\C/C=C\C/C=C\CCCCC","1"
"DG(18:1(11Z)/20:3(5Z,8Z,11Z)/0:0)","DG(18:1(11Z)/20:3(5Z,8Z,11Z)/0:0)","HMDB0007197","53478072",NA,"CCCCCCCCCC/C=C\C/C=C\C/C=C\CCCC(=O)O[C@@H](CO)COC(=O)CCCCCCCCC/C=C\CCCCCC","1"
"DG(18:2(9Z,12Z)/22:2(13Z,16Z)/0:0)","DG(18:2(9Z,12Z)/22:2(13Z,16Z)/0:0)","HMDB0007262","9543868",NA,"CCCCC/C=C\C/C=C\CCCCCCCCCCCC(=O)O[C@@H](CO)COC(=O)CCCCCCC/C=C\C/C=C\CCCCC","1"
"DG(18:3(6Z,9Z,12Z)/22:1(13Z)/0:0)","DG(18:3(6Z,9Z,12Z)/22:1(13Z)/0:0)","HMDB0007290","53478132",NA,"CCCCCCCC/C=C\CCCCCCCCCCCC(=O)O[C@@H](CO)COC(=O)CCCC/C=C\C/C=C\C/C=C\CCCCC","1"
"DG(18:3(9Z,12Z,15Z)/22:1(13Z)/0:0)","DG(18:3(9Z,12Z,15Z)/22:1(13Z)/0:0)","HMDB0007319","9543856",NA,"CCCCCCCC/C=C\CCCCCCCCCCCC(=O)O[C@@H](CO)COC(=O)CCCCCCC/C=C\C/C=C\C/C=C\CC","1"
"DG(18:4(6Z,9Z,12Z,15Z)/22:0/0:0)","DG(18:4(6Z,9Z,12Z,15Z)/22:0/0:0)","HMDB0007347","53478176",NA,"CCCCCCCCCCCCCCCCCCCCCC(=O)O[C@@H](CO)COC(=O)CCCC/C=C\C/C=C\C/C=C\C/C=C\CC","1"
"DG(20:0/20:4(5Z,8Z,11Z,14Z)/0:0)","DG(20:0/20:4(5Z,8Z,11Z,14Z)/0:0)","HMDB0007373","9543830","C00165","CCCCCCCCCCCCCCCCCCCC(=O)OC[C@H](CO)OC(=O)CCC/C=C\C/C=C\C/C=C\C/C=C\CCCCC","1"
"DG(20:0/20:4(8Z,11Z,14Z,17Z)/0:0)","DG(20:0/20:4(8Z,11Z,14Z,17Z)/0:0)","HMDB0007374","53478197",NA,"CCCCCCCCCCCCCCCCCCCC(=O)OC[C@H](CO)OC(=O)CCCCCC/C=C\C/C=C\C/C=C\C/C=C\CC","1"
"DG(20:1(11Z)/20:3(5Z,8Z,11Z)/0:0)","DG(20:1(11Z)/20:3(5Z,8Z,11Z)/0:0)","HMDB0007400","53478214",NA,"CCCCCCCC/C=C\CCCCCCCCCC(=O)OC[C@H](CO)OC(=O)CCC/C=C\C/C=C\C/C=C\CCCCCCCC","1"
"DG(20:1(11Z)/20:3(8Z,11Z,14Z)/0:0)","DG(20:1(11Z)/20:3(8Z,11Z,14Z)/0:0)","HMDB0007401","9543829",NA,"CCCCCCCC/C=C\CCCCCCCCCC(=O)OC[C@H](CO)OC(=O)CCCCCC/C=C\C/C=C\C/C=C\CCCCC","1"
"DG(20:2(11Z,14Z)/20:2(11Z,14Z)/0:0)","DG(20:2(11Z,14Z)/20:2(11Z,14Z)/0:0)","HMDB0007428","9543828",NA,"CCCCC/C=C\C/C=C\CCCCCCCCCC(=O)OC[C@H](CO)OC(=O)CCCCCCCCC/C=C\C/C=C\CCCCC","1"
"DG(20:3(5Z,8Z,11Z)/20:1(11Z)/0:0)","DG(20:3(5Z,8Z,11Z)/20:1(11Z)/0:0)","HMDB0007456","53478251",NA,"CCCCCCCC/C=C\CCCCCCCCCC(=O)O[C@@H](CO)COC(=O)CCC/C=C\C/C=C\C/C=C\CCCCCCCC","1"
"DG(20:3(8Z,11Z,14Z)/20:1(11Z)/0:0)","DG(20:3(8Z,11Z,14Z)/20:1(11Z)/0:0)","HMDB0007485","53478280",NA,"CCCCCCCC/C=C\CCCCCCCCCC(=O)O[C@@H](CO)COC(=O)CCCCCC/C=C\C/C=C\C/C=C\CCCCC","1"
"DG(20:4(5Z,8Z,11Z,14Z)/20:0/0:0)","DG(20:4(5Z,8Z,11Z,14Z)/20:0/0:0)","HMDB0007513","53478299",NA,"CCCCCCCCCCCCCCCCCCCC(=O)O[C@@H](CO)COC(=O)CCC/C=C\C/C=C\C/C=C\C/C=C\CCCCC","1"
"DG(20:4(8Z,11Z,14Z,17Z)/20:0/0:0)","DG(20:4(8Z,11Z,14Z,17Z)/20:0/0:0)","HMDB0007542","53478320",NA,"CCCCCCCCCCCCCCCCCCCC(=O)O[C@@H](CO)COC(=O)CCCCCC/C=C\C/C=C\C/C=C\C/C=C\CC","1"
"DG(22:0/18:4(6Z,9Z,12Z,15Z)/0:0)","DG(22:0/18:4(6Z,9Z,12Z,15Z)/0:0)","HMDB0007599","53478370",NA,"CCCCCCCCCCCCCCCCCCCCCC(=O)OC[C@H](CO)OC(=O)CCCC/C=C\C/C=C\C/C=C\C/C=C\CC","1"
"DG(22:1(13Z)/18:3(6Z,9Z,12Z)/0:0)","DG(22:1(13Z)/18:3(6Z,9Z,12Z)/0:0)","HMDB0007626","53478391",NA,"CCCCCCCC/C=C\CCCCCCCCCCCC(=O)OC[C@H](CO)OC(=O)CCCC/C=C\C/C=C\C/C=C\CCCCC","1"
"DG(22:1(13Z)/18:3(9Z,12Z,15Z)/0:0)","DG(22:1(13Z)/18:3(9Z,12Z,15Z)/0:0)","HMDB0007627","53478392",NA,"CCCCCCCC/C=C\CCCCCCCCCCCC(=O)OC[C@H](CO)OC(=O)CCCCCCC/C=C\C/C=C\C/C=C\CC","1"
"DG(22:2(13Z,16Z)/18:2(9Z,12Z)/0:0)","DG(22:2(13Z,16Z)/18:2(9Z,12Z)/0:0)","HMDB0007654","53478414",NA,"CCCCC/C=C\C/C=C\CCCCCCCCCCCC(=O)OC[C@H](CO)OC(=O)CCCCCCC/C=C\C/C=C\CCCCC","1"
"DG(22:4(7Z,10Z,13Z,16Z)/18:0/0:0)","DG(22:4(7Z,10Z,13Z,16Z)/18:0/0:0)","HMDB0007680","53478436",NA,"CCCCCCCCCCCCCCCCCC(=O)O[C@@H](CO)COC(=O)CCCCC/C=C\C/C=C\C/C=C\C/C=C\CCCCC","1"
"PE(18:3(6Z,9Z,12Z)/P-18:1(11Z))","PE(18:3(6Z,9Z,12Z)/P-18:1(11Z))","HMDB0009149","53479683","C00350","CCCCCC/C=C\CCCCCCCC/C=C\O[C@H](COC(=O)CCCC/C=C\C/C=C\C/C=C\CCCCC)COP(=O)(O)OCCN","1"
"PE(18:3(6Z,9Z,12Z)/P-18:1(9Z))","PE(18:3(6Z,9Z,12Z)/P-18:1(9Z))","HMDB0009150","53479684","C00350","CCCCCCCC/C=C\CCCCCC/C=C\O[C@H](COC(=O)CCCC/C=C\C/C=C\C/C=C\CCCCC)COP(=O)(O)OCCN","1"
"PE(18:3(9Z,12Z,15Z)/P-18:1(11Z))","PE(18:3(9Z,12Z,15Z)/P-18:1(11Z))","HMDB0009182","53479695","C00350","CCCCCC/C=C\CCCCCCCC/C=C\O[C@H](COC(=O)CCCCCCC/C=C\C/C=C\C/C=C\CC)COP(=O)(O)OCCN","1"
"PE(18:3(9Z,12Z,15Z)/P-18:1(9Z))","PE(18:3(9Z,12Z,15Z)/P-18:1(9Z))","HMDB0009183","53479696","C00350","CCCCCCCC/C=C\CCCCCC/C=C\O[C@H](COC(=O)CCCCCCC/C=C\C/C=C\C/C=C\CC)COP(=O)(O)OCCN","1"
"PE(18:4(6Z,9Z,12Z,15Z)/P-18:0)","PE(18:4(6Z,9Z,12Z,15Z)/P-18:0)","HMDB0009214","53479706","C00350","CCCCCCCCCCCCCCCC/C=C\O[C@H](COC(=O)CCCC/C=C\C/C=C\C/C=C\C/C=C\CC)COP(=O)(O)OCCN","1"
"PE(20:4(5Z,8Z,11Z,14Z)/P-16:0)","PE(20:4(5Z,8Z,11Z,14Z)/P-16:0)","HMDB0009411","53479795","C00350","CCCCCCCCCCCCCC/C=C\O[C@H](COC(=O)CCC/C=C\C/C=C\C/C=C\C/C=C\CCCCC)COP(=O)(O)OCCN","1"
"PE(20:4(8Z,11Z,14Z,17Z)/P-16:0)","PE(20:4(8Z,11Z,14Z,17Z)/P-16:0)","HMDB0009444","53479828","C00350","CCCCCCCCCCCCCC/C=C\O[C@H](COC(=O)CCCCCC/C=C\C/C=C\C/C=C\C/C=C\CC)COP(=O)(O)OCCN","1"
"PE(P-16:0/20:4(5Z,8Z,11Z,14Z))","PE(P-16:0/20:4(5Z,8Z,11Z,14Z))","HMDB0011352","52925126",NA,"CCCCCCCCCCCCCC/C=C\OC[C@H](COP(=O)(O)OCCN)OC(=O)CCC/C=C\C/C=C\C/C=C\C/C=C\CCCCC","1"
"PE(P-16:0/20:4(8Z,11Z,14Z,17Z))","PE(P-16:0/20:4(8Z,11Z,14Z,17Z))","HMDB0011353","53480847",NA,"CCCCCCCCCCCCCC/C=C\OC[C@H](COP(=O)(O)OCCN)OC(=O)CCCCCC/C=C\C/C=C\C/C=C\C/C=C\CC","1"
"PE(P-18:0/18:4(6Z,9Z,12Z,15Z))","PE(P-18:0/18:4(6Z,9Z,12Z,15Z))","HMDB0011379","52925082",NA,"CCCCCCCCCCCCCCCC/C=C\OC[C@H](COP(=O)(O)OCCN)OC(=O)CCCC/C=C\C/C=C\C/C=C\C/C=C\CC","1"
"PE(P-18:1(11Z)/18:3(6Z,9Z,12Z))","PE(P-18:1(11Z)/18:3(6Z,9Z,12Z))","HMDB0011410","53480870",NA,"CCCCCC/C=C\CCCCCCCC/C=C\OC[C@H](COP(=O)(O)OCCN)OC(=O)CCCC/C=C\C/C=C\C/C=C\CCCCC","1"
"PE(P-18:1(11Z)/18:3(9Z,12Z,15Z))","PE(P-18:1(11Z)/18:3(9Z,12Z,15Z))","HMDB0011411","53480871",NA,"CCCCCC/C=C\CCCCCCCC/C=C\OC[C@H](COP(=O)(O)OCCN)OC(=O)CCCCCCC/C=C\C/C=C\C/C=C\CC","1"
"PE(P-18:1(9Z)/18:3(6Z,9Z,12Z))","PE(P-18:1(9Z)/18:3(6Z,9Z,12Z))","HMDB0011443","53480899",NA,"CCCCCCCC/C=C\CCCCCC/C=C\OC[C@H](COP(=O)(O)OCCN)OC(=O)CCCC/C=C\C/C=C\C/C=C\CCCCC","1"
"PE(P-18:1(9Z)/18:3(9Z,12Z,15Z))","PE(P-18:1(9Z)/18:3(9Z,12Z,15Z))","HMDB0011444","53480900",NA,"CCCCCCCC/C=C\CCCCCC/C=C\OC[C@H](COP(=O)(O)OCCN)OC(=O)CCCCCCC/C=C\C/C=C\C/C=C\CC","1"
"PC(18:4(6Z,9Z,12Z,15Z)/P-16:0)","PC(18:4(6Z,9Z,12Z,15Z)/P-16:0)","HMDB0008258","53478871","C00157","CCCCCCCCCCCCCC/C=C\OC(COC(=O)CCCC/C=C\C/C=C\C/C=C\C/C=C\CC)COP(=O)([O-])OCC[N+](C)(C)C","1"
"PC(P-16:0/18:4(6Z,9Z,12Z,15Z))","PC(P-16:0/18:4(6Z,9Z,12Z,15Z))","HMDB0011214","52923896",NA,"CCCCCCCCCCCCCC/C=C\OC[C@H](COP(=O)([O-])OCC[N+](C)(C)C)OC(=O)CCCC/C=C\C/C=C\C/C=C\C/C=C\CC","1"
"PE(O-18:1(1Z)/20:4(5Z,8Z,11Z,14Z))","PE(O-18:1(1Z)/20:4(5Z,8Z,11Z,14Z))","HMDB0005779","9547058","C00350","CCCCCCCCCCCCCCCC/C=C\OC[C@H](COP(=O)(O)OCCN)OC(=O)CCC/C=C\C/C=C\C/C=C\C/C=C\CCCCC","1"
"PE(20:3(5Z,8Z,11Z)/P-18:1(11Z))","PE(20:3(5Z,8Z,11Z)/P-18:1(11Z))","HMDB0009347","53479773","C00350","CCCCCCCC/C=C\C/C=C\C/C=C\CCCC(=O)OC[C@H](COP(=O)(O)OCCN)O/C=C\CCCCCCCC/C=C\CCCCCC","1"
"PE(20:3(5Z,8Z,11Z)/P-18:1(9Z))","PE(20:3(5Z,8Z,11Z)/P-18:1(9Z))","HMDB0009348","53479774","C00350","CCCCCCCC/C=C\CCCCCC/C=C\O[C@H](COC(=O)CCC/C=C\C/C=C\C/C=C\CCCCCCCC)COP(=O)(O)OCCN","1"
"PE(20:3(8Z,11Z,14Z)/P-18:1(11Z))","PE(20:3(8Z,11Z,14Z)/P-18:1(11Z))","HMDB0009380","53479785","C00350","CCCCCC/C=C\CCCCCCCC/C=C\O[C@H](COC(=O)CCCCCC/C=C\C/C=C\C/C=C\CCCCC)COP(=O)(O)OCCN","1"
"PE(20:3(8Z,11Z,14Z)/P-18:1(9Z))","PE(20:3(8Z,11Z,14Z)/P-18:1(9Z))","HMDB0009381","53479786","C00350","CCCCCCCC/C=C\CCCCCC/C=C\O[C@H](COC(=O)CCCCCC/C=C\C/C=C\C/C=C\CCCCC)COP(=O)(O)OCCN","1"
"PE(20:4(5Z,8Z,11Z,14Z)/P-18:0)","PE(20:4(5Z,8Z,11Z,14Z)/P-18:0)","HMDB0009412","53479796","C00350","CCCCCCCCCCCCCCCC/C=C\O[C@H](COC(=O)CCC/C=C\C/C=C\C/C=C\C/C=C\CCCCC)COP(=O)(O)OCCN","1"
"PE(20:4(8Z,11Z,14Z,17Z)/P-18:0)","PE(20:4(8Z,11Z,14Z,17Z)/P-18:0)","HMDB0009445","53479829","C00350","CCCCCCCCCCCCCCCC/C=C\O[C@H](COC(=O)CCCCCC/C=C\C/C=C\C/C=C\C/C=C\CC)COP(=O)(O)OCCN","1"
"PE(22:4(7Z,10Z,13Z,16Z)/P-16:0)","PE(22:4(7Z,10Z,13Z,16Z)/P-16:0)","HMDB0009609","53479905","C00350","CCCCCCCCCCCCCC/C=C\O[C@H](COC(=O)CCCCC/C=C\C/C=C\C/C=C\C/C=C\CCCCC)COP(=O)(O)OCCN","1"
"PE(P-16:0/22:4(7Z,10Z,13Z,16Z))","PE(P-16:0/22:4(7Z,10Z,13Z,16Z))","HMDB0011358","52925066",NA,"CCCCCCCCCCCCCC/C=C\OC[C@H](COP(=O)(O)OCCN)OC(=O)CCCCC/C=C\C/C=C\C/C=C\C/C=C\CCCCC","1"
"PE(P-18:0/20:4(8Z,11Z,14Z,17Z))","PE(P-18:0/20:4(8Z,11Z,14Z,17Z))","HMDB0011386","53480855",NA,"CCCCCCCCCCCCCCCC/C=C\OC[C@H](COP(=O)(O)OCCN)OC(=O)CCCCCC/C=C\C/C=C\C/C=C\C/C=C\CC","1"
"PE(P-18:1(11Z)/20:3(5Z,8Z,11Z))","PE(P-18:1(11Z)/20:3(5Z,8Z,11Z))","HMDB0011416","53480876",NA,"CCCCCCCC/C=C\C/C=C\C/C=C\CCCC(=O)O[C@H](CO/C=C\CCCCCCCC/C=C\CCCCCC)COP(=O)(O)OCCN","1"
"PE(P-18:1(11Z)/20:3(8Z,11Z,14Z))","PE(P-18:1(11Z)/20:3(8Z,11Z,14Z))","HMDB0011417","53480877",NA,"CCCCCC/C=C\CCCCCCCC/C=C\OC[C@H](COP(=O)(O)OCCN)OC(=O)CCCCCC/C=C\C/C=C\C/C=C\CCCCC","1"
"PE(P-18:1(9Z)/20:3(5Z,8Z,11Z))","PE(P-18:1(9Z)/20:3(5Z,8Z,11Z))","HMDB0011449","53480905",NA,"CCCCCCCC/C=C\CCCCCC/C=C\OC[C@H](COP(=O)(O)OCCN)OC(=O)CCC/C=C\C/C=C\C/C=C\CCCCCCCC","1"
"PC(14:0/20:4(5Z,8Z,11Z,14Z))","PC(14:0/20:4(5Z,8Z,11Z,14Z))","HMDB0007883","24778634","C00157","CCCCCCCCCCCCCC(=O)OC[C@H](COP(=O)([O-])OCC[N+](C)(C)C)OC(=O)CCC/C=C\C/C=C\C/C=C\C/C=C\CCCCC","1"
"PC(14:0/20:4(8Z,11Z,14Z,17Z))","PC(14:0/20:4(8Z,11Z,14Z,17Z))","HMDB0007884","53478607","C00157","CCCCCCCCCCCCCC(=O)OC[C@H](COP(=O)([O-])OCC[N+](C)(C)C)OC(=O)CCCCCC/C=C\C/C=C\C/C=C\C/C=C\CC","1"
"PC(14:1(9Z)/20:3(5Z,8Z,11Z))","PC(14:1(9Z)/20:3(5Z,8Z,11Z))","HMDB0007914","53478625","C00157","CCCCCCCC/C=C\C/C=C\C/C=C\CCCC(=O)O[C@H](COC(=O)CCCCCCC/C=C\CCCC)COP(=O)([O-])OCC[N+](C)(C)C","1"
"PC(14:1(9Z)/20:3(8Z,11Z,14Z))","PC(14:1(9Z)/20:3(8Z,11Z,14Z))","HMDB0007915","52922282","C00157","CCCCC/C=C\C/C=C\C/C=C\CCCCCCC(=O)O[C@H](COC(=O)CCCCCCC/C=C\CCCC)COP(=O)([O-])OCC[N+](C)(C)C","1"
"PC(16:0/18:4(6Z,9Z,12Z,15Z))","PC(16:0/18:4(6Z,9Z,12Z,15Z))","HMDB0007976","24778703","C00157","CCCCCCCCCCCCCCCC(=O)OC[C@H](COP(=O)([O-])OCC[N+](C)(C)C)OC(=O)CCCC/C=C\C/C=C\C/C=C\C/C=C\CC","1"
"PC(16:1(9Z)/18:3(6Z,9Z,12Z))","PC(16:1(9Z)/18:3(6Z,9Z,12Z))","HMDB0008007","52922450","C00157","CCCCCC/C=C\CCCCCCCC(=O)OC[C@H](COP(=O)([O-])OCC[N+](C)(C)C)OC(=O)CCCC/C=C\C/C=C\C/C=C\CCCCC","1"
"PC(16:1(9Z)/18:3(9Z,12Z,15Z))","PC(16:1(9Z)/18:3(9Z,12Z,15Z))","HMDB0008008","52922452","C00157","CCCCCC/C=C\CCCCCCCC(=O)OC[C@H](COP(=O)([O-])OCC[N+](C)(C)C)OC(=O)CCCCCCC/C=C\C/C=C\C/C=C\CC","1"
"PC(18:3(6Z,9Z,12Z)/16:1(9Z))","PC(18:3(6Z,9Z,12Z)/16:1(9Z))","HMDB0008167","52922773","C00157","CCCCCC/C=C\CCCCCCCC(=O)O[C@H](COC(=O)CCCC/C=C\C/C=C\C/C=C\CCCCC)COP(=O)([O-])OCC[N+](C)(C)C","1"
"PC(18:3(9Z,12Z,15Z)/16:1(9Z))","PC(18:3(9Z,12Z,15Z)/16:1(9Z))","HMDB0008200","52922835","C00157","CCCCCC/C=C\CCCCCCCC(=O)O[C@H](COC(=O)CCCCCCC/C=C\C/C=C\C/C=C\CC)COP(=O)([O-])OCC[N+](C)(C)C","1"
"PC(18:4(6Z,9Z,12Z,15Z)/16:0)","PC(18:4(6Z,9Z,12Z,15Z)/16:0)","HMDB0008232","52922891","C00157","CCCCCCCCCCCCCCCC(=O)O[C@H](COC(=O)CCCC/C=C\C/C=C\C/C=C\C/C=C\CC)COP(=O)([O-])OCC[N+](C)(C)C","1"
"PC(20:3(5Z,8Z,11Z)/14:1(9Z))","PC(20:3(5Z,8Z,11Z)/14:1(9Z))","HMDB0008362","53478945","C00157","CCCCCCCC/C=C\C/C=C\C/C=C\CCCC(=O)OC[C@H](COP(=O)([O-])OCC[N+](C)(C)C)OC(=O)CCCCCCC/C=C\CCCC","1"
"PC(20:3(8Z,11Z,14Z)/14:1(9Z))","PC(20:3(8Z,11Z,14Z)/14:1(9Z))","HMDB0008395","52923215","C00157","CCCCC/C=C\C/C=C\C/C=C\CCCCCCC(=O)OC[C@H](COP(=O)([O-])OCC[N+](C)(C)C)OC(=O)CCCCCCC/C=C\CCCC","1"
"PC(20:4(5Z,8Z,11Z,14Z)/14:0)","PC(20:4(5Z,8Z,11Z,14Z)/14:0)","HMDB0008426","52923275","C00157","CCCCCCCCCCCCCC(=O)O[C@H](COC(=O)CCC/C=C\C/C=C\C/C=C\C/C=C\CCCCC)COP(=O)([O-])OCC[N+](C)(C)C","1"
"PC(20:4(8Z,11Z,14Z,17Z)/14:0)","PC(20:4(8Z,11Z,14Z,17Z)/14:0)","HMDB0008459","53479057","C00157","CCCCCCCCCCCCCC(=O)O[C@H](COC(=O)CCCCCC/C=C\C/C=C\C/C=C\C/C=C\CC)COP(=O)([O-])OCC[N+](C)(C)C","1"
"PE(15:0/22:4(7Z,10Z,13Z,16Z))","PE(15:0/22:4(7Z,10Z,13Z,16Z))","HMDB0008910","52924175","C00350","CCCCCCCCCCCCCCC(=O)OC[C@H](COP(=O)(O)OCCN)OC(=O)CCCCC/C=C\C/C=C\C/C=C\C/C=C\CCCCC","1"
"PE(22:4(7Z,10Z,13Z,16Z)/15:0)","PE(22:4(7Z,10Z,13Z,16Z)/15:0)","HMDB0009582","52924807","C00350","CCCCCCCCCCCCCCC(=O)O[C@H](COC(=O)CCCCC/C=C\C/C=C\C/C=C\C/C=C\CCCCC)COP(=O)(O)OCCN","1"
"PC(15:0/20:5(5Z,8Z,11Z,14Z,17Z))","PC(15:0/20:5(5Z,8Z,11Z,14Z,17Z))","HMDB0007951","52922332","C00157","CCCCCCCCCCCCCCC(=O)OC[C@H](COP(=O)([O-])OCC[N+](C)(C)C)OC(=O)CCC/C=C\C/C=C\C/C=C\C/C=C\C/C=C\CC","1"
"PC(20:5(5Z,8Z,11Z,14Z,17Z)/15:0)","PC(20:5(5Z,8Z,11Z,14Z,17Z)/15:0)","HMDB0008494","53479123","C00157","CCCCCCCCCCCCCCC(=O)OC(COC(=O)CCC/C=C\C/C=C\C/C=C\C/C=C\C/C=C\CC)COP(=O)([O-])OCC[N+](C)(C)C","1"
"PE(16:0/22:5(4Z,7Z,10Z,13Z,16Z))","PE(16:0/22:5(4Z,7Z,10Z,13Z,16Z))","HMDB0008944","53479589","C00350","CCCCCCCCCCCCCCCC(=O)OC[C@H](COP(=O)(O)OCCN)OC(=O)CC/C=C\C/C=C\C/C=C\C/C=C\C/C=C\CCCCC","1"
"PE(16:0/22:5(7Z,10Z,13Z,16Z,19Z))","PE(16:0/22:5(7Z,10Z,13Z,16Z,19Z))","HMDB0008945","53479590","C00350","CCCCCCCCCCCCCCCC(=O)OC[C@H](COP(=O)(O)OCCN)OC(=O)CCCCC/C=C\C/C=C\C/C=C\C/C=C\C/C=C\CC","1"
"PE(16:1(9Z)/22:4(7Z,10Z,13Z,16Z))","PE(16:1(9Z)/22:4(7Z,10Z,13Z,16Z))","HMDB0008976","52924241","C00350","CCCCCC/C=C\CCCCCCCC(=O)OC[C@H](COP(=O)(O)OCCN)OC(=O)CCCCC/C=C\C/C=C\C/C=C\C/C=C\CCCCC","1"
"PE(18:0/20:5(5Z,8Z,11Z,14Z,17Z))","PE(18:0/20:5(5Z,8Z,11Z,14Z,17Z))","HMDB0009005","52924902","C00350","CCCCCCCCCCCCCCCCCC(=O)OC[C@H](COP(=O)(O)OCCN)OC(=O)CCC/C=C\C/C=C\C/C=C\C/C=C\C/C=C\CC","1"
"PE(18:1(11Z)/20:4(5Z,8Z,11Z,14Z))","PE(18:1(11Z)/20:4(5Z,8Z,11Z,14Z))","HMDB0009036","53479635","C00350","CCCCCC/C=C\CCCCCCCCCC(=O)OC[C@H](COP(=O)(O)OCCN)OC(=O)CCC/C=C\C/C=C\C/C=C\C/C=C\CCCCC","1"
"PE(18:1(11Z)/20:4(8Z,11Z,14Z,17Z))","PE(18:1(11Z)/20:4(8Z,11Z,14Z,17Z))","HMDB0009037","53479636","C00350","CCCCCC/C=C\CCCCCCCCCC(=O)OC[C@H](COP(=O)(O)OCCN)OC(=O)CCCCCC/C=C\C/C=C\C/C=C\C/C=C\CC","1"
"PE(18:1(9Z)/20:4(5Z,8Z,11Z,14Z))","PE(18:1(9Z)/20:4(5Z,8Z,11Z,14Z))","HMDB0009069","52924897","C00350","CCCCCCCC/C=C\CCCCCCCC(=O)OC[C@H](COP(=O)(O)OCCN)OC(=O)CCC/C=C\C/C=C\C/C=C\C/C=C\CCCCC","1"
"PE(18:1(9Z)/20:4(8Z,11Z,14Z,17Z))","PE(18:1(9Z)/20:4(8Z,11Z,14Z,17Z))","HMDB0009070","53479651","C00350","CCCCCCCC/C=C\CCCCCCCC(=O)OC[C@H](COP(=O)(O)OCCN)OC(=O)CCCCCC/C=C\C/C=C\C/C=C\C/C=C\CC","1"
"PE(18:2(9Z,12Z)/20:3(5Z,8Z,11Z))","PE(18:2(9Z,12Z)/20:3(5Z,8Z,11Z))","HMDB0009100","53479662","C00350","CCCCCCCC/C=C\C/C=C\C/C=C\CCCC(=O)O[C@H](COC(=O)CCCCCCC/C=C\C/C=C\CCCCC)COP(=O)(O)OCCN","1"
"PE(18:2(9Z,12Z)/20:3(8Z,11Z,14Z))","PE(18:2(9Z,12Z)/20:3(8Z,11Z,14Z))","HMDB0009101","52924373","C00350","CCCCC/C=C\C/C=C\CCCCCCCC(=O)OC[C@H](COP(=O)(O)OCCN)OC(=O)CCCCCC/C=C\C/C=C\C/C=C\CCCCC","1"
"PE(18:3(6Z,9Z,12Z)/20:2(11Z,14Z))","PE(18:3(6Z,9Z,12Z)/20:2(11Z,14Z))","HMDB0009132","52924401","C00350","CCCCC/C=C\C/C=C\CCCCCCCCCC(=O)O[C@H](COC(=O)CCCC/C=C\C/C=C\C/C=C\CCCCC)COP(=O)(O)OCCN","1"
"PE(18:3(9Z,12Z,15Z)/20:2(11Z,14Z))","PE(18:3(9Z,12Z,15Z)/20:2(11Z,14Z))","HMDB0009165","52924429","C00350","CCCCC/C=C\C/C=C\CCCCCCCCCC(=O)O[C@H](COC(=O)CCCCCCC/C=C\C/C=C\C/C=C\CC)COP(=O)(O)OCCN","1"
"PE(18:4(6Z,9Z,12Z,15Z)/20:1(11Z))","PE(18:4(6Z,9Z,12Z,15Z)/20:1(11Z))","HMDB0009197","52924459","C00350","CCCCCCCC/C=C\CCCCCCCCCC(=O)O[C@H](COC(=O)CCCC/C=C\C/C=C\C/C=C\C/C=C\CC)COP(=O)(O)OCCN","1"
"PE(20:1(11Z)/18:4(6Z,9Z,12Z,15Z))","PE(20:1(11Z)/18:4(6Z,9Z,12Z,15Z))","HMDB0009261","52924558","C00350","CCCCCCCC/C=C\CCCCCCCCCC(=O)OC[C@H](COP(=O)(O)OCCN)OC(=O)CCCC/C=C\C/C=C\C/C=C\C/C=C\CC","1"
"PE(20:2(11Z,14Z)/18:3(6Z,9Z,12Z))","PE(20:2(11Z,14Z)/18:3(6Z,9Z,12Z))","HMDB0009292","52924586","C00350","CCCCC/C=C\C/C=C\CCCCCCCCCC(=O)OC[C@H](COP(=O)(O)OCCN)OC(=O)CCCC/C=C\C/C=C\C/C=C\CCCCC","1"
"PE(20:2(11Z,14Z)/18:3(9Z,12Z,15Z))","PE(20:2(11Z,14Z)/18:3(9Z,12Z,15Z))","HMDB0009293","52924587","C00350","CCCCC/C=C\C/C=C\CCCCCCCCCC(=O)OC[C@H](COP(=O)(O)OCCN)OC(=O)CCCCCCC/C=C\C/C=C\C/C=C\CC","1"
"PE(20:3(5Z,8Z,11Z)/18:2(9Z,12Z))","PE(20:3(5Z,8Z,11Z)/18:2(9Z,12Z))","HMDB0009324","53479750","C00350","CCCCCCCC/C=C\C/C=C\C/C=C\CCCC(=O)OC[C@H](COP(=O)(O)OCCN)OC(=O)CCCCCCC/C=C\C/C=C\CCCCC","1"
"PE(20:3(8Z,11Z,14Z)/18:2(9Z,12Z))","PE(20:3(8Z,11Z,14Z)/18:2(9Z,12Z))","HMDB0009357","52924616","C00350","CCCCC/C=C\C/C=C\CCCCCCCC(=O)O[C@H](COC(=O)CCCCCC/C=C\C/C=C\C/C=C\CCCCC)COP(=O)(O)OCCN","1"
"PE(20:4(5Z,8Z,11Z,14Z)/18:1(11Z))","PE(20:4(5Z,8Z,11Z,14Z)/18:1(11Z))","HMDB0009388","53479787","C00350","CCCCCC/C=C\CCCCCCCCCC(=O)O[C@H](COC(=O)CCC/C=C\C/C=C\C/C=C\C/C=C\CCCCC)COP(=O)(O)OCCN","1"
"PE(20:4(5Z,8Z,11Z,14Z)/18:1(9Z))","PE(20:4(5Z,8Z,11Z,14Z)/18:1(9Z))","HMDB0009389","52924645","C00350","CCCCCCCC/C=C\CCCCCCCC(=O)O[C@H](COC(=O)CCC/C=C\C/C=C\C/C=C\C/C=C\CCCCC)COP(=O)(O)OCCN","1"
"PE(20:4(8Z,11Z,14Z,17Z)/18:1(11Z))","PE(20:4(8Z,11Z,14Z,17Z)/18:1(11Z))","HMDB0009421","53479805","C00350","CCCCCC/C=C\CCCCCCCCCC(=O)O[C@H](COC(=O)CCCCCC/C=C\C/C=C\C/C=C\C/C=C\CC)COP(=O)(O)OCCN","1"
"PE(20:4(8Z,11Z,14Z,17Z)/18:1(9Z))","PE(20:4(8Z,11Z,14Z,17Z)/18:1(9Z))","HMDB0009422","53479806","C00350","CCCCCCCC/C=C\CCCCCCCC(=O)O[C@H](COC(=O)CCCCCC/C=C\C/C=C\C/C=C\C/C=C\CC)COP(=O)(O)OCCN","1"
"PE(20:5(5Z,8Z,11Z,14Z,17Z)/18:0)","PE(20:5(5Z,8Z,11Z,14Z,17Z)/18:0)","HMDB0009453","52924674","C00350","CCCCCCCCCCCCCCCCCC(=O)O[C@H](COC(=O)CCC/C=C\C/C=C\C/C=C\C/C=C\C/C=C\CC)COP(=O)(O)OCCN","1"
"PE(22:4(7Z,10Z,13Z,16Z)/16:1(9Z))","PE(22:4(7Z,10Z,13Z,16Z)/16:1(9Z))","HMDB0009584","52924810","C00350","CCCCCC/C=C\CCCCCCCC(=O)O[C@H](COC(=O)CCCCC/C=C\C/C=C\C/C=C\C/C=C\CCCCC)COP(=O)(O)OCCN","1"
"PE(22:5(4Z,7Z,10Z,13Z,16Z)/16:0)","PE(22:5(4Z,7Z,10Z,13Z,16Z)/16:0)","HMDB0009616","53479912","C00350","CCCCCCCCCCCCCCCC(=O)O[C@H](COC(=O)CC/C=C\C/C=C\C/C=C\C/C=C\C/C=C\CCCCC)COP(=O)(O)OCCN","1"
"PE(22:5(7Z,10Z,13Z,16Z,19Z)/16:0)","PE(22:5(7Z,10Z,13Z,16Z,19Z)/16:0)","HMDB0009649","53479945","C00350","CCCCCCCCCCCCCCCC(=O)O[C@H](COC(=O)CCCCC/C=C\C/C=C\C/C=C\C/C=C\C/C=C\CC)COP(=O)(O)OCCN","1"
"PC(15:0/20:4(5Z,8Z,11Z,14Z))","PC(15:0/20:4(5Z,8Z,11Z,14Z))","HMDB0007949","52922330","C00157","CCCCCCCCCCCCCCC(=O)OC[C@H](COP(=O)([O-])OCC[N+](C)(C)C)OC(=O)CCC/C=C\C/C=C\C/C=C\C/C=C\CCCCC","1"
"PC(15:0/20:4(8Z,11Z,14Z,17Z))","PC(15:0/20:4(8Z,11Z,14Z,17Z))","HMDB0007950","53478649","C00157","CCCCCCCCCCCCCCC(=O)OC[C@H](COP(=O)([O-])OCC[N+](C)(C)C)OC(=O)CCCCCC/C=C\C/C=C\C/C=C\C/C=C\CC","1"
"PC(20:4(5Z,8Z,11Z,14Z)/15:0)","PC(20:4(5Z,8Z,11Z,14Z)/15:0)","HMDB0008428","52923279","C00157","CCCCCCCCCCCCCCC(=O)O[C@H](COC(=O)CCC/C=C\C/C=C\C/C=C\C/C=C\CCCCC)COP(=O)([O-])OCC[N+](C)(C)C","1"
"PC(20:4(8Z,11Z,14Z,17Z)/15:0)","PC(20:4(8Z,11Z,14Z,17Z)/15:0)","HMDB0008461","53479061","C00157","CCCCCCCCCCCCCCC(=O)O[C@H](COC(=O)CCCCCC/C=C\C/C=C\C/C=C\C/C=C\CC)COP(=O)([O-])OCC[N+](C)(C)C","1"
"PE(16:0/22:4(7Z,10Z,13Z,16Z))","PE(16:0/22:4(7Z,10Z,13Z,16Z))","HMDB0008943","9546817","C00350","CCCCCCCCCCCCCCCC(=O)OC[C@H](COP(=O)(O)OCCN)OC(=O)CCCCC/C=C\C/C=C\C/C=C\C/C=C\CCCCC","1"
"PE(16:1(9Z)/20:3(8Z,11Z,14Z))","PE(16:1(9Z)/20:3(8Z,11Z,14Z))","HMDB0008969","53479598","C00350","CCCCCC/C=C\CCCCCCCC(=O)OC[C@H](COP(=O)(O)OCCN)OC(=O)CCCCCCCC/C=C\C/C=C\C/C=C\CCCCC","1"
"PE(18:0/20:4(5Z,8Z,11Z,14Z))","PE(18:0/20:4(5Z,8Z,11Z,14Z))","HMDB0009003","5289133","C00350","CCCCCCCCCCCCCCCCCC(=O)OC[C@H](COP(=O)(O)OCCN)OC(=O)CCC/C=C\C/C=C\C/C=C\C/C=C\CCCCC","1"
"PE(18:0/20:4(8Z,11Z,14Z,17Z))","PE(18:0/20:4(8Z,11Z,14Z,17Z))","HMDB0009004","53479610","C00350","CCCCCCCCCCCCCCCCCC(=O)OC[C@H](COP(=O)(O)OCCN)OC(=O)CCCCCC/C=C\C/C=C\C/C=C\C/C=C\CC","1"
"PE(18:1(11Z)/20:3(5Z,8Z,11Z))","PE(18:1(11Z)/20:3(5Z,8Z,11Z))","HMDB0009034","53479633","C00350","CCCCCCCC/C=C\C/C=C\C/C=C\CCCC(=O)O[C@H](COC(=O)CCCCCCCCC/C=C\CCCCCC)COP(=O)(O)OCCN","1"
"PE(18:1(11Z)/20:3(8Z,11Z,14Z))","PE(18:1(11Z)/20:3(8Z,11Z,14Z))","HMDB0009035","53479634","C00350","CCCCCC/C=C\CCCCCCCCCC(=O)OC[C@H](COP(=O)(O)OCCN)OC(=O)CCCCCC/C=C\C/C=C\C/C=C\CCCCC","1"
"PE(18:1(9Z)/20:3(5Z,8Z,11Z))","PE(18:1(9Z)/20:3(5Z,8Z,11Z))","HMDB0009067","9546816","C00350","CCCCCCCC/C=C\CCCCCCCC(=O)OC[C@H](COP(=O)(O)OCCN)OC(=O)CCC/C=C\C/C=C\C/C=C\CCCCCCCC","1"
"PE(18:1(9Z)/20:3(8Z,11Z,14Z))","PE(18:1(9Z)/20:3(8Z,11Z,14Z))","HMDB0009068","52924349","C00350","CCCCCCCC/C=C\CCCCCCCC(=O)OC[C@H](COP(=O)(O)OCCN)OC(=O)CCCCCC/C=C\C/C=C\C/C=C\CCCCC","1"
"PE(18:2(9Z,12Z)/20:2(11Z,14Z))","PE(18:2(9Z,12Z)/20:2(11Z,14Z))","HMDB0009099","52924372","C00350","CCCCC/C=C\C/C=C\CCCCCCCCCC(=O)O[C@H](COC(=O)CCCCCCC/C=C\C/C=C\CCCCC)COP(=O)(O)OCCN","1"
"PE(18:3(6Z,9Z,12Z)/20:1(11Z))","PE(18:3(6Z,9Z,12Z)/20:1(11Z))","HMDB0009131","52924400","C00350","CCCCCCCC/C=C\CCCCCCCCCC(=O)O[C@H](COC(=O)CCCC/C=C\C/C=C\C/C=C\CCCCC)COP(=O)(O)OCCN","1"
"PE(18:3(9Z,12Z,15Z)/20:1(11Z))","PE(18:3(9Z,12Z,15Z)/20:1(11Z))","HMDB0009164","52924428","C00350","CCCCCCCC/C=C\CCCCCCCCCC(=O)O[C@H](COC(=O)CCCCCCC/C=C\C/C=C\C/C=C\CC)COP(=O)(O)OCCN","1"
"PE(18:4(6Z,9Z,12Z,15Z)/20:0)","PE(18:4(6Z,9Z,12Z,15Z)/20:0)","HMDB0009196","52924458","C00350","CCCCCCCCCCCCCCCCCCCC(=O)O[C@H](COC(=O)CCCC/C=C\C/C=C\C/C=C\C/C=C\CC)COP(=O)(O)OCCN","1"
"PE(20:0/18:4(6Z,9Z,12Z,15Z))","PE(20:0/18:4(6Z,9Z,12Z,15Z))","HMDB0009228","9546815","C00350","CCCCCCCCCCCCCCCCCCCC(=O)OC[C@H](COP(=O)(O)OCCN)OC(=O)CCCC/C=C\C/C=C\C/C=C\C/C=C\CC","1"
"PE(20:1(11Z)/18:3(6Z,9Z,12Z))","PE(20:1(11Z)/18:3(6Z,9Z,12Z))","HMDB0009259","52924556","C00350","CCCCCCCC/C=C\CCCCCCCCCC(=O)OC[C@H](COP(=O)(O)OCCN)OC(=O)CCCC/C=C\C/C=C\C/C=C\CCCCC","1"
"PE(20:1(11Z)/18:3(9Z,12Z,15Z))","PE(20:1(11Z)/18:3(9Z,12Z,15Z))","HMDB0009260","52924557","C00350","CCCCCCCC/C=C\CCCCCCCCCC(=O)OC[C@H](COP(=O)(O)OCCN)OC(=O)CCCCCCC/C=C\C/C=C\C/C=C\CC","1"
"PE(20:2(11Z,14Z)/18:2(9Z,12Z))","PE(20:2(11Z,14Z)/18:2(9Z,12Z))","HMDB0009291","52924585","C00350","CCCCC/C=C\C/C=C\CCCCCCCCCC(=O)OC[C@H](COP(=O)(O)OCCN)OC(=O)CCCCCCC/C=C\C/C=C\CCCCC","1"
"PE(20:3(5Z,8Z,11Z)/18:1(11Z))","PE(20:3(5Z,8Z,11Z)/18:1(11Z))","HMDB0009322","53479748","C00350","CCCCCCCC/C=C\C/C=C\C/C=C\CCCC(=O)OC[C@H](COP(=O)(O)OCCN)OC(=O)CCCCCCCCC/C=C\CCCCCC","1"
"PE(20:3(5Z,8Z,11Z)/18:1(9Z))","PE(20:3(5Z,8Z,11Z)/18:1(9Z))","HMDB0009323","53479749","C00350","CCCCCCCC/C=C\CCCCCCCC(=O)O[C@H](COC(=O)CCC/C=C\C/C=C\C/C=C\CCCCCCCC)COP(=O)(O)OCCN","1"
"PE(20:3(8Z,11Z,14Z)/18:1(11Z))","PE(20:3(8Z,11Z,14Z)/18:1(11Z))","HMDB0009355","53479775","C00350","CCCCCC/C=C\CCCCCCCCCC(=O)O[C@H](COC(=O)CCCCCC/C=C\C/C=C\C/C=C\CCCCC)COP(=O)(O)OCCN","1"
"PE(20:3(8Z,11Z,14Z)/18:1(9Z))","PE(20:3(8Z,11Z,14Z)/18:1(9Z))","HMDB0009356","52924615","C00350","CCCCCCCC/C=C\CCCCCCCC(=O)O[C@H](COC(=O)CCCCCC/C=C\C/C=C\C/C=C\CCCCC)COP(=O)(O)OCCN","1"
"PE(20:4(5Z,8Z,11Z,14Z)/18:0)","PE(20:4(5Z,8Z,11Z,14Z)/18:0)","HMDB0009387","52924644","C00350","CCCCCCCCCCCCCCCCCC(=O)O[C@H](COC(=O)CCC/C=C\C/C=C\C/C=C\C/C=C\CCCCC)COP(=O)(O)OCCN","1"
"PE(20:4(8Z,11Z,14Z,17Z)/18:0)","PE(20:4(8Z,11Z,14Z,17Z)/18:0)","HMDB0009420","53479804","C00350","CCCCCCCCCCCCCCCCCC(=O)O[C@H](COC(=O)CCCCCC/C=C\C/C=C\C/C=C\C/C=C\CC)COP(=O)(O)OCCN","1"
"PE(22:4(7Z,10Z,13Z,16Z)/16:0)","PE(22:4(7Z,10Z,13Z,16Z)/16:0)","HMDB0009583","52924809","C00350","CCCCCCCCCCCCCCCC(=O)O[C@H](COC(=O)CCCCC/C=C\C/C=C\C/C=C\C/C=C\CCCCC)COP(=O)(O)OCCN","1"
"PG(16:0/18:0)","PG(16:0/18:0)","HMDB0010572","449008",NA,"CCCCCCCCCCCCCCCCCC(=O)O[C@H](COC(=O)CCCCCCCCCCCCCCC)COP(=O)(O)OC[C@H](CO)O","1"
"PG(18:0/16:0)","PG(18:0/16:0)","HMDB0010600","52927153",NA,"CCCCCCCCCCCCCCCCCC(=O)OC[C@H](COP(=O)(O)OC[C@H](CO)O)OC(=O)CCCCCCCCCCCCCCC","1"
"PC(14:0/22:4(7Z,10Z,13Z,16Z))","PC(14:0/22:4(7Z,10Z,13Z,16Z))","HMDB0007889","52922238","C00157","CCCCCCCCCCCCCC(=O)OC[C@H](COP(=O)([O-])OCC[N+](C)(C)C)OC(=O)CCCCC/C=C\C/C=C\C/C=C\C/C=C\CCCCC","1"
"PC(16:0/20:4(5Z,8Z,11Z,14Z))","PC(16:0/20:4(5Z,8Z,11Z,14Z))","HMDB0007982","10747814","C00157","CCCCCCCCCCCCCCCC(=O)OC[C@H](COP(=O)([O-])OCC[N+](C)(C)C)OC(=O)CCC/C=C\C/C=C\C/C=C\C/C=C\CCCCC","1"
"PC(16:0/20:4(8Z,11Z,14Z,17Z))","PC(16:0/20:4(8Z,11Z,14Z,17Z))","HMDB0007983","53478669","C00157","CCCCCCCCCCCCCCCC(=O)OC[C@H](COP(=O)([O-])OCC[N+](C)(C)C)OC(=O)CCCCCC/C=C\C/C=C\C/C=C\C/C=C\CC","1"
"PC(16:1(9Z)/20:3(5Z,8Z,11Z))","PC(16:1(9Z)/20:3(5Z,8Z,11Z))","HMDB0008013","53478679","C00157","CCCCCCCC/C=C\C/C=C\C/C=C\CCCC(=O)O[C@H](COC(=O)CCCCCCC/C=C\CCCCCC)COP(=O)([O-])OCC[N+](C)(C)C","1"
"PC(16:1(9Z)/20:3(8Z,11Z,14Z))","PC(16:1(9Z)/20:3(8Z,11Z,14Z))","HMDB0008014","52922463","C00157","CCCCCC/C=C\CCCCCCCC(=O)OC[C@H](COP(=O)([O-])OCC[N+](C)(C)C)OC(=O)CCCCCC/C=C\C/C=C\C/C=C\CCCCC","1"
"PC(18:0/18:4(6Z,9Z,12Z,15Z))","PC(18:0/18:4(6Z,9Z,12Z,15Z))","HMDB0008042","24778833","C00157","CCCCCCCCCCCCCCCCCC(=O)OC[C@H](COP(=O)([O-])OCC[N+](C)(C)C)OC(=O)CCCC/C=C\C/C=C\C/C=C\C/C=C\CC","1"
"PC(18:1(11Z)/18:3(6Z,9Z,12Z))","PC(18:1(11Z)/18:3(6Z,9Z,12Z))","HMDB0008073","53478725","C00157","CCCCCC/C=C\CCCCCCCCCC(=O)OC[C@H](COP(=O)([O-])OCC[N+](C)(C)C)OC(=O)CCCC/C=C\C/C=C\C/C=C\CCCCC","1"
"PC(18:1(11Z)/18:3(9Z,12Z,15Z))","PC(18:1(11Z)/18:3(9Z,12Z,15Z))","HMDB0008074","53478727","C00157","CCCCCC/C=C\CCCCCCCCCC(=O)OC[C@H](COP(=O)([O-])OCC[N+](C)(C)C)OC(=O)CCCCCCC/C=C\C/C=C\C/C=C\CC","1"
"PC(18:1(9Z)/18:3(6Z,9Z,12Z))","PC(18:1(9Z)/18:3(6Z,9Z,12Z))","HMDB0008106","52922685","C00157","CCCCCCCC/C=C\CCCCCCCC(=O)OC[C@H](COP(=O)([O-])OCC[N+](C)(C)C)OC(=O)CCCC/C=C\C/C=C\C/C=C\CCCCC","1"
"PC(18:1(9Z)/18:3(9Z,12Z,15Z))","PC(18:1(9Z)/18:3(9Z,12Z,15Z))","HMDB0008107","24778941","C00157","CCCCCCCC/C=C\CCCCCCCC(=O)OC[C@H](COP(=O)([O-])OCC[N+](C)(C)C)OC(=O)CCCCCCC/C=C\C/C=C\C/C=C\CC","1"
"PC(18:2(9Z,12Z)/18:2(9Z,12Z))","PC(18:2(9Z,12Z)/18:2(9Z,12Z))","HMDB0008138","5288075","C00157","CCCCC/C=C\C/C=C\CCCCCCCC(=O)OC[C@H](COP(=O)([O-])OCC[N+](C)(C)C)OC(=O)CCCCCCC/C=C\C/C=C\CCCCC","1"
"PC(18:3(6Z,9Z,12Z)/18:1(11Z))","PC(18:3(6Z,9Z,12Z)/18:1(11Z))","HMDB0008169","53478807","C00157","CCCCCC/C=C\CCCCCCCCCC(=O)O[C@H](COC(=O)CCCC/C=C\C/C=C\C/C=C\CCCCC)COP(=O)([O-])OCC[N+](C)(C)C","1"
"PC(18:3(6Z,9Z,12Z)/18:1(9Z))","PC(18:3(6Z,9Z,12Z)/18:1(9Z))","HMDB0008170","52922783","C00157","CCCCCCCC/C=C\CCCCCCCC(=O)O[C@H](COC(=O)CCCC/C=C\C/C=C\C/C=C\CCCCC)COP(=O)([O-])OCC[N+](C)(C)C","1"
"PC(18:3(9Z,12Z,15Z)/18:1(11Z))","PC(18:3(9Z,12Z,15Z)/18:1(11Z))","HMDB0008202","53478831","C00157","CCCCCC/C=C\CCCCCCCCCC(=O)O[C@H](COC(=O)CCCCCCC/C=C\C/C=C\C/C=C\CC)COP(=O)([O-])OCC[N+](C)(C)C","1"
"PC(18:3(9Z,12Z,15Z)/18:1(9Z))","PC(18:3(9Z,12Z,15Z)/18:1(9Z))","HMDB0008203","24778989","C00157","CCCCCCCC/C=C\CCCCCCCC(=O)O[C@H](COC(=O)CCCCCCC/C=C\C/C=C\C/C=C\CC)COP(=O)([O-])OCC[N+](C)(C)C","1"
"PC(18:4(6Z,9Z,12Z,15Z)/18:0)","PC(18:4(6Z,9Z,12Z,15Z)/18:0)","HMDB0008234","52922901","C00157","CCCCCCCCCCCCCCCCCC(=O)O[C@H](COC(=O)CCCC/C=C\C/C=C\C/C=C\C/C=C\CC)COP(=O)([O-])OCC[N+](C)(C)C","1"
"PC(20:3(5Z,8Z,11Z)/16:1(9Z))","PC(20:3(5Z,8Z,11Z)/16:1(9Z))","HMDB0008365","53478951","C00157","CCCCCCCC/C=C\C/C=C\C/C=C\CCCC(=O)OC[C@H](COP(=O)([O-])OCC[N+](C)(C)C)OC(=O)CCCCCCC/C=C\CCCCCC","1"
"PC(20:3(8Z,11Z,14Z)/16:1(9Z))","PC(20:3(8Z,11Z,14Z)/16:1(9Z))","HMDB0008398","52923223","C00157","CCCCCC/C=C\CCCCCCCC(=O)O[C@H](COC(=O)CCCCCC/C=C\C/C=C\C/C=C\CCCCC)COP(=O)([O-])OCC[N+](C)(C)C","1"
"PC(20:4(5Z,8Z,11Z,14Z)/16:0)","PC(20:4(5Z,8Z,11Z,14Z)/16:0)","HMDB0008429","24779073","C00157","CCCCCCCCCCCCCCCC(=O)O[C@H](COC(=O)CCC/C=C\C/C=C\C/C=C\C/C=C\CCCCC)COP(=O)([O-])OCC[N+](C)(C)C","1"
"PC(20:4(8Z,11Z,14Z,17Z)/16:0)","PC(20:4(8Z,11Z,14Z,17Z)/16:0)","HMDB0008462","53479063","C00157","CCCCCCCCCCCCCCCC(=O)O[C@H](COC(=O)CCCCCC/C=C\C/C=C\C/C=C\C/C=C\CC)COP(=O)([O-])OCC[N+](C)(C)C","1"
"PC(22:4(7Z,10Z,13Z,16Z)/14:0)","PC(22:4(7Z,10Z,13Z,16Z)/14:0)","HMDB0008623","52923613","C00157","CCCCCCCCCCCCCC(=O)O[C@H](COC(=O)CCCCC/C=C\C/C=C\C/C=C\C/C=C\CCCCC)COP(=O)([O-])OCC[N+](C)(C)C","1"
"PE(18:1(11Z)/22:6(4Z,7Z,10Z,13Z,16Z,19Z))","PE(18:1(11Z)/22:6(4Z,7Z,10Z,13Z,16Z,19Z))","HMDB0009045","53479643","C00350","CCCCCC/C=C\CCCCCCCCCC(=O)OC[C@H](COP(=O)(O)OCCN)OC(=O)CC/C=C\C/C=C\C/C=C\C/C=C\C/C=C\C/C=C\CC","1"
"PE(18:1(9Z)/22:6(4Z,7Z,10Z,13Z,16Z,19Z))","PE(18:1(9Z)/22:6(4Z,7Z,10Z,13Z,16Z,19Z))","HMDB0009078","52922113","C00350","CCCCCCCC/C=C\CCCCCCCC(=O)OC[C@H](COP(=O)(O)OCCN)OC(=O)CC/C=C\C/C=C\C/C=C\C/C=C\C/C=C\C/C=C\CC","1"
"PE(18:2(9Z,12Z)/22:5(4Z,7Z,10Z,13Z,16Z))","PE(18:2(9Z,12Z)/22:5(4Z,7Z,10Z,13Z,16Z))","HMDB0009109","53479665","C00350","CCCCC/C=C\C/C=C\CCCCCCCC(=O)OC[C@H](COP(=O)(O)OCCN)OC(=O)CC/C=C\C/C=C\C/C=C\C/C=C\C/C=C\CCCCC","1"
"PE(18:2(9Z,12Z)/22:5(7Z,10Z,13Z,16Z,19Z))","PE(18:2(9Z,12Z)/22:5(7Z,10Z,13Z,16Z,19Z))","HMDB0009110","53479666","C00350","CCCCC/C=C\C/C=C\CCCCCCCC(=O)OC[C@H](COP(=O)(O)OCCN)OC(=O)CCCCC/C=C\C/C=C\C/C=C\C/C=C\C/C=C\CC","1"
"PE(18:3(6Z,9Z,12Z)/22:4(7Z,10Z,13Z,16Z))","PE(18:3(6Z,9Z,12Z)/22:4(7Z,10Z,13Z,16Z))","HMDB0009141","52924409","C00350","CCCCC/C=C\C/C=C\C/C=C\CCCCC(=O)OC[C@H](COP(=O)(O)OCCN)OC(=O)CCCCC/C=C\C/C=C\C/C=C\C/C=C\CCCCC","1"
"PE(18:3(9Z,12Z,15Z)/22:4(7Z,10Z,13Z,16Z))","PE(18:3(9Z,12Z,15Z)/22:4(7Z,10Z,13Z,16Z))","HMDB0009174","52924437","C00350","CCCCC/C=C\C/C=C\C/C=C\C/C=C\CCCCCC(=O)O[C@H](COC(=O)CCCCCCC/C=C\C/C=C\C/C=C\CC)COP(=O)(O)OCCN","1"
"PE(20:2(11Z,14Z)/20:5(5Z,8Z,11Z,14Z,17Z))","PE(20:2(11Z,14Z)/20:5(5Z,8Z,11Z,14Z,17Z))","HMDB0009302","52924596","C00350","CCCCC/C=C\C/C=C\CCCCCCCCCC(=O)OC[C@H](COP(=O)(O)OCCN)OC(=O)CCC/C=C\C/C=C\C/C=C\C/C=C\C/C=C\CC","1"
"PE(20:3(5Z,8Z,11Z)/20:4(5Z,8Z,11Z,14Z))","PE(20:3(5Z,8Z,11Z)/20:4(5Z,8Z,11Z,14Z))","HMDB0009333","53479759","C00350","CCCCCCCC/C=C\C/C=C\C/C=C\CCCC(=O)OC[C@H](COP(=O)(O)OCCN)OC(=O)CCC/C=C\C/C=C\C/C=C\C/C=C\CCCCC","1"
"PE(20:3(5Z,8Z,11Z)/20:4(8Z,11Z,14Z,17Z))","PE(20:3(5Z,8Z,11Z)/20:4(8Z,11Z,14Z,17Z))","HMDB0009334","53479760","C00350","CCCCCCCC/C=C\C/C=C\C/C=C\CCCC(=O)OC[C@H](COP(=O)(O)OCCN)OC(=O)CCCCCC/C=C\C/C=C\C/C=C\C/C=C\CC","1"
"PE(20:3(8Z,11Z,14Z)/20:4(5Z,8Z,11Z,14Z))","PE(20:3(8Z,11Z,14Z)/20:4(5Z,8Z,11Z,14Z))","HMDB0009366","52924626","C00350","CCCCC/C=C\C/C=C\C/C=C\CCCCCCC(=O)OC[C@H](COP(=O)(O)OCCN)OC(=O)CCC/C=C\C/C=C\C/C=C\C/C=C\CCCCC","1"
"PE(20:3(8Z,11Z,14Z)/20:4(8Z,11Z,14Z,17Z))","PE(20:3(8Z,11Z,14Z)/20:4(8Z,11Z,14Z,17Z))","HMDB0009367","53479777","C00350","CCCCC/C=C\C/C=C\C/C=C\CCCCCCC(=O)OC[C@H](COP(=O)(O)OCCN)OC(=O)CCCCCC/C=C\C/C=C\C/C=C\C/C=C\CC","1"
"PE(20:4(5Z,8Z,11Z,14Z)/20:3(5Z,8Z,11Z))","PE(20:4(5Z,8Z,11Z,14Z)/20:3(5Z,8Z,11Z))","HMDB0009397","53479788","C00350","CCCCCCCC/C=C\C/C=C\C/C=C\CCCC(=O)O[C@H](COC(=O)CCC/C=C\C/C=C\C/C=C\C/C=C\CCCCC)COP(=O)(O)OCCN","1"
"PE(20:4(5Z,8Z,11Z,14Z)/20:3(8Z,11Z,14Z))","PE(20:4(5Z,8Z,11Z,14Z)/20:3(8Z,11Z,14Z))","HMDB0009398","52924655","C00350","CCCCC/C=C\C/C=C\C/C=C\CCCCCCC(=O)O[C@H](COC(=O)CCC/C=C\C/C=C\C/C=C\C/C=C\CCCCC)COP(=O)(O)OCCN","1"
"PE(20:4(8Z,11Z,14Z,17Z)/20:3(5Z,8Z,11Z))","PE(20:4(8Z,11Z,14Z,17Z)/20:3(5Z,8Z,11Z))","HMDB0009430","53479814","C00350","CCCCCCCC/C=C\C/C=C\C/C=C\CCCC(=O)O[C@H](COC(=O)CCCCCC/C=C\C/C=C\C/C=C\C/C=C\CC)COP(=O)(O)OCCN","1"
"PE(20:4(8Z,11Z,14Z,17Z)/20:3(8Z,11Z,14Z))","PE(20:4(8Z,11Z,14Z,17Z)/20:3(8Z,11Z,14Z))","HMDB0009431","53479815","C00350","CCCCC/C=C\C/C=C\C/C=C\CCCCCCC(=O)O[C@H](COC(=O)CCCCCC/C=C\C/C=C\C/C=C\C/C=C\CC)COP(=O)(O)OCCN","1"
"PE(20:5(5Z,8Z,11Z,14Z,17Z)/20:2(11Z,14Z))","PE(20:5(5Z,8Z,11Z,14Z,17Z)/20:2(11Z,14Z))","HMDB0009462","52924683","C00350","CCCCC/C=C\C/C=C\CCCCCCCCCC(=O)O[C@H](COC(=O)CCC/C=C\C/C=C\C/C=C\C/C=C\C/C=C\CC)COP(=O)(O)OCCN","1"
"PE(22:4(7Z,10Z,13Z,16Z)/18:3(6Z,9Z,12Z))","PE(22:4(7Z,10Z,13Z,16Z)/18:3(6Z,9Z,12Z))","HMDB0009589","52924817","C00350","CCCCC/C=C\C/C=C\C/C=C\CCCCC(=O)O[C@H](COC(=O)CCCCC/C=C\C/C=C\C/C=C\C/C=C\CCCCC)COP(=O)(O)OCCN","1"
"PE(22:4(7Z,10Z,13Z,16Z)/18:3(9Z,12Z,15Z))","PE(22:4(7Z,10Z,13Z,16Z)/18:3(9Z,12Z,15Z))","HMDB0009590","52924818","C00350","CCCCC/C=C\C/C=C\C/C=C\C/C=C\CCCCCC(=O)OC[C@H](COP(=O)(O)OCCN)OC(=O)CCCCCCC/C=C\C/C=C\C/C=C\CC","1"
"PE(22:5(4Z,7Z,10Z,13Z,16Z)/18:2(9Z,12Z))","PE(22:5(4Z,7Z,10Z,13Z,16Z)/18:2(9Z,12Z))","HMDB0009621","53479917","C00350","CCCCC/C=C\C/C=C\CCCCCCCC(=O)O[C@H](COC(=O)CC/C=C\C/C=C\C/C=C\C/C=C\C/C=C\CCCCC)COP(=O)(O)OCCN","1"
"PE(22:5(7Z,10Z,13Z,16Z,19Z)/18:2(9Z,12Z))","PE(22:5(7Z,10Z,13Z,16Z,19Z)/18:2(9Z,12Z))","HMDB0009654","53479950","C00350","CCCCC/C=C\C/C=C\CCCCCCCC(=O)O[C@H](COC(=O)CCCCC/C=C\C/C=C\C/C=C\C/C=C\C/C=C\CC)COP(=O)(O)OCCN","1"
"PE(22:6(4Z,7Z,10Z,13Z,16Z,19Z)/18:1(11Z))","PE(22:6(4Z,7Z,10Z,13Z,16Z,19Z)/18:1(11Z))","HMDB0009685","53479975","C00350","CCCCCC/C=C\CCCCCCCCCC(=O)O[C@H](COC(=O)CC/C=C\C/C=C\C/C=C\C/C=C\C/C=C\C/C=C\CC)COP(=O)(O)OCCN","1"
"PE(22:6(4Z,7Z,10Z,13Z,16Z,19Z)/18:1(9Z))","PE(22:6(4Z,7Z,10Z,13Z,16Z,19Z)/18:1(9Z))","HMDB0009686","52924844","C00350","CCCCCCCC/C=C\CCCCCCCC(=O)O[C@H](COC(=O)CC/C=C\C/C=C\C/C=C\C/C=C\C/C=C\C/C=C\CC)COP(=O)(O)OCCN","1"
"PC(15:0/22:6(4Z,7Z,10Z,13Z,16Z,19Z))","PC(15:0/22:6(4Z,7Z,10Z,13Z,16Z,19Z))","HMDB0007958","52922342","C00157","CCCCCCCCCCCCCCC(=O)OC[C@H](COP(=O)([O-])OCC[N+](C)(C)C)OC(=O)CC/C=C\C/C=C\C/C=C\C/C=C\C/C=C\C/C=C\CC","1"
"PC(22:6(4Z,7Z,10Z,13Z,16Z,19Z)/15:0)","PC(22:6(4Z,7Z,10Z,13Z,16Z,19Z)/15:0)","HMDB0008724","52923679","C00157","CCCCCCCCCCCCCCC(=O)O[C@H](COC(=O)CC/C=C\C/C=C\C/C=C\C/C=C\C/C=C\C/C=C\CC)COP(=O)([O-])OCC[N+](C)(C)C","1"
"PE(18:0/22:6(4Z,7Z,10Z,13Z,16Z,19Z))","PE(18:0/22:6(4Z,7Z,10Z,13Z,16Z,19Z))","HMDB0009012","9546798","C00350","CCCCCCCCCCCCCCCCCC(=O)OC[C@H](COP(=O)(O)OCCN)OC(=O)CC/C=C\C/C=C\C/C=C\C/C=C\C/C=C\C/C=C\CC","1"
"PE(18:1(11Z)/22:5(4Z,7Z,10Z,13Z,16Z))","PE(18:1(11Z)/22:5(4Z,7Z,10Z,13Z,16Z))","HMDB0009043","53479641","C00350","CCCCCC/C=C\CCCCCCCCCC(=O)OC[C@H](COP(=O)(O)OCCN)OC(=O)CC/C=C\C/C=C\C/C=C\C/C=C\C/C=C\CCCCC","1"
"PE(18:1(11Z)/22:5(7Z,10Z,13Z,16Z,19Z))","PE(18:1(11Z)/22:5(7Z,10Z,13Z,16Z,19Z))","HMDB0009044","53479642","C00350","CCCCCC/C=C\CCCCCCCCCC(=O)OC[C@H](COP(=O)(O)OCCN)OC(=O)CCCCC/C=C\C/C=C\C/C=C\C/C=C\C/C=C\CC","1"
"PE(18:1(9Z)/22:5(4Z,7Z,10Z,13Z,16Z))","PE(18:1(9Z)/22:5(4Z,7Z,10Z,13Z,16Z))","HMDB0009076","53479653","C00350","CCCCCCCC/C=C\CCCCCCCC(=O)OC[C@H](COP(=O)(O)OCCN)OC(=O)CC/C=C\C/C=C\C/C=C\C/C=C\C/C=C\CCCCC","1"
"PE(18:1(9Z)/22:5(7Z,10Z,13Z,16Z,19Z))","PE(18:1(9Z)/22:5(7Z,10Z,13Z,16Z,19Z))","HMDB0009077","53479654","C00350","CCCCCCCC/C=C\CCCCCCCC(=O)OC[C@H](COP(=O)(O)OCCN)OC(=O)CCCCC/C=C\C/C=C\C/C=C\C/C=C\C/C=C\CC","1"
"PE(18:2(9Z,12Z)/22:4(7Z,10Z,13Z,16Z))","PE(18:2(9Z,12Z)/22:4(7Z,10Z,13Z,16Z))","HMDB0009108","52924379","C00350","CCCCC/C=C\C/C=C\CCCCCCCC(=O)OC[C@H](COP(=O)(O)OCCN)OC(=O)CCCCC/C=C\C/C=C\C/C=C\C/C=C\CCCCC","1"
"PE(18:4(6Z,9Z,12Z,15Z)/22:2(13Z,16Z))","PE(18:4(6Z,9Z,12Z,15Z)/22:2(13Z,16Z))","HMDB0009206","52924467","C00350","CCCCC/C=C\C/C=C\CCCCCCCCCCCC(=O)O[C@H](COC(=O)CCCC/C=C\C/C=C\C/C=C\C/C=C\CC)COP(=O)(O)OCCN","1"
"PE(20:1(11Z)/20:5(5Z,8Z,11Z,14Z,17Z))","PE(20:1(11Z)/20:5(5Z,8Z,11Z,14Z,17Z))","HMDB0009269","52924565","C00350","CCCCCCCC/C=C\CCCCCCCCCC(=O)OC[C@H](COP(=O)(O)OCCN)OC(=O)CCC/C=C\C/C=C\C/C=C\C/C=C\C/C=C\CC","1"
"PE(20:2(11Z,14Z)/20:4(5Z,8Z,11Z,14Z))","PE(20:2(11Z,14Z)/20:4(5Z,8Z,11Z,14Z))","HMDB0009300","52924595","C00350","CCCCC/C=C\C/C=C\CCCCCCCCCC(=O)OC[C@H](COP(=O)(O)OCCN)OC(=O)CCC/C=C\C/C=C\C/C=C\C/C=C\CCCCC","1"
"PE(20:2(11Z,14Z)/20:4(8Z,11Z,14Z,17Z))","PE(20:2(11Z,14Z)/20:4(8Z,11Z,14Z,17Z))","HMDB0009301","53479732","C00350","CCCCC/C=C\C/C=C\CCCCCCCCCC(=O)OC[C@H](COP(=O)(O)OCCN)OC(=O)CCCCCC/C=C\C/C=C\C/C=C\C/C=C\CC","1"
"PE(20:3(5Z,8Z,11Z)/20:3(5Z,8Z,11Z))","PE(20:3(5Z,8Z,11Z)/20:3(5Z,8Z,11Z))","HMDB0009331","53479757","C00350","CCCCCCCC/C=C\C/C=C\C/C=C\CCCC(=O)OC[C@H](COP(=O)(O)OCCN)OC(=O)CCC/C=C\C/C=C\C/C=C\CCCCCCCC","1"
"PE(20:3(5Z,8Z,11Z)/20:3(8Z,11Z,14Z))","PE(20:3(5Z,8Z,11Z)/20:3(8Z,11Z,14Z))","HMDB0009332","53479758","C00350","CCCCCCCC/C=C\C/C=C\C/C=C\CCCC(=O)OC[C@H](COP(=O)(O)OCCN)OC(=O)CCCCCC/C=C\C/C=C\C/C=C\CCCCC","1"
"PE(20:3(8Z,11Z,14Z)/20:3(5Z,8Z,11Z))","PE(20:3(8Z,11Z,14Z)/20:3(5Z,8Z,11Z))","HMDB0009364","53479776","C00350","CCCCCCCC/C=C\C/C=C\C/C=C\CCCC(=O)O[C@H](COC(=O)CCCCCC/C=C\C/C=C\C/C=C\CCCCC)COP(=O)(O)OCCN","1"
"PE(20:3(8Z,11Z,14Z)/20:3(8Z,11Z,14Z))","PE(20:3(8Z,11Z,14Z)/20:3(8Z,11Z,14Z))","HMDB0009365","52924625","C00350","CCCCC/C=C\C/C=C\C/C=C\CCCCCCC(=O)OC[C@H](COP(=O)(O)OCCN)OC(=O)CCCCCC/C=C\C/C=C\C/C=C\CCCCC","1"
"PE(20:4(5Z,8Z,11Z,14Z)/20:2(11Z,14Z))","PE(20:4(5Z,8Z,11Z,14Z)/20:2(11Z,14Z))","HMDB0009396","52924654","C00350","CCCCC/C=C\C/C=C\CCCCCCCCCC(=O)O[C@H](COC(=O)CCC/C=C\C/C=C\C/C=C\C/C=C\CCCCC)COP(=O)(O)OCCN","1"
"PE(20:4(8Z,11Z,14Z,17Z)/20:2(11Z,14Z))","PE(20:4(8Z,11Z,14Z,17Z)/20:2(11Z,14Z))","HMDB0009429","53479813","C00350","CCCCC/C=C\C/C=C\CCCCCCCCCC(=O)O[C@H](COC(=O)CCCCCC/C=C\C/C=C\C/C=C\C/C=C\CC)COP(=O)(O)OCCN","1"
"PE(20:5(5Z,8Z,11Z,14Z,17Z)/20:1(11Z))","PE(20:5(5Z,8Z,11Z,14Z,17Z)/20:1(11Z))","HMDB0009461","52924682","C00350","CCCCCCCC/C=C\CCCCCCCCCC(=O)O[C@H](COC(=O)CCC/C=C\C/C=C\C/C=C\C/C=C\C/C=C\CC)COP(=O)(O)OCCN","1"
"PE(22:2(13Z,16Z)/18:4(6Z,9Z,12Z,15Z))","PE(22:2(13Z,16Z)/18:4(6Z,9Z,12Z,15Z))","HMDB0009558","52924788","C00350","CCCCC/C=C\C/C=C\CCCCCCCCCCCC(=O)OC[C@H](COP(=O)(O)OCCN)OC(=O)CCCC/C=C\C/C=C\C/C=C\C/C=C\CC","1"
"PE(22:4(7Z,10Z,13Z,16Z)/18:2(9Z,12Z))","PE(22:4(7Z,10Z,13Z,16Z)/18:2(9Z,12Z))","HMDB0009588","52924816","C00350","CCCCC/C=C\C/C=C\CCCCCCCC(=O)O[C@H](COC(=O)CCCCC/C=C\C/C=C\C/C=C\C/C=C\CCCCC)COP(=O)(O)OCCN","1"
"PE(22:5(4Z,7Z,10Z,13Z,16Z)/18:1(11Z))","PE(22:5(4Z,7Z,10Z,13Z,16Z)/18:1(11Z))","HMDB0009619","53479915","C00350","CCCCCC/C=C\CCCCCCCCCC(=O)O[C@H](COC(=O)CC/C=C\C/C=C\C/C=C\C/C=C\C/C=C\CCCCC)COP(=O)(O)OCCN","1"
"PE(22:5(4Z,7Z,10Z,13Z,16Z)/18:1(9Z))","PE(22:5(4Z,7Z,10Z,13Z,16Z)/18:1(9Z))","HMDB0009620","53479916","C00350","CCCCCCCC/C=C\CCCCCCCC(=O)O[C@H](COC(=O)CC/C=C\C/C=C\C/C=C\C/C=C\C/C=C\CCCCC)COP(=O)(O)OCCN","1"
"PE(22:5(7Z,10Z,13Z,16Z,19Z)/18:1(11Z))","PE(22:5(7Z,10Z,13Z,16Z,19Z)/18:1(11Z))","HMDB0009652","53479948","C00350","CCCCCC/C=C\CCCCCCCCCC(=O)O[C@H](COC(=O)CCCCC/C=C\C/C=C\C/C=C\C/C=C\C/C=C\CC)COP(=O)(O)OCCN","1"
"PE(22:5(7Z,10Z,13Z,16Z,19Z)/18:1(9Z))","PE(22:5(7Z,10Z,13Z,16Z,19Z)/18:1(9Z))","HMDB0009653","53479949","C00350","CCCCCCCC/C=C\CCCCCCCC(=O)O[C@H](COC(=O)CCCCC/C=C\C/C=C\C/C=C\C/C=C\C/C=C\CC)COP(=O)(O)OCCN","1"
"PE(22:6(4Z,7Z,10Z,13Z,16Z,19Z)/18:0)","PE(22:6(4Z,7Z,10Z,13Z,16Z,19Z)/18:0)","HMDB0009684","52924843","C00350","CCCCCCCCCCCCCCCCCC(=O)O[C@H](COC(=O)CC/C=C\C/C=C\C/C=C\C/C=C\C/C=C\C/C=C\CC)COP(=O)(O)OCCN","1"
"PG(18:0/20:3(5Z,8Z,11Z))","PG(18:0/20:3(5Z,8Z,11Z))","HMDB0010608","53480611",NA,"CCCCCCCCCCCCCCCCCC(=O)OC[C@H](COP(=O)(O)OC[C@H](CO)O)OC(=O)CCC/C=C\C/C=C\C/C=C\CCCCCCCC","1"
"PG(18:0/20:3(8Z,11Z,14Z))","PG(18:0/20:3(8Z,11Z,14Z))","HMDB0010609","52927150",NA,"CCCCCCCCCCCCCCCCCC(=O)OC[C@H](COP(=O)(O)OC[C@H](CO)O)OC(=O)CCCCCC/C=C\C/C=C\C/C=C\CCCCC","1"
"PC(20:2(11Z,14Z)/P-18:1(11Z))","PC(20:2(11Z,14Z)/P-18:1(11Z))","HMDB0008359","53478939","C00157","CCCCCC/C=C\CCCCCCCC/C=C\OC(COC(=O)CCCCCCCCC/C=C\C/C=C\CCCCC)COP(=O)([O-])OCC[N+](C)(C)C","1"
"PC(20:2(11Z,14Z)/P-18:1(9Z))","PC(20:2(11Z,14Z)/P-18:1(9Z))","HMDB0008360","53478941","C00157","CCCCCCCC/C=C\CCCCCC/C=C\OC(COC(=O)CCCCCCCCC/C=C\C/C=C\CCCCC)COP(=O)([O-])OCC[N+](C)(C)C","1"
"PC(20:3(5Z,8Z,11Z)/P-18:0)","PC(20:3(5Z,8Z,11Z)/P-18:0)","HMDB0008391","53479003","C00157","CCCCCCCCCCCCCCCC/C=C\OC(COC(=O)CCC/C=C\C/C=C\C/C=C\CCCCCCCC)COP(=O)([O-])OCC[N+](C)(C)C","1"
"PC(20:3(8Z,11Z,14Z)/P-18:0)","PC(20:3(8Z,11Z,14Z)/P-18:0)","HMDB0008423","53479027","C00157","CCCCCCCCCCCCCCCC/C=C\OC(COC(=O)CCCCCC/C=C\C/C=C\C/C=C\CCCCC)COP(=O)([O-])OCC[N+](C)(C)C","1"
"PC(P-18:0/20:3(5Z,8Z,11Z))","PC(P-18:0/20:3(5Z,8Z,11Z))","HMDB0011251","53480713",NA,"CCCCCCCCCCCCCCCC/C=C\OC[C@H](COP(=O)([O-])OCC[N+](C)(C)C)OC(=O)CCC/C=C\C/C=C\C/C=C\CCCCCCCC","1"
"PC(P-18:0/20:3(8Z,11Z,14Z))","PC(P-18:0/20:3(8Z,11Z,14Z))","HMDB0011252","52923962",NA,"CCCCCCCCCCCCCCCC/C=C\OC[C@H](COP(=O)([O-])OCC[N+](C)(C)C)OC(=O)CCCCCC/C=C\C/C=C\C/C=C\CCCCC","1"
"PC(P-18:1(11Z)/20:2(11Z,14Z))","PC(P-18:1(11Z)/20:2(11Z,14Z))","HMDB0011283","53480757",NA,"CCCCCC/C=C\CCCCCCCC/C=C\OC[C@H](COP(=O)([O-])OCC[N+](C)(C)C)OC(=O)CCCCCCCCC/C=C\C/C=C\CCCCC","1"
"PC(P-18:1(9Z)/20:2(11Z,14Z))","PC(P-18:1(9Z)/20:2(11Z,14Z))","HMDB0011316","53480815",NA,"CCCCCCCC/C=C\CCCCCC/C=C\OC[C@H](COP(=O)([O-])OCC[N+](C)(C)C)OC(=O)CCCCCCCCC/C=C\C/C=C\CCCCC","1"
"PC(o-18:0/20:4(8Z,11Z,14Z,17Z))","PC(o-18:0/20:4(8Z,11Z,14Z,17Z))","HMDB0013420","6443065",NA,"CCCCCCCCCCCCCCCCCCOC[C@H](COP(=O)([O-])OCC[N+](C)(C)C)OC(=O)CCC/C=C\C/C=C\C/C=C\C/C=C\CCCCC","1"
"PG(18:0/22:5(4Z,7Z,10Z,13Z,16Z))","PG(18:0/22:5(4Z,7Z,10Z,13Z,16Z))","HMDB0010612","53480612",NA,"CCCCCCCCCCCCCCCCCC(=O)OC[C@H](COP(=O)(O)OC[C@H](CO)O)OC(=O)CC/C=C\C/C=C\C/C=C\C/C=C\C/C=C\CCCCC","1"
"PG(18:0/22:5(7Z,10Z,13Z,16Z,19Z))","PG(18:0/22:5(7Z,10Z,13Z,16Z,19Z))","HMDB0010613","53480613",NA,"CCCCCCCCCCCCCCCCCC(=O)OC[C@H](COP(=O)(O)OC[C@H](CO)O)OC(=O)CCCCC/C=C\C/C=C\C/C=C\C/C=C\C/C=C\CC","1"
"PG(18:1(11Z)/22:4(7Z,10Z,13Z,16Z))","PG(18:1(11Z)/22:4(7Z,10Z,13Z,16Z))","HMDB0010626","53480625",NA,"CCCCCC/C=C\CCCCCCCCCC(=O)OC[C@H](COP(=O)(O)OC[C@H](CO)O)OC(=O)CCCCC/C=C\C/C=C\C/C=C\C/C=C\CCCCC","1"
"PG(18:1(9Z)/22:4(7Z,10Z,13Z,16Z))","PG(18:1(9Z)/22:4(7Z,10Z,13Z,16Z))","HMDB0010641","52926604",NA,"CCCCCCCC/C=C\CCCCCCCC(=O)OC[C@H](COP(=O)(O)OC[C@H](CO)O)OC(=O)CCCCC/C=C\C/C=C\C/C=C\C/C=C\CCCCC","1"
"PC(18:4(6Z,9Z,12Z,15Z)/22:6(4Z,7Z,10Z,13Z,16Z,19Z))","PC(18:4(6Z,9Z,12Z,15Z)/22:6(4Z,7Z,10Z,13Z,16Z,19Z))","HMDB0008255","52922939","C00157","CC/C=C\C/C=C\C/C=C\C/C=C\CCCCC(=O)OC[C@H](COP(=O)([O-])OCC[N+](C)(C)C)OC(=O)CC/C=C\C/C=C\C/C=C\C/C=C\C/C=C\C/C=C\CC","1"
"PC(20:5(5Z,8Z,11Z,14Z,17Z)/20:5(5Z,8Z,11Z,14Z,17Z))","PC(20:5(5Z,8Z,11Z,14Z,17Z)/20:5(5Z,8Z,11Z,14Z,17Z))","HMDB0008511","52923375","C00157","CC/C=C\C/C=C\C/C=C\C/C=C\C/C=C\CCCC(=O)OC[C@H](COP(=O)([O-])OCC[N+](C)(C)C)OC(=O)CCC/C=C\C/C=C\C/C=C\C/C=C\C/C=C\CC","1"
"PC(22:6(4Z,7Z,10Z,13Z,16Z,19Z)/18:4(6Z,9Z,12Z,15Z))","PC(22:6(4Z,7Z,10Z,13Z,16Z,19Z)/18:4(6Z,9Z,12Z,15Z))","HMDB0008733","52923701","C00157","CC/C=C\C/C=C\C/C=C\C/C=C\CCCCC(=O)O[C@H](COC(=O)CC/C=C\C/C=C\C/C=C\C/C=C\C/C=C\C/C=C\CC)COP(=O)([O-])OCC[N+](C)(C)C","1"
"Lactosylceramide (d18:1/12:0)","Lactosylceramide (d18:1/12:0)","HMDB0004866","52931260","C01290","CCCCCCCCCCCCC/C=C/[C@H]([C@H](CO[C@H]1C([C@H]([C@@H]([C@H](O1)CO)O[C@H]2[C@@H]([C@H]([C@H]([C@H](O2)CO)O)O)O)O)O)NC(=O)CCCCCCCCCCC)O","1"
"PG(18:0/22:4(7Z,10Z,13Z,16Z))","PG(18:0/22:4(7Z,10Z,13Z,16Z))","HMDB0010611","52927148",NA,"CCCCCCCCCCCCCCCCCC(=O)OC[C@H](COP(=O)(O)OC[C@H](CO)O)OC(=O)CCCCC/C=C\C/C=C\C/C=C\C/C=C\CCCCC","1"
"PS(18:1(9Z)/22:6(4Z,7Z,10Z,13Z,16Z,19Z))","PS(18:1(9Z)/22:6(4Z,7Z,10Z,13Z,16Z,19Z))","HMDB0012395","52925155",NA,"CCCCCCCC/C=C\CCCCCCCC(=O)OC[C@H](COP(=O)(O)OC[C@@H](C(=O)O)N)OC(=O)CC/C=C\C/C=C\C/C=C\C/C=C\C/C=C\C/C=C\CC","1"
"PS(20:3(8Z,11Z,14Z)/20:4(5Z,8Z,11Z,14Z))","PS(20:3(8Z,11Z,14Z)/20:4(5Z,8Z,11Z,14Z))","HMDB0012427","52925722",NA,"CCCCC/C=C\C/C=C\C/C=C\CCCCCCC(=O)OC[C@H](COP(=O)(O)OC[C@@H](C(=O)O)N)OC(=O)CCC/C=C\C/C=C\C/C=C\C/C=C\CCCCC","1"
"PS(20:4(5Z,8Z,11Z,14Z)/20:3(8Z,11Z,14Z))","PS(20:4(5Z,8Z,11Z,14Z)/20:3(8Z,11Z,14Z))","HMDB0012437","52925751",NA,"CCCCC/C=C\C/C=C\C/C=C\CCCCCCC(=O)O[C@H](COC(=O)CCC/C=C\C/C=C\C/C=C\C/C=C\CCCCC)COP(=O)(O)OC[C@@H](C(=O)O)N","1"
"PS(22:6(4Z,7Z,10Z,13Z,16Z,19Z)/18:1(9Z))","PS(22:6(4Z,7Z,10Z,13Z,16Z,19Z)/18:1(9Z))","HMDB0012445","52925938",NA,"CCCCCCCC/C=C\CCCCCCCC(=O)O[C@H](COC(=O)CC/C=C\C/C=C\C/C=C\C/C=C\C/C=C\C/C=C\CC)COP(=O)(O)OC[C@@H](C(=O)O)N","1"
"PI(16:0/18:2(9Z,12Z))","PI(16:0/18:2(9Z,12Z))","HMDB0009784",NA,"C00626","[H][C@@](COC(=O)CCCCCCCCCCCCCCC)(COP(O)(=O)O[C@H]1C(O)C(O)C(O)[C@@H](O)C1O)OC(=O)CCCCCCC\C=C/C\C=C/CCCCC","1"
"PI(16:1(9Z)/18:1(11Z))","PI(16:1(9Z)/18:1(11Z))","HMDB0009800",NA,"C00626","[H][C@@](COC(=O)CCCCCCC\C=C/CCCCCC)(COP(O)(=O)O[C@H]1C(O)C(O)C(O)[C@@H](O)C1O)OC(=O)CCCCCCCCC\C=C/CCCCCC","1"
"PI(16:1(9Z)/18:1(9Z))","PI(16:1(9Z)/18:1(9Z))","HMDB0009801",NA,"C00626","[H][C@@](COC(=O)CCCCCCC\C=C/CCCCCC)(COP(O)(=O)O[C@H]1C(O)C(O)C(O)[C@@H](O)C1O)OC(=O)CCCCCCC\C=C/CCCCCCCC","1"
"PI(16:2(9Z,12Z)/18:0)","PI(16:2(9Z,12Z)/18:0)","HMDB0009803",NA,"C00626","[H][C@@](COC(=O)CCCCCCC\C=C/C\C=C/CCC)(COP(O)(=O)O[C@H]1C(O)C(O)C(O)[C@@H](O)C1O)OC(=O)CCCCCCCCCCCCCCCCC","1"
"PI(18:0/16:2(9Z,12Z))","PI(18:0/16:2(9Z,12Z))","HMDB0009807",NA,"C00626","[H][C@@](COC(=O)CCCCCCCCCCCCCCCCC)(COP(O)(=O)O[C@H]1C(O)C(O)C(O)[C@@H](O)C1O)OC(=O)CCCCCCC\C=C/C\C=C/CCC","1"
"PI(18:1(11Z)/16:1(9Z))","PI(18:1(11Z)/16:1(9Z))","HMDB0009823",NA,"C00626","[H][C@@](COC(=O)CCCCCCCCC\C=C/CCCCCC)(COP(O)(=O)O[C@H]1C(O)C(O)C(O)[C@@H](O)C1O)OC(=O)CCCCCCC\C=C/CCCCCC","1"
"PI(18:1(9Z)/16:1(9Z))","PI(18:1(9Z)/16:1(9Z))","HMDB0009835",NA,"C00626","[H][C@@](COC(=O)CCCCCCC\C=C/CCCCCCCC)(COP(O)(=O)O[C@H]1C(O)C(O)C(O)[C@@H](O)C1O)OC(=O)CCCCCCC\C=C/CCCCCC","1"
"PI(18:2(9Z,12Z)/16:0)","PI(18:2(9Z,12Z)/16:0)","HMDB0009846",NA,"C00626","[H][C@@](COC(=O)CCCCCCC\C=C/C\C=C/CCCCC)(COP(O)(=O)O[C@H]1C(O)C(O)C(O)[C@@H](O)C1O)OC(=O)CCCCCCCCCCCCCCC","1"
"PS(18:0/22:6(4Z,7Z,10Z,13Z,16Z,19Z))","PS(18:0/22:6(4Z,7Z,10Z,13Z,16Z,19Z))","HMDB0010167","24779546","C02737","CCCCCCCCCCCCCCCCCC(=O)OC[C@H](COP(=O)(O)OC[C@@H](C(=O)O)N)OC(=O)CC/C=C\C/C=C\C/C=C\C/C=C\C/C=C\C/C=C\CC","1"
"PS(20:3(8Z,11Z,14Z)/20:3(8Z,11Z,14Z))","PS(20:3(8Z,11Z,14Z)/20:3(8Z,11Z,14Z))","HMDB0012426","52925721",NA,"CCCCC/C=C\C/C=C\C/C=C\CCCCCCC(=O)OC[C@H](COP(=O)(O)OC[C@@H](C(=O)O)N)OC(=O)CCCCCC/C=C\C/C=C\C/C=C\CCCCC","1"
"PS(22:6(4Z,7Z,10Z,13Z,16Z,19Z)/18:0)","PS(22:6(4Z,7Z,10Z,13Z,16Z,19Z)/18:0)","HMDB0012444","52925937",NA,"CCCCCCCCCCCCCCCCCC(=O)O[C@H](COC(=O)CC/C=C\C/C=C\C/C=C\C/C=C\C/C=C\C/C=C\CC)COP(=O)(O)OC[C@@H](C(=O)O)N","1"
"PI(16:0/18:1(11Z))","PI(16:0/18:1(11Z))","HMDB0009782",NA,"C00626","[H][C@@](COC(=O)CCCCCCCCCCCCCCC)(COP(O)(=O)O[C@H]1C(O)C(O)C(O)[C@@H](O)C1O)OC(=O)CCCCCCCCC\C=C/CCCCCC","1"
"PI(16:0/18:1(9Z))","PI(16:0/18:1(9Z))","HMDB0009783",NA,"C00626","[H][C@@](COC(=O)CCCCCCCCCCCCCCC)(COP(O)(=O)O[C@H]1C(O)C(O)C(O)[C@@H](O)C1O)OC(=O)CCCCCCC\C=C/CCCCCCCC","1"
"PI(16:1(9Z)/18:0)","PI(16:1(9Z)/18:0)","HMDB0009799",NA,"C00626","[H][C@@](COC(=O)CCCCCCC\C=C/CCCCCC)(COP(O)(=O)O[C@H]1C(O)C(O)C(O)[C@@H](O)C1O)OC(=O)CCCCCCCCCCCCCCCCC","1"
"PI(18:0/16:1(9Z))","PI(18:0/16:1(9Z))","HMDB0009806",NA,"C00626","[H][C@@](COC(=O)CCCCCCCCCCCCCCCCC)(COP(O)(=O)O[C@H]1C(O)C(O)C(O)[C@@H](O)C1O)OC(=O)CCCCCCC\C=C/CCCCCC","1"
"PI(18:1(11Z)/16:0)","PI(18:1(11Z)/16:0)","HMDB0009822",NA,"C00626","[H][C@@](COC(=O)CCCCCCCCC\C=C/CCCCCC)(COP(O)(=O)O[C@H]1C(O)C(O)C(O)[C@@H](O)C1O)OC(=O)CCCCCCCCCCCCCCC","1"
"PI(18:1(9Z)/16:0)","PI(18:1(9Z)/16:0)","HMDB0009834",NA,"C00626","[H][C@@](COC(=O)CCCCCCC\C=C/CCCCCCCC)(COP(O)(=O)O[C@H]1C(O)C(O)C(O)[C@@H](O)C1O)OC(=O)CCCCCCCCCCCCCCC","1"
"PC(22:4(7Z,10Z,13Z,16Z)/P-18:1(11Z))","PC(22:4(7Z,10Z,13Z,16Z)/P-18:1(11Z))","HMDB0008654","53479271","C00157","CCCCCC/C=C\CCCCCCCC/C=C\OC(COC(=O)CCCCC/C=C\C/C=C\C/C=C\C/C=C\CCCCC)COP(=O)([O-])OCC[N+](C)(C)C","1"
"PC(22:4(7Z,10Z,13Z,16Z)/P-18:1(9Z))","PC(22:4(7Z,10Z,13Z,16Z)/P-18:1(9Z))","HMDB0008655","53479273","C00157","CCCCCCCC/C=C\CCCCCC/C=C\OC(COC(=O)CCCCC/C=C\C/C=C\C/C=C\C/C=C\CCCCC)COP(=O)([O-])OCC[N+](C)(C)C","1"
"PC(22:5(4Z,7Z,10Z,13Z,16Z)/P-18:0)","PC(22:5(4Z,7Z,10Z,13Z,16Z)/P-18:0)","HMDB0008686","53479335","C00157","CCCCCCCCCCCCCCCC/C=C\OC(COC(=O)CC/C=C\C/C=C\C/C=C\C/C=C\C/C=C\CCCCC)COP(=O)([O-])OCC[N+](C)(C)C","1"
"PC(22:5(7Z,10Z,13Z,16Z,19Z)/P-18:0)","PC(22:5(7Z,10Z,13Z,16Z,19Z)/P-18:0)","HMDB0008719","53479401","C00157","CCCCCCCCCCCCCCCC/C=C\OC(COC(=O)CCCCC/C=C\C/C=C\C/C=C\C/C=C\C/C=C\CC)COP(=O)([O-])OCC[N+](C)(C)C","1"
"PC(P-18:0/22:5(4Z,7Z,10Z,13Z,16Z))","PC(P-18:0/22:5(4Z,7Z,10Z,13Z,16Z))","HMDB0011260","53480721",NA,"CCCCCCCCCCCCCCCC/C=C\OCC(COP(=O)([O-])OCC[N+](C)(C)C)OC(=O)CC/C=C\C/C=C\C/C=C\C/C=C\C/C=C\CCCCC","1"
"PC(P-18:0/22:5(7Z,10Z,13Z,16Z,19Z))","PC(P-18:0/22:5(7Z,10Z,13Z,16Z,19Z))","HMDB0011261","53480723",NA,"CCCCCCCCCCCCCCCC/C=C\OCC(COP(=O)([O-])OCC[N+](C)(C)C)OC(=O)CCCCC/C=C\C/C=C\C/C=C\C/C=C\C/C=C\CC","1"
"PC(P-18:1(11Z)/22:4(7Z,10Z,13Z,16Z))","PC(P-18:1(11Z)/22:4(7Z,10Z,13Z,16Z))","HMDB0011292","53480775",NA,"CCCCCC/C=C\CCCCCCCC/C=C\OCC(COP(=O)([O-])OCC[N+](C)(C)C)OC(=O)CCCCC/C=C\C/C=C\C/C=C\C/C=C\CCCCC","1"
"PC(P-18:1(9Z)/22:4(7Z,10Z,13Z,16Z))","PC(P-18:1(9Z)/22:4(7Z,10Z,13Z,16Z))","HMDB0011325","53480833",NA,"CCCCCCCC/C=C\CCCCCC/C=C\OC[C@H](COP(=O)([O-])OCC[N+](C)(C)C)OC(=O)CCCCC/C=C\C/C=C\C/C=C\C/C=C\CCCCC","1"
"PC(o-18:0/22:6(4Z,7Z,10Z,13Z,16Z,19Z))","PC(o-18:0/22:6(4Z,7Z,10Z,13Z,16Z,19Z))","HMDB0013422","24779341",NA,"CCCCCCCCCCCCCCCCCCOC[C@H](COP(=O)([O-])OCC[N+](C)(C)C)OC(=O)CC/C=C\C/C=C\C/C=C\C/C=C\C/C=C\C/C=C\CC","1"
"2-Methylbutyryl-CoA","2-Methylbutyryl-CoA","HMDB0001041","439371","C15980","CCC(C)C(=O)SCCNC(=O)CCNC(=O)C(C(C)(C)COP(=O)(O)OP(=O)(O)OC[C@@H]1[C@H]([C@H]([C@@H](O1)N2C=NC3=C2N=CN=C3N)O)OP(=O)(O)O)O","1"
"Isovaleryl-CoA","Isovaleryl-CoA","HMDB0001113","439855","C02939","CC(C)CC(=O)SCCNC(=O)CCNC(=O)C(C(C)(C)COP(=O)(O)OP(=O)(O)OC[C@@H]1[C@H]([C@H]([C@@H](O1)N2C=NC3=C2N=CN=C3N)O)OP(=O)(O)O)O","1"
"Pentanoyl-CoA","Pentanoyl-CoA","HMDB0013037","439337","C00888","CCCCC(=O)SCCNC(=O)CCNC(=O)C(C(C)(C)COP(=O)(O)OP(=O)(O)OC[C@@H]1[C@H]([C@H]([C@@H](O1)N2C=NC3=C2N=CN=C3N)O)OP(=O)(O)O)O","1"
"PC(18:1(11Z)/22:6(4Z,7Z,10Z,13Z,16Z,19Z))","PC(18:1(11Z)/22:6(4Z,7Z,10Z,13Z,16Z,19Z))","HMDB0008090","24778901","C00157","CCCCCC/C=C\CCCCCCCCCC(=O)OC[C@H](COP(=O)([O-])OCC[N+](C)(C)C)OC(=O)CC/C=C\C/C=C\C/C=C\C/C=C\C/C=C\C/C=C\CC","1"
"PC(18:1(9Z)/22:6(4Z,7Z,10Z,13Z,16Z,19Z))","PC(18:1(9Z)/22:6(4Z,7Z,10Z,13Z,16Z,19Z))","HMDB0008123","24778955","C00157","CCCCCCCC/C=C\CCCCCCCC(=O)OC[C@H](COP(=O)([O-])OCC[N+](C)(C)C)OC(=O)CC/C=C\C/C=C\C/C=C\C/C=C\C/C=C\C/C=C\CC","1"
"PC(18:2(9Z,12Z)/22:5(4Z,7Z,10Z,13Z,16Z))","PC(18:2(9Z,12Z)/22:5(4Z,7Z,10Z,13Z,16Z))","HMDB0008154","24778982","C00157","CCCCC/C=C\C/C=C\CCCCCCCC(=O)OC[C@H](COP(=O)([O-])OCC[N+](C)(C)C)OC(=O)CC/C=C\C/C=C\C/C=C\C/C=C\C/C=C\CCCCC","1"
"PC(18:2(9Z,12Z)/22:5(7Z,10Z,13Z,16Z,19Z))","PC(18:2(9Z,12Z)/22:5(7Z,10Z,13Z,16Z,19Z))","HMDB0008155","53478793","C00157","CCCCC/C=C\C/C=C\CCCCCCCC(=O)OC[C@H](COP(=O)([O-])OCC[N+](C)(C)C)OC(=O)CCCCC/C=C\C/C=C\C/C=C\C/C=C\C/C=C\CC","1"
"PC(18:3(6Z,9Z,12Z)/22:4(7Z,10Z,13Z,16Z))","PC(18:3(6Z,9Z,12Z)/22:4(7Z,10Z,13Z,16Z))","HMDB0008186","52922817","C00157","CCCCC/C=C\C/C=C\C/C=C\CCCCC(=O)OC[C@H](COP(=O)([O-])OCC[N+](C)(C)C)OC(=O)CCCCC/C=C\C/C=C\C/C=C\C/C=C\CCCCC","1"
"PC(18:3(9Z,12Z,15Z)/22:4(7Z,10Z,13Z,16Z))","PC(18:3(9Z,12Z,15Z)/22:4(7Z,10Z,13Z,16Z))","HMDB0008219","52922875","C00157","CCCCC/C=C\C/C=C\C/C=C\C/C=C\CCCCCC(=O)O[C@H](COC(=O)CCCCCCC/C=C\C/C=C\C/C=C\CC)COP(=O)([O-])OCC[N+](C)(C)C","1"
"PC(20:2(11Z,14Z)/20:5(5Z,8Z,11Z,14Z,17Z))","PC(20:2(11Z,14Z)/20:5(5Z,8Z,11Z,14Z,17Z))","HMDB0008347","52923197","C00157","CCCCC/C=C\C/C=C\CCCCCCCCCC(=O)OC[C@H](COP(=O)([O-])OCC[N+](C)(C)C)OC(=O)CCC/C=C\C/C=C\C/C=C\C/C=C\C/C=C\CC","1"
"PC(20:3(5Z,8Z,11Z)/20:4(5Z,8Z,11Z,14Z))","PC(20:3(5Z,8Z,11Z)/20:4(5Z,8Z,11Z,14Z))","HMDB0008378","53478977","C00157","CCCCCCCC/C=C\C/C=C\C/C=C\CCCC(=O)OC[C@H](COP(=O)([O-])OCC[N+](C)(C)C)OC(=O)CCC/C=C\C/C=C\C/C=C\C/C=C\CCCCC","1"
"PC(20:3(5Z,8Z,11Z)/20:4(8Z,11Z,14Z,17Z))","PC(20:3(5Z,8Z,11Z)/20:4(8Z,11Z,14Z,17Z))","HMDB0008379","53478979","C00157","CCCCCCCC/C=C\C/C=C\C/C=C\CCCC(=O)OC[C@H](COP(=O)([O-])OCC[N+](C)(C)C)OC(=O)CCCCCC/C=C\C/C=C\C/C=C\C/C=C\CC","1"
"PC(20:3(8Z,11Z,14Z)/20:4(5Z,8Z,11Z,14Z))","PC(20:3(8Z,11Z,14Z)/20:4(5Z,8Z,11Z,14Z))","HMDB0008410","52923255","C00157","CCCCC/C=C\C/C=C\C/C=C\CCCCCCC(=O)OC[C@H](COP(=O)([O-])OCC[N+](C)(C)C)OC(=O)CCC/C=C\C/C=C\C/C=C\C/C=C\CCCCC","1"
"PC(20:3(8Z,11Z,14Z)/20:4(8Z,11Z,14Z,17Z))","PC(20:3(8Z,11Z,14Z)/20:4(8Z,11Z,14Z,17Z))","HMDB0008411","53479013","C00157","CCCCC/C=C\C/C=C\C/C=C\CCCCCCC(=O)OC[C@H](COP(=O)([O-])OCC[N+](C)(C)C)OC(=O)CCCCCC/C=C\C/C=C\C/C=C\C/C=C\CC","1"
"PC(20:4(5Z,8Z,11Z,14Z)/20:3(5Z,8Z,11Z))","PC(20:4(5Z,8Z,11Z,14Z)/20:3(5Z,8Z,11Z))","HMDB0008441","53479035","C00157","CCCCCCCC/C=C\C/C=C\C/C=C\CCCC(=O)O[C@H](COC(=O)CCC/C=C\C/C=C\C/C=C\C/C=C\CCCCC)COP(=O)([O-])OCC[N+](C)(C)C","1"
"PC(20:4(5Z,8Z,11Z,14Z)/20:3(8Z,11Z,14Z))","PC(20:4(5Z,8Z,11Z,14Z)/20:3(8Z,11Z,14Z))","HMDB0008442","52923313","C00157","CCCCC/C=C\C/C=C\C/C=C\CCCCCCC(=O)O[C@H](COC(=O)CCC/C=C\C/C=C\C/C=C\C/C=C\CCCCC)COP(=O)([O-])OCC[N+](C)(C)C","1"
"PC(20:4(8Z,11Z,14Z,17Z)/20:3(5Z,8Z,11Z))","PC(20:4(8Z,11Z,14Z,17Z)/20:3(5Z,8Z,11Z))","HMDB0008474","53479087","C00157","CCCCCCCC/C=C\C/C=C\C/C=C\CCCC(=O)O[C@H](COC(=O)CCCCCC/C=C\C/C=C\C/C=C\C/C=C\CC)COP(=O)([O-])OCC[N+](C)(C)C","1"
"PC(20:4(8Z,11Z,14Z,17Z)/20:3(8Z,11Z,14Z))","PC(20:4(8Z,11Z,14Z,17Z)/20:3(8Z,11Z,14Z))","HMDB0008475","53479089","C00157","CCCCC/C=C\C/C=C\C/C=C\CCCCCCC(=O)O[C@H](COC(=O)CCCCCC/C=C\C/C=C\C/C=C\C/C=C\CC)COP(=O)([O-])OCC[N+](C)(C)C","1"
"PC(20:5(5Z,8Z,11Z,14Z,17Z)/20:2(11Z,14Z))","PC(20:5(5Z,8Z,11Z,14Z,17Z)/20:2(11Z,14Z))","HMDB0008506","52923369","C00157","CCCCC/C=C\C/C=C\CCCCCCCCCC(=O)O[C@H](COC(=O)CCC/C=C\C/C=C\C/C=C\C/C=C\C/C=C\CC)COP(=O)([O-])OCC[N+](C)(C)C","1"
"PC(22:4(7Z,10Z,13Z,16Z)/18:3(6Z,9Z,12Z))","PC(22:4(7Z,10Z,13Z,16Z)/18:3(6Z,9Z,12Z))","HMDB0008632","52923637","C00157","CCCCC/C=C\C/C=C\C/C=C\CCCCC(=O)O[C@H](COC(=O)CCCCC/C=C\C/C=C\C/C=C\C/C=C\CCCCC)COP(=O)([O-])OCC[N+](C)(C)C","1"
"PC(22:4(7Z,10Z,13Z,16Z)/18:3(9Z,12Z,15Z))","PC(22:4(7Z,10Z,13Z,16Z)/18:3(9Z,12Z,15Z))","HMDB0008633","52923639","C00157","CCCCC/C=C\C/C=C\C/C=C\C/C=C\CCCCCC(=O)OC[C@H](COP(=O)([O-])OCC[N+](C)(C)C)OC(=O)CCCCCCC/C=C\C/C=C\C/C=C\CC","1"
"PC(22:5(4Z,7Z,10Z,13Z,16Z)/18:2(9Z,12Z))","PC(22:5(4Z,7Z,10Z,13Z,16Z)/18:2(9Z,12Z))","HMDB0008664","53479291","C00157","CCCCC/C=C\C/C=C\CCCCCCCC(=O)O[C@H](COC(=O)CC/C=C\C/C=C\C/C=C\C/C=C\C/C=C\CCCCC)COP(=O)([O-])OCC[N+](C)(C)C","1"
"PC(22:5(7Z,10Z,13Z,16Z,19Z)/18:2(9Z,12Z))","PC(22:5(7Z,10Z,13Z,16Z,19Z)/18:2(9Z,12Z))","HMDB0008697","53479357","C00157","CCCCC/C=C\C/C=C\CCCCCCCC(=O)O[C@H](COC(=O)CCCCC/C=C\C/C=C\C/C=C\C/C=C\C/C=C\CC)COP(=O)([O-])OCC[N+](C)(C)C","1"
"PC(22:6(4Z,7Z,10Z,13Z,16Z,19Z)/18:1(11Z))","PC(22:6(4Z,7Z,10Z,13Z,16Z,19Z)/18:1(11Z))","HMDB0008728","53479407","C00157","CCCCCC/C=C\CCCCCCCCCC(=O)O[C@H](COC(=O)CC/C=C\C/C=C\C/C=C\C/C=C\C/C=C\C/C=C\CC)COP(=O)([O-])OCC[N+](C)(C)C","1"
"PC(22:6(4Z,7Z,10Z,13Z,16Z,19Z)/18:1(9Z))","PC(22:6(4Z,7Z,10Z,13Z,16Z,19Z)/18:1(9Z))","HMDB0008729","52923693","C00157","CCCCCCCC/C=C\CCCCCCCC(=O)O[C@H](COC(=O)CC/C=C\C/C=C\C/C=C\C/C=C\C/C=C\C/C=C\CC)COP(=O)([O-])OCC[N+](C)(C)C","1"
"PI(16:0/20:2(11Z,14Z))","PI(16:0/20:2(11Z,14Z))","HMDB0009786",NA,"C00626","[H][C@@](COC(=O)CCCCCCCCCCCCCCC)(COP(O)(=O)O[C@H]1C(O)C(O)C(O)[C@@H](O)C1O)OC(=O)CCCCCCCCC\C=C/C\C=C/CCCCC","1"
"PI(18:0/18:2(9Z,12Z))","PI(18:0/18:2(9Z,12Z))","HMDB0009809",NA,"C00626","[H][C@@](COC(=O)CCCCCCCCCCCCCCCCC)(COP(O)(=O)O[C@H]1C(O)C(O)C(O)[C@@H](O)C1O)OC(=O)CCCCCCC\C=C/C\C=C/CCCCC","1"
"PI(18:1(11Z)/18:1(11Z))","PI(18:1(11Z)/18:1(11Z))","HMDB0009824",NA,"C00626","[H][C@@](COC(=O)CCCCCCCCC\C=C/CCCCCC)(COP(O)(=O)O[C@H]1C(O)C(O)C(O)[C@@H](O)C1O)OC(=O)CCCCCCCCC\C=C/CCCCCC","1"
"PI(18:1(11Z)/18:1(9Z))","PI(18:1(11Z)/18:1(9Z))","HMDB0009825",NA,"C00626","[H][C@@](COC(=O)CCCCCCCCC\C=C/CCCCCC)(COP(O)(=O)O[C@H]1C(O)C(O)C(O)[C@@H](O)C1O)OC(=O)CCCCCCC\C=C/CCCCCCCC","1"
"PI(18:1(9Z)/18:1(11Z))","PI(18:1(9Z)/18:1(11Z))","HMDB0009836",NA,"C00626","[H][C@@](COC(=O)CCCCCCC\C=C/CCCCCCCC)(COP(O)(=O)O[C@H]1C(O)C(O)C(O)[C@@H](O)C1O)OC(=O)CCCCCCCCC\C=C/CCCCCC","1"
"PI(18:1(9Z)/18:1(9Z))","PI(18:1(9Z)/18:1(9Z))","HMDB0009837",NA,"C00626","[H][C@@](COC(=O)CCCCCCC\C=C/CCCCCCCC)(COP(O)(=O)O[C@H]1C(O)C(O)C(O)[C@@H](O)C1O)OC(=O)CCCCCCC\C=C/CCCCCCCC","1"
"PI(18:2(9Z,12Z)/18:0)","PI(18:2(9Z,12Z)/18:0)","HMDB0009847",NA,"C00626","[H][C@@](COC(=O)CCCCCCC\C=C/C\C=C/CCCCC)(COP(O)(=O)O[C@H]1C(O)C(O)C(O)[C@@H](O)C1O)OC(=O)CCCCCCCCCCCCCCCCC","1"
"PI(20:2(11Z,14Z)/16:0)","PI(20:2(11Z,14Z)/16:0)","HMDB0009875",NA,"C00626","[H][C@@](COC(=O)CCCCCCCCC\C=C/C\C=C/CCCCC)(COP(O)(=O)O[C@H]1C(O)C(O)C(O)[C@@H](O)C1O)OC(=O)CCCCCCCCCCCCCCC","1"
"PS(20:4(5Z,8Z,11Z,14Z)/22:6(4Z,7Z,10Z,13Z,16Z,19Z))","PS(20:4(5Z,8Z,11Z,14Z)/22:6(4Z,7Z,10Z,13Z,16Z,19Z))","HMDB0012439","52926084",NA,"CCCCC/C=C\C/C=C\C/C=C\C/C=C\CCCC(=O)OC[C@H](COP(=O)(O)OC[C@@H](C(=O)O)N)OC(=O)CC/C=C\C/C=C\C/C=C\C/C=C\C/C=C\C/C=C\CC","1"
"PS(22:6(4Z,7Z,10Z,13Z,16Z,19Z)/20:4(5Z,8Z,11Z,14Z))","PS(22:6(4Z,7Z,10Z,13Z,16Z,19Z)/20:4(5Z,8Z,11Z,14Z))","HMDB0012449","52925949",NA,"CCCCC/C=C\C/C=C\C/C=C\C/C=C\CCCC(=O)O[C@H](COC(=O)CC/C=C\C/C=C\C/C=C\C/C=C\C/C=C\C/C=C\CC)COP(=O)(O)OC[C@@H](C(=O)O)N","1"
"3-O-Sulfogalactosylceramide (d18:1/24:0)","3-O-Sulfogalactosylceramide (d18:1/24:0)","HMDB0000024","6451121","C06125","CCCCCCCCCCCCCCCCCCCCCCCC(=O)N[C@@H](CO[C@H]1[C@@H]([C@H]([C@H]([C@H](O1)CO)O)OS(=O)(=O)O)O)[C@@H](/C=C/CCCCCCCCCCCCC)O","1"
"PI(18:0/22:6(4Z,7Z,10Z,13Z,16Z,19Z))","PI(18:0/22:6(4Z,7Z,10Z,13Z,16Z,19Z))","HMDB0009821",NA,"C00626","[H][C@@](COC(=O)CCCCCCCCCCCCCCCCC)(COP(O)(=O)O[C@H]1C(O)C(O)C(O)[C@@H](O)C1O)OC(=O)CC\C=C/C\C=C/C\C=C/C\C=C/C\C=C/C\C=C/CC","1"
"PI(18:3(6Z,9Z,12Z)/22:3(10Z,13Z,16Z))","PI(18:3(6Z,9Z,12Z)/22:3(10Z,13Z,16Z))","HMDB0009861",NA,"C00626","[H][C@@](COC(=O)CCCC\C=C/C\C=C/C\C=C/CCCCC)(COP(O)(=O)O[C@H]1C(O)C(O)C(O)[C@@H](O)C1O)OC(=O)CCCCCCCC\C=C/C\C=C/C\C=C/CCCCC","1"
"PI(18:3(9Z,12Z,15Z)/22:3(10Z,13Z,16Z))","PI(18:3(9Z,12Z,15Z)/22:3(10Z,13Z,16Z))","HMDB0009865",NA,"C00626","[H][C@@](COC(=O)CCCCCCC\C=C/C\C=C/C\C=C/CC)(COP(O)(=O)O[C@H]1C(O)C(O)C(O)[C@@H](O)C1O)OC(=O)CCCCCCCC\C=C/C\C=C/C\C=C/CCCCC","1"
"PI(20:3(5Z,8Z,11Z)/20:3(5Z,8Z,11Z))","PI(20:3(5Z,8Z,11Z)/20:3(5Z,8Z,11Z))","HMDB0009884",NA,"C00626","[H][C@@](COC(=O)CCC\C=C/C\C=C/C\C=C/CCCCCCCC)(COP(O)(=O)O[C@H]1C(O)C(O)C(O)[C@@H](O)C1O)OC(=O)CCC\C=C/C\C=C/C\C=C/CCCCCCCC","1"
"PI(20:3(5Z,8Z,11Z)/20:3(8Z,11Z,14Z))","PI(20:3(5Z,8Z,11Z)/20:3(8Z,11Z,14Z))","HMDB0009885",NA,"C00626","[H][C@@](COC(=O)CCC\C=C/C\C=C/C\C=C/CCCCCCCC)(COP(O)(=O)O[C@H]1C(O)C(O)C(O)[C@@H](O)C1O)OC(=O)CCCCCC\C=C/C\C=C/C\C=C/CCCCC","1"
"PI(20:3(8Z,11Z,14Z)/20:3(5Z,8Z,11Z))","PI(20:3(8Z,11Z,14Z)/20:3(5Z,8Z,11Z))","HMDB0009891",NA,"C00626","[H][C@@](COC(=O)CCCCCC\C=C/C\C=C/C\C=C/CCCCC)(COP(O)(=O)O[C@H]1C(O)C(O)C(O)[C@@H](O)C1O)OC(=O)CCC\C=C/C\C=C/C\C=C/CCCCCCCC","1"
"PI(20:3(8Z,11Z,14Z)/20:3(8Z,11Z,14Z))","PI(20:3(8Z,11Z,14Z)/20:3(8Z,11Z,14Z))","HMDB0009892",NA,"C00626","[H][C@@](COC(=O)CCCCCC\C=C/C\C=C/C\C=C/CCCCC)(COP(O)(=O)O[C@H]1C(O)C(O)C(O)[C@@H](O)C1O)OC(=O)CCCCCC\C=C/C\C=C/C\C=C/CCCCC","1"
"PI(22:3(10Z,13Z,16Z)/18:3(6Z,9Z,12Z))","PI(22:3(10Z,13Z,16Z)/18:3(6Z,9Z,12Z))","HMDB0009910",NA,"C00626","[H][C@@](COC(=O)CCCCCCCC\C=C/C\C=C/C\C=C/CCCCC)(COP(O)(=O)O[C@H]1C(O)C(O)C(O)[C@@H](O)C1O)OC(=O)CCCC\C=C/C\C=C/C\C=C/CCCCC","1"
"PI(22:3(10Z,13Z,16Z)/18:3(9Z,12Z,15Z))","PI(22:3(10Z,13Z,16Z)/18:3(9Z,12Z,15Z))","HMDB0009911",NA,"C00626","[H][C@@](COC(=O)CCCCCCCC\C=C/C\C=C/C\C=C/CCCCC)(COP(O)(=O)O[C@H]1C(O)C(O)C(O)[C@@H](O)C1O)OC(=O)CCCCCCC\C=C/C\C=C/C\C=C/CC","1"
"PI(22:6(4Z,7Z,10Z,13Z,16Z,19Z)/18:0)","PI(22:6(4Z,7Z,10Z,13Z,16Z,19Z)/18:0)","HMDB0009920",NA,"C00626","[H][C@@](COC(=O)CC\C=C/C\C=C/C\C=C/C\C=C/C\C=C/C\C=C/CC)(COP(O)(=O)O[C@H]1C(O)C(O)C(O)[C@@H](O)C1O)OC(=O)CCCCCCCCCCCCCCCCC","1"
"Galabiosylceramide (d18:1/25:0)","Galabiosylceramide (d18:1/25:0)","HMDB0004841","20057282","C06126","CCCCCCCCCCCCCCCCCCCCCCCCC(=O)NC(CO[C@H]1[C@@H]([C@H]([C@H]([C@H](O1)CO)O[C@@H]2[C@@H]([C@H]([C@H]([C@H](O2)CO)O)O)O)O)O)C(/C=C\CCCCCCCCCCCCC)O","1"
"Lactosylceramide (d18:1/25:0)","Lactosylceramide (d18:1/25:0)","HMDB0004876","20057313","C01290","CCCCCCCCCCCCCCCCCCCCCCCCC(=O)N[C@@H](CO[C@H]1C([C@H]([C@@H]([C@H](O1)CO)O[C@H]2[C@@H]([C@H]([C@H]([C@H](O2)CO)O)O)O)O)O)[C@@H](/C=C/CCCCCCCCCCCCC)O","1"
