"","Total","Expected","Hits","Raw p","-log10(p)","Holm adjust","FDR","Impact"
"Sphingolipid metabolism",21,0.96194,5,0.0020075,2.6973,0.16863,0.16863,0.30832
"Valine, leucine and isoleucine biosynthesis",8,0.36645,3,0.0043723,2.3593,0.3629,0.18364,0
"Alanine, aspartate and glutamate metabolism",28,1.2826,5,0.0075453,2.1223,0.61871,0.21127,0.27164
"Glycine, serine and threonine metabolism",33,1.5116,5,0.015245,1.8169,1,0.32015,0.3342
"Arginine biosynthesis",14,0.64129,3,0.023307,1.6325,1,0.39157,0
"Pentose and glucuronate interconversions",18,0.82452,3,0.045841,1.3388,1,0.64177,0.21874
"Pentose phosphate pathway",22,1.0077,3,0.075987,1.1193,1,0.91184,0.19127
"Valine, leucine and isoleucine degradation",40,1.8323,4,0.10679,0.97149,1,1,0.09693
"Tyrosine metabolism",42,1.9239,4,0.12227,0.91267,1,1,0.11163
"Aminoacyl-tRNA biosynthesis",48,2.1987,4,0.17394,0.75959,1,1,0.16667
"Linoleic acid metabolism",5,0.22903,1,0.20923,0.67937,1,1,0
"Pantothenate and CoA biosynthesis",19,0.87032,2,0.21507,0.66742,1,1,0.02143
"Glycerophospholipid metabolism",36,1.649,3,0.22589,0.6461,1,1,0.24596
"D-Glutamine and D-glutamate metabolism",6,0.27484,1,0.24557,0.60982,1,1,0
"beta-Alanine metabolism",21,0.96194,2,0.24962,0.60272,1,1,0.39925
"Taurine and hypotaurine metabolism",8,0.36645,1,0.31338,0.50392,1,1,0
"Ubiquinone and other terpenoid-quinone biosynthesis",9,0.41226,1,0.345,0.46218,1,1,0
"Cysteine and methionine metabolism",33,1.5116,2,0.45176,0.34509,1,1,0.02279
"alpha-Linolenic acid metabolism",13,0.59548,1,0.45773,0.33939,1,1,0
"Glycosylphosphatidylinositol (GPI)-anchor biosynthesis",14,0.64129,1,0.48278,0.31626,1,1,0.00399
"Arachidonic acid metabolism",36,1.649,2,0.49789,0.30286,1,1,0.11124
"Butanoate metabolism",15,0.6871,1,0.50668,0.29526,1,1,0
"Nicotinate and nicotinamide metabolism",15,0.6871,1,0.50668,0.29526,1,1,0
"Histidine metabolism",16,0.7329,1,0.5295,0.27613,1,1,0
"Selenocompound metabolism",20,0.91613,1,0.61082,0.21409,1,1,0
"Citrate cycle (TCA cycle)",20,0.91613,1,0.61082,0.21409,1,1,0.05856
"Pyruvate metabolism",22,1.0077,1,0.64611,0.18969,1,1,0
"Propanoate metabolism",23,1.0535,1,0.66256,0.17878,1,1,0
"Lysine degradation",25,1.1452,1,0.69322,0.15913,1,1,0.15023
"Glyoxylate and dicarboxylate metabolism",32,1.4658,1,0.78042,0.10767,1,1,0.04233
"Amino sugar and nucleotide sugar metabolism",37,1.6948,1,0.82724,0.082369,1,1,0.02693
"Arginine and proline metabolism",38,1.7406,1,0.83535,0.078133,1,1,0
"Pyrimidine metabolism",39,1.7865,1,0.84308,0.074132,1,1,0
"Steroid biosynthesis",42,1.9239,1,0.86419,0.063391,1,1,0
"Purine metabolism",65,2.9774,1,0.95558,0.019733,1,1,0
