"Query","Match","HMDB","PubChem","KEGG","SMILES","Comment"
"Glycine","Glycine","HMDB0000123","750","C00037","C(C(=O)O)N","1"
"Beta-Alanine","Beta-Alanine","HMDB0000056","239","C00099","C(CN)C(=O)O","1"
"L-Alanine","L-Alanine","HMDB0000161","5950","C00041","C[C@@H](C(=O)O)N","1"
"Sarcosine","Sarcosine","HMDB0000271","1088","C00213","CNCC(=O)O","1"
"D-Alanine","D-Alanine","HMDB0001310","71080","C00133","C[C@H](C(=O)O)N","1"
"Uracil","Uracil","HMDB0000300","1174","C00106","C1=CNC(=O)NC1=O","1"
"Homocysteine thiolactone","Homocysteine thiolactone","HMDB0002287","134505",NA,"C1CSC(=O)C1N","1"
"Acetylglycine","Acetylglycine","HMDB0000532","10972",NA,"CC(=O)NCC(=O)O","1"
"L-2-Amino-3-oxobutanoic acid","L-2-Amino-3-oxobutanoic acid","HMDB0006454","440033","C03508","CC(=O)[C@@H](C(=O)O)N","1"
"L-Aspartate-semialdehyde","L-Aspartate-semialdehyde","HMDB0012249","439235","C00441","C(C=O)[C@@H](C(=O)O)N","1"
"Methylimidazole acetaldehyde","Methylimidazole acetaldehyde","HMDB0004181","193545","C05827","CN1C=C(N=C1)CC=O","1"
"Taurine","Taurine","HMDB0000251","1123","C00245","C(CS(=O)(=O)O)N","1"
"Thymine","Thymine","HMDB0000262","1135","C00178","CC1=CNC(=O)NC1=O","1"
"Imidazoleacetic acid","Imidazoleacetic acid","HMDB0002024","96215","C02835","C1=C(NC=N1)CC(=O)O","1"
"2-Keto-glutaramic acid","2-Keto-glutaramic acid","HMDB0001552","48","C00940","C(CC(=O)N)C(=O)C(=O)O","1"
"Ribitol","Ribitol","HMDB0000508",NA,"C00474","OC[C@H](O)[C@H](O)[C@H](O)CO","1"
"D-Arabitol","D-Arabitol","HMDB0000568","827","C01904","C(C(C(C(CO)O)O)O)O","1"
"L-Arabitol","L-Arabitol","HMDB0001851","94154","C00532","C([C@@H](C([C@H](CO)O)O)O)O","1"
"D-Xylitol","D-Xylitol","HMDB0002917","6912","C00379","C([C@H](C([C@H](CO)O)O)O)O","1"
"L-Canaline","L-Canaline","HMDB0012251","441443","C08270","C(CON)[C@@H](C(=O)O)N","1"
"Oxoadipic acid","Oxoadipic acid","HMDB0000225","71","C00322","C(CC(=O)C(=O)O)CC(=O)O","1"
"3-Oxoadipic acid","3-Oxoadipic acid","HMDB0000398","93","C00846","C(CC(=O)O)C(=O)CC(=O)O","1"
"7-Methylguanine","7-Methylguanine","HMDB0000897","11361","C02242","CN1C=NC2=C1C(=O)N=C(N2)N","1"
"3-Methylguanine","3-Methylguanine","HMDB0001566","76292","C02230","CN1C2=C(C(=O)N=C1N)NC=N2","1"
"1-Methylguanine","1-Methylguanine","HMDB0003282","70315","C04152","CN1C(=O)C2=C(N=CN2)N=C1N","1"
"N2-Methylguanine","N2-Methylguanine","HMDB0006040","24828","C04153","CNC1=NC(=O)C2=C(N1)N=CN2","1"
"Homocysteinesulfinic acid","Homocysteinesulfinic acid","HMDB0006462","161712",NA,"C(CS(=O)O)C(C(=O)O)N","1"
"Uric acid","Uric acid","HMDB0000289","1175","C00366","C12=C(NC(=O)N1)NC(=O)NC2=O","1"
"Homogentisic acid","Homogentisic acid","HMDB0000130","780","C00544","C1=CC(=C(C=C1O)CC(=O)O)O","1"
"Vanillic acid","Vanillic acid","HMDB0000484","8468","C06672","COC1=C(C=CC(=C1)C(=O)O)O","1"
"3-Hydroxymandelic acid","3-Hydroxymandelic acid","HMDB0000750","86957",NA,"C1=CC(=CC(=C1)O)C(C(=O)O)O","1"
"p-Hydroxymandelic acid","p-Hydroxymandelic acid","HMDB0000822","7721","C11527","C1=CC(=CC=C1C(C(=O)O)O)O","1"
"3,4-Dihydroxybenzeneacetic acid","3,4-Dihydroxybenzeneacetic acid","HMDB0001336","547","C01161","C1=CC(=C(C=C1CC(=O)O)O)O","1"
"5-Methoxysalicylic acid","5-Methoxysalicylic acid","HMDB0001868","75787",NA,"COC1=CC(=C(C=C1)O)C(=O)O","1"
"3,4-Dihydroxymandelaldehyde","3,4-Dihydroxymandelaldehyde","HMDB0006242","151725","C05577","C1=CC(=C(C=C1C(C=O)O)O)O","1"
"Glycylproline","Glycylproline","HMDB0000721","79101",NA,"C1CC(N(C1)C(=O)CN)C(=O)O","1"
"L-prolyl-L-glycine","L-prolyl-L-glycine","HMDB11178","98206",NA,"C1CC(NC1)C(=O)NCC(=O)O","1"
"Cysteinylglycine","Cysteinylglycine","HMDB0000078","439498","C01419","C([C@@H](C(=O)NCC(=O)O)N)S","1"
"Isoxanthopterin","Isoxanthopterin","HMDB0000704","135398700","C03975","C1=NC2=C(NC1=O)NC(=NC2=O)N","1"
"Nicotinuric acid","Nicotinuric acid","HMDB0003269","68499","C05380","C1=CC(=CN=C1)C(=O)NCC(=O)O","1"
"Vanylglycol","Vanylglycol","HMDB0001490","10805","C05594","COC1=C(C=CC(=C1)C(CO)O)O","1"
"4-Aminohippuric acid","4-Aminohippuric acid","HMDB0001867","2148","D06890","C1=CC(=CC=C1C(=O)NCC(=O)O)N","1"
"Glycerylphosphorylethanolamine","Glycerylphosphorylethanolamine","HMDB0000114","22833510","C01233","C(CO)N(CC(CO)O)P(=O)(O)O","1"
"Pantothenic acid","Pantothenic acid","HMDB0000210","6613","C00864","CC(C)(CO)C(C(=O)NCCC(=O)O)O","1"
"N-Decanoylglycine","N-Decanoylglycine","HMDB0013267","1712391",NA,"CCCCCCCCCC(=O)NCC(=O)O","1"
"Hydroxypropionylcarnitine","Hydroxypropionylcarnitine","HMDB0013125","53481613",NA,"C[N+](C)(C)C[C@H](CC(=O)[O-])OC(=O)CCO","1"
"5-Methyldeoxycytidine","5-Methyldeoxycytidine","HMDB0002224","440055","C03592","CC1=CN(C(=O)N=C1N)[C@H]2CC([C@H](O2)CO)O","1"
"Tetrahydrobiopterin","Tetrahydrobiopterin","HMDB0000027","1125","C00272","CC(C(C1CNC2=C(N1)C(=O)N=C(N2)N)O)O","1"
"Sapropterin","Sapropterin","HMDB0000787","9816201","C00272","C[C@@H]([C@@H](C1CNC2=C(N1)C(=O)N=C(N2)N)O)O","1"
"Inositol cyclic phosphate","Inositol cyclic phosphate","HMDB0001125","122331","C04299","[C@@H]1([C@@H]([C@H]([C@H]2[C@@H]([C@@H]1O)OP(=O)(O2)O)O)O)O","1"
"5,6-Dihydrouridine","5,6-Dihydrouridine","HMDB0000497","94312",NA,"C1CN(C(=O)NC1=O)[C@H]2[C@@H]([C@@H]([C@H](O2)CO)O)O","1"
"L-alpha-Aspartyl-L-hydroxyproline","L-alpha-Aspartyl-L-hydroxyproline","HMDB0011160","53480671",NA,"C1C(CN(C1C(=O)O)C(=O)C(CC(=O)O)N)O","1"
"Gamma-Glutamylcysteine","gamma-Glutamylcysteine","HMDB0001049","123938","C00669","C(CC(=O)N[C@@H](CS)C(=O)O)[C@@H](C(=O)O)N","1"
"6-Succinoaminopurine","6-Succinoaminopurine","HMDB0013204","18877593",NA,"C1=NC2=C(N1)C(=NC=N2)NC(=O)CCC(=O)O","1"
"Fructose 6-phosphate","Fructose 6-phosphate","HMDB0000124","69507","C00085","C([C@H]([C@H]([C@@H](C(=O)CO)O)O)O)OP(=O)(O)O","1"
"Myo-inositol 1-phosphate","Myo-inositol 1-phosphate","HMDB0000213",NA,"C01177","O[C@H]1[C@H](O)[C@H](O)[C@H](OP(O)(O)=O)[C@@H](O)[C@@H]1O","1"
"Galactose 1-phosphate","Galactose 1-phosphate","HMDB0000645","123912","C00446","C([C@@H]1[C@@H]([C@@H]([C@H]([C@H](O1)OP(=O)(O)O)O)O)O)O","1"
"Dolichyl phosphate D-mannose","Dolichyl phosphate D-mannose","HMDB0000994","3246168","C03862","C([C@@H]1[C@H]([C@@H]([C@@H]([C@@H](O1)OP(=O)(O)O)O)O)O)O","1"
"Fructose 1-phosphate","Fructose 1-phosphate","HMDB0001076","10400369","C01094","C([C@@H]1[C@H]([C@@H]([C@](O1)(COP(=O)(O)O)O)O)O)O","1"
"Mannose 6-phosphate","Mannose 6-phosphate","HMDB0001078","439198","C00275","C([C@@H]1[C@H]([C@@H]([C@@H]([C@@H](O1)O)O)O)O)OP(=O)(O)O","1"
"D-Myo-inositol 4-phosphate","D-Myo-inositol 4-phosphate","HMDB0001313","440043","C03546","O[C@@H]1[C@H](O)[C@H](O)[C@@H](OP(O)(O)=O)[C@H](O)[C@H]1O","1"
"Glucose 6-phosphate","Glucose 6-phosphate","HMDB0001401","5958","C00092","C([C@@H]1[C@H]([C@@H]([C@H](C(O1)O)O)O)O)OP(=O)(O)O","1"
"Glucose 1-phosphate","Glucose 1-phosphate","HMDB0001586","439165","C00103","C([C@@H]1[C@H]([C@@H]([C@H](C(O1)OP(=O)(O)O)O)O)O)O","1"
"Inositol phosphate","Inositol phosphate","HMDB0002985",NA,"C01177","O[C@@H]1[C@@H](O)[C@H](O)[C@@H](OP(O)(O)=O)[C@H](O)[C@@H]1O","1"
"Beta-D-Glucose 6-phosphate","Beta-D-Glucose 6-phosphate","HMDB0003498","439427","C01172","C([C@@H]1[C@H]([C@@H]([C@H]([C@@H](O1)O)O)O)O)OP(=O)(O)O","1"
"Beta-D-Fructose 6-phosphate","Beta-D-Fructose 6-phosphate","HMDB0003971","440641","C05345","C([C@@H]1[C@H]([C@@H]([C@](O1)(CO)O)O)O)OP(=O)(O)O","1"
"D-Tagatose 1-phosphate","D-Tagatose 1-phosphate","HMDB0006328","6101730",NA,"C([C@H]([C@@H]([C@@H](C(=O)COP(=O)(O)O)O)O)O)O","1"
"D-Mannose 1-phosphate","D-Mannose 1-phosphate","HMDB0006330","644175","C00636","C([C@@H]1[C@H]([C@@H]([C@@H](C(O1)OP(=O)(O)O)O)O)O)O","1"
"Sorbose 1-phosphate","Sorbose 1-phosphate","HMDB0006797","439837","C02888","C([C@@H]([C@H]([C@@H](C(=O)COP(=O)(O)O)O)O)O)O","1"
"Beta-D-Fructose 2-phosphate","Beta-D-Fructose 2-phosphate","HMDB0006800","193537","C03267","C([C@@H]1[C@H]([C@@H]([C@](O1)(CO)OP(=O)(O)O)O)O)O","1"
"1D-myo-Inositol 3-phosphate","1D-myo-Inositol 3-phosphate","HMDB0006814","440194","C04006","[C@H]1([C@@H](C([C@H]([C@@H](C1O)O)O)OP(=O)(O)O)O)O","1"
"D-Tagatose 6-phosphate","D-Tagatose 6-phosphate","HMDB0006873","439396","C01097","C([C@@H]1[C@@H]([C@@H](C(O1)(CO)O)O)O)OP(=O)(O)O","1"
"Glyceric acid 1,3-biphosphate","Glyceric acid 1,3-biphosphate","HMDB0001270","683","C00236","C(C(C(=O)OP(=O)(O)O)O)OP(=O)(O)O","1"
"2,3-Diphosphoglyceric acid","2,3-Diphosphoglyceric acid","HMDB0001294","186004","C01159","C([C@H](C(=O)O)OP(=O)(O)O)OP(=O)(O)O","1"
"Ethenodeoxyadenosine","Ethenodeoxyadenosine","HMDB0001786","10945668",NA,"C1[C@@H]([C@H](O[C@H]1N2C=NC3=C2N=CN4C3=NC=C4)CO)O","1"
"2-Amino-4-oxo-6-(1',2'-dioxoprolyl)-7,8-dihydroxypteridine","2-Amino-4-oxo-6-(1',2'-dioxoprolyl)-7,8-dihydroxypteridine","HMDB0001410","440598","C05255","CC(=O)C(=O)C1=NC2=C(NC(=NC2=O)N)N(C1O)O","1"
"Orotidine","Orotidine","HMDB0000788","92751","C01103","C1=C(N(C(=O)NC1=O)[C@H]2[C@@H]([C@@H]([C@H](O2)CO)O)O)C(=O)O","1"
"Glutathione","Glutathione","HMDB0062697","745","C00051","NC(CCC(O)=NC(CS)C(O)=NCC(O)=O)C(O)=O","1"
"dUMP","dUMP","HMDB0001409","65063","C00365","C1[C@@H]([C@H](O[C@H]1N2C=CC(=O)NC2=O)COP(=O)(O)O)O","1"
"Epicatechin","Epicatechin","HMDB0001871","72276","C09727","C1[C@H]([C@H](OC2=CC(=CC(=C21)O)O)C3=CC(=C(C=C3)O)O)O","1"
"Catechin","Catechin","HMDB0002780","9064","C06562","C1[C@@H]([C@H](OC2=CC(=CC(=C21)O)O)C3=CC(=C(C=C3)O)O)O","1"
"Hawkinsin","Hawkinsin","HMDB0002354","173909",NA,"C1C(C=CC(C1SCC(C(=O)O)N)(CC(=O)O)O)O","1"
"N-Oleoylethanolamine","N-Oleoylethanolamine","HMDB0002088","5283454","C20792","CCCCCCCC/C=C\CCCCCCCC(=O)NCCO","1"
"Stearoylglycine","Stearoylglycine","HMDB0013308","95070",NA,"CCCCCCCCCCCCCCCCCC(=O)NCC(=O)O","1"
"Anandamide","Anandamide","HMDB0004080","5281969","C11695","CCCCC/C=C\C/C=C\C/C=C\C/C=C\CCCC(=O)NCCO","1"
"O-Arachidonoyl Ethanolamine","O-Arachidonoyl Ethanolamine","HMDB0013655","5712057",NA,"CCCCC/C=C\C/C=C\C/C=C\C/C=C\CCCC(=O)OCCN","1"
"Dihomo-gamma-Linolenoyl ethanolamide","Dihomo-gamma-Linolenoyl ethanolamide","HMDB0013625","5282272","C13828","CCCCC/C=C\C/C=C\C/C=C\CCCCCCC(=O)NCCO","1"
"6-Hydroxy-5-methoxyindole glucuronide","6-Hydroxy-5-methoxyindole glucuronide","HMDB0010362","196513","C03033","COC1=C(C=C2C(=C1)C=CN2)O[C@H]3[C@@H]([C@H]([C@@H]([C@H](O3)C(=O)O)O)O)O","1"
"5-Hydroxy-6-methoxyindole glucuronide","5-Hydroxy-6-methoxyindole glucuronide","HMDB0010363","196512","C03033","COC1=C(C=C2C=CNC2=C1)O[C@H]3[C@@H]([C@H]([C@@H]([C@H](O3)C(=O)O)O)O)O","1"
"Topiramate","Topiramate","HMDB0005034","5284627","C07502","CC1(O[C@@H]2CO[C@@]3([C@H]([C@@H]2O1)OC(O3)(C)C)COS(=O)(=O)N)C","1"
"Orotidylic acid","Orotidylic acid","HMDB0000218","160617","C01103","C1=C(N(C(=O)NC1=O)[C@H]2[C@@H]([C@@H]([C@H](O2)COP(=O)(O)O)O)O)C(=O)O","1"
"Acetyl adenylate","Acetyl adenylate","HMDB0006880","440867","C05993","CC(=O)OP(=O)(O)OC[C@@H]1[C@H]([C@H]([C@@H](O1)N2C=NC3=C2N=CN=C3N)O)O","1"
"Behenoylglycine","Behenoylglycine","HMDB0013219","21445006",NA,"CCCCCCCCCCCCCCCCCCCCCC(=O)NCC(=O)O","1"
"dATP","Deoxyadenosine triphosphate","HMDB0001532","15993","C00131","C1[C@@H]([C@H](O[C@H]1N2C=NC3=C2N=CN=C3N)COP(=O)(O)OP(=O)(O)OP(=O)(O)O)O","1"
"10-formyldihydrofolate","10-Formyldihydrofolate","HMDB0006485","168809","C03204","C1C(=NC2=C(N1)NC(=NC2=O)N)CN(C=O)C3=CC=C(C=C3)C(=O)N[C@@H](CCC(=O)O)C(=O)O","1"
"Adenosine triphosphate","Adenosine triphosphate","HMDB0000538","5957","C00002","C1=NC2=C(C(=N1)N)N=CN2[C@H]3[C@@H]([C@@H]([C@H](O3)COP(=O)(O)OP(=O)(O)OP(=O)(O)O)O)O","1"
"dGTP","dGTP","HMDB0001440","65103","C00286","C1[C@@H]([C@H](O[C@H]1N2C=NC3=C2NC(=NC3=O)N)COP(=O)(O)OP(=O)(O)OP(=O)(O)O)O","1"
"Lipoyl-GMP","Lipoyl-GMP","HMDB0013617","53481910",NA,"C1CSSC1CCCCC(=O)NC2=NC(=O)C3=C(N2)N(C=N3)[C@H]4[C@@H]([C@@H]([C@H](O4)COP(=O)(O)O)O)O","1"
"GDP-L-fucose","GDP-L-fucose","HMDB0001095","439211","C00325","C[C@H]1[C@H]([C@H]([C@@H](C(O1)OP(=O)(O)OP(=O)(O)OC[C@@H]2[C@H]([C@H]([C@@H](O2)N3C=NC4=C3NC(=NC4=O)N)O)O)O)O)O","1"
"GDP-D-Rhamnose","GDP-D-Rhamnose","HMDB0001499","439912","C03117","C[C@@H]1[C@H]([C@@H]([C@@H]([C@H](O1)OP(=O)(O)OP(=O)(O)OC[C@@H]2[C@H]([C@H]([C@@H](O2)N3C=NC4=C3NC(=NC4=O)N)O)O)O)O)O","1"
"ADP-Mannose","ADP-Mannose","HMDB0006369","440940","C06192","C1=NC2=C(C(=N1)N)N=CN2[C@H]3[C@@H]([C@@H]([C@H](O3)COP(=O)(O)OP(=O)(O)O[C@@H]4[C@H]([C@H]([C@@H]([C@H](O4)CO)O)O)O)O)O","1"
"ADP-glucose","ADP-glucose","HMDB0006557","16500","C00498","C1=NC2=C(C(=N1)N)N=CN2[C@H]3[C@@H]([C@@H]([C@H](O3)COP(=O)(O)OP(=O)(O)O[C@@H]4[C@@H]([C@H]([C@@H]([C@H](O4)CO)O)O)O)O)O","1"
"PE(14:0/14:0)","PE(14:0/14:0)","HMDB0008821","9852308","C00350","CCCCCCCCCCCCCC(=O)OC[C@H](COP(=O)(O)OCCN)OC(=O)CCCCCCCCCCCCC","1"
"PE(14:0/15:0)","PE(14:0/15:0)","HMDB0008823","24178114","C00350","CCCCCCCCCCCCCCC(=O)O[C@H](COC(=O)CCCCCCCCCCCCC)COP(=O)(O)OCCN","1"
"PE(15:0/14:0)","PE(15:0/14:0)","HMDB0008887","4369584","C00350","CCCCCCCCCCCCCCC(=O)OC[C@H](COP(=O)(O)OCCN)OC(=O)CCCCCCCCCCCCC","1"
"UDP-N-acetylmuraminate","UDP-N-acetylmuraminate","HMDB0011720","24755495","C01050","CC(C(=O)O)OC1C(C(OC(C1O)CO)OP(=O)(O)OP(=O)(O)OCC2C(C(C(O2)N3C=CC(=O)NC3=O)O)O)NC(=O)C","1"
"DG(22:4(7Z,10Z,13Z,16Z)/22:6(4Z,7Z,10Z,13Z,16Z,19Z)/0:0)","DG(22:4(7Z,10Z,13Z,16Z)/22:6(4Z,7Z,10Z,13Z,16Z,19Z)/0:0)","HMDB0007701","9543969",NA,"CCCCC/C=C\C/C=C\C/C=C\C/C=C\CCCCCC(=O)OC[C@H](CO)OC(=O)CC/C=C\C/C=C\C/C=C\C/C=C\C/C=C\C/C=C\CC","1"
"DG(22:5(4Z,7Z,10Z,13Z,16Z)/22:5(4Z,7Z,10Z,13Z,16Z)/0:0)","DG(22:5(4Z,7Z,10Z,13Z,16Z)/22:5(4Z,7Z,10Z,13Z,16Z)/0:0)","HMDB0007728","53478481",NA,"CCCCC/C=C\C/C=C\C/C=C\C/C=C\C/C=C\CCC(=O)OC[C@H](CO)OC(=O)CC/C=C\C/C=C\C/C=C\C/C=C\C/C=C\CCCCC","1"
"DG(22:5(4Z,7Z,10Z,13Z,16Z)/22:5(7Z,10Z,13Z,16Z,19Z)/0:0)","DG(22:5(4Z,7Z,10Z,13Z,16Z)/22:5(7Z,10Z,13Z,16Z,19Z)/0:0)","HMDB0007729","53478482",NA,"CCCCC/C=C\C/C=C\C/C=C\C/C=C\C/C=C\CCC(=O)OC[C@H](CO)OC(=O)CCCCC/C=C\C/C=C\C/C=C\C/C=C\C/C=C\CC","1"
"DG(22:5(7Z,10Z,13Z,16Z,19Z)/22:5(4Z,7Z,10Z,13Z,16Z)/0:0)","DG(22:5(7Z,10Z,13Z,16Z,19Z)/22:5(4Z,7Z,10Z,13Z,16Z)/0:0)","HMDB0007757","53478510",NA,"CCCCC/C=C\C/C=C\C/C=C\C/C=C\C/C=C\CCC(=O)O[C@@H](CO)COC(=O)CCCCC/C=C\C/C=C\C/C=C\C/C=C\C/C=C\CC","1"
"DG(22:5(7Z,10Z,13Z,16Z,19Z)/22:5(7Z,10Z,13Z,16Z,19Z)/0:0)","DG(22:5(7Z,10Z,13Z,16Z,19Z)/22:5(7Z,10Z,13Z,16Z,19Z)/0:0)","HMDB0007758","9543968",NA,"CC/C=C\C/C=C\C/C=C\C/C=C\C/C=C\CCCCCC(=O)OC[C@H](CO)OC(=O)CCCCC/C=C\C/C=C\C/C=C\C/C=C\C/C=C\CC","1"
"DG(22:6(4Z,7Z,10Z,13Z,16Z,19Z)/22:4(7Z,10Z,13Z,16Z)/0:0)","DG(22:6(4Z,7Z,10Z,13Z,16Z,19Z)/22:4(7Z,10Z,13Z,16Z)/0:0)","HMDB0007785","53478536",NA,"CCCCC/C=C\C/C=C\C/C=C\C/C=C\CCCCCC(=O)O[C@@H](CO)COC(=O)CC/C=C\C/C=C\C/C=C\C/C=C\C/C=C\C/C=C\CC","1"
"PC(18:4(6Z,9Z,12Z,15Z)/P-16:0)","PC(18:4(6Z,9Z,12Z,15Z)/P-16:0)","HMDB0008258","53478871","C00157","CCCCCCCCCCCCCC/C=C\OC(COC(=O)CCCC/C=C\C/C=C\C/C=C\C/C=C\CC)COP(=O)([O-])OCC[N+](C)(C)C","1"
"PC(P-16:0/18:4(6Z,9Z,12Z,15Z))","PC(P-16:0/18:4(6Z,9Z,12Z,15Z))","HMDB0011214","52923896",NA,"CCCCCCCCCCCCCC/C=C\OC[C@H](COP(=O)([O-])OCC[N+](C)(C)C)OC(=O)CCCC/C=C\C/C=C\C/C=C\C/C=C\CC","1"
"Coenzyme A","Coenzyme A","HMDB0001423","87642","C00010","CC(C)(COP(=O)(O)OP(=O)(O)OC[C@@H]1[C@H]([C@H]([C@@H](O1)N2C=NC3=C2N=CN=C3N)O)OP(=O)(O)O)C(C(=O)NCCC(=O)NCCS)O","1"
"FAD","FAD","HMDB0001248","643975","C00016","CC1=CC2=C(C=C1C)N(C3=NC(=O)NC(=O)C3=N2)C[C@@H]([C@@H]([C@@H](COP(=O)(O)OP(=O)(O)OC[C@@H]4[C@H]([C@H]([C@@H](O4)N5C=NC6=C5N=CN=C6N)O)O)O)O)O","1"
"PG(16:1(9Z)/22:6(4Z,7Z,10Z,13Z,16Z,19Z))","PG(16:1(9Z)/22:6(4Z,7Z,10Z,13Z,16Z,19Z))","HMDB0010599","52927163",NA,"CCCCCC/C=C\CCCCCCCC(=O)OC[C@H](COP(=O)(O)OC[C@H](CO)O)OC(=O)CC/C=C\C/C=C\C/C=C\C/C=C\C/C=C\C/C=C\CC","1"
"PG(18:3(6Z,9Z,12Z)/20:4(5Z,8Z,11Z,14Z))","PG(18:3(6Z,9Z,12Z)/20:4(5Z,8Z,11Z,14Z))","HMDB0010670","52926654",NA,"CCCCC/C=C\C/C=C\C/C=C\CCCCC(=O)OC[C@H](COP(=O)(O)OC[C@H](CO)O)OC(=O)CCC/C=C\C/C=C\C/C=C\C/C=C\CCCCC","1"
"PG(18:3(9Z,12Z,15Z)/20:4(5Z,8Z,11Z,14Z))","PG(18:3(9Z,12Z,15Z)/20:4(5Z,8Z,11Z,14Z))","HMDB0010685","52926682",NA,"CCCCC/C=C\C/C=C\C/C=C\C/C=C\CCCC(=O)O[C@H](COC(=O)CCCCCCC/C=C\C/C=C\C/C=C\CC)COP(=O)(O)OC[C@H](CO)O","1"
"PC(14:1(9Z)/22:2(13Z,16Z))","PC(14:1(9Z)/22:2(13Z,16Z))","HMDB0007921","52922294","C00157","CCCCC/C=C\C/C=C\CCCCCCCCCCCC(=O)O[C@H](COC(=O)CCCCCCC/C=C\CCCC)COP(=O)([O-])OCC[N+](C)(C)C","1"
"PC(16:0/20:3(5Z,8Z,11Z))","PC(16:0/20:3(5Z,8Z,11Z))","HMDB0007980","24778715","C00157","CCCCCCCCCCCCCCCC(=O)OC[C@H](COP(=O)([O-])OCC[N+](C)(C)C)OC(=O)CCC/C=C\C/C=C\C/C=C\CCCCCCCC","1"
"PC(16:0/20:3(8Z,11Z,14Z))","PC(16:0/20:3(8Z,11Z,14Z))","HMDB0007981","24778719","C00157","CCCCCCCCCCCCCCCC(=O)OC[C@H](COP(=O)([O-])OCC[N+](C)(C)C)OC(=O)CCCCCC/C=C\C/C=C\C/C=C\CCCCC","1"
"PC(16:1(9Z)/20:2(11Z,14Z))","PC(16:1(9Z)/20:2(11Z,14Z))","HMDB0008012","52922461","C00157","CCCCCC/C=C\CCCCCCCC(=O)OC[C@H](COP(=O)([O-])OCC[N+](C)(C)C)OC(=O)CCCCCCCCC/C=C\C/C=C\CCCCC","1"
"PC(18:0/18:3(6Z,9Z,12Z))","PC(18:0/18:3(6Z,9Z,12Z))","HMDB0008040","52922655","C00157","CCCCCCCCCCCCCCCCCC(=O)OC[C@H](COP(=O)([O-])OCC[N+](C)(C)C)OC(=O)CCCC/C=C\C/C=C\C/C=C\CCCCC","1"
"PC(18:0/18:3(9Z,12Z,15Z))","PC(18:0/18:3(9Z,12Z,15Z))","HMDB0008041","52922657","C00157","CCCCCCCCCCCCCCCCCC(=O)OC[C@H](COP(=O)([O-])OCC[N+](C)(C)C)OC(=O)CCCCCCC/C=C\C/C=C\C/C=C\CC","1"
"PC(18:1(11Z)/18:2(9Z,12Z))","PC(18:1(11Z)/18:2(9Z,12Z))","HMDB0008072","53478723","C00157","CCCCCC/C=C\CCCCCCCCCC(=O)OC[C@H](COP(=O)([O-])OCC[N+](C)(C)C)OC(=O)CCCCCCC/C=C\C/C=C\CCCCC","1"
"PC(18:1(9Z)/18:2(9Z,12Z))","PC(18:1(9Z)/18:2(9Z,12Z))","HMDB0008105","24778939","C00157","CCCCCCCC/C=C\CCCCCCCC(=O)OC[C@H](COP(=O)([O-])OCC[N+](C)(C)C)OC(=O)CCCCCCC/C=C\C/C=C\CCCCC","1"
"PC(18:2(9Z,12Z)/18:1(11Z))","PC(18:2(9Z,12Z)/18:1(11Z))","HMDB0008136","53478785","C00157","CCCCCC/C=C\CCCCCCCCCC(=O)O[C@H](COC(=O)CCCCCCC/C=C\C/C=C\CCCCC)COP(=O)([O-])OCC[N+](C)(C)C","1"
"PC(18:2(9Z,12Z)/18:1(9Z))","PC(18:2(9Z,12Z)/18:1(9Z))","HMDB0008137","52922727","C00157","CCCCCCCC/C=C\CCCCCCCC(=O)O[C@H](COC(=O)CCCCCCC/C=C\C/C=C\CCCCC)COP(=O)([O-])OCC[N+](C)(C)C","1"
"PC(18:3(6Z,9Z,12Z)/18:0)","PC(18:3(6Z,9Z,12Z)/18:0)","HMDB0008168","52922781","C00157","CCCCCCCCCCCCCCCCCC(=O)O[C@H](COC(=O)CCCC/C=C\C/C=C\C/C=C\CCCCC)COP(=O)([O-])OCC[N+](C)(C)C","1"
"PC(18:3(9Z,12Z,15Z)/18:0)","PC(18:3(9Z,12Z,15Z)/18:0)","HMDB0008201","52922843","C00157","CCCCCCCCCCCCCCCCCC(=O)O[C@H](COC(=O)CCCCCCC/C=C\C/C=C\C/C=C\CC)COP(=O)([O-])OCC[N+](C)(C)C","1"
"PC(20:2(11Z,14Z)/16:1(9Z))","PC(20:2(11Z,14Z)/16:1(9Z))","HMDB0008332","52923163","C00157","CCCCCC/C=C\CCCCCCCC(=O)O[C@H](COC(=O)CCCCCCCCC/C=C\C/C=C\CCCCC)COP(=O)([O-])OCC[N+](C)(C)C","1"
"PC(20:3(5Z,8Z,11Z)/16:0)","PC(20:3(5Z,8Z,11Z)/16:0)","HMDB0008364","53478949","C00157","CCCCCCCCCCCCCCCC(=O)O[C@H](COC(=O)CCC/C=C\C/C=C\C/C=C\CCCCCCCC)COP(=O)([O-])OCC[N+](C)(C)C","1"
"PC(20:3(8Z,11Z,14Z)/16:0)","PC(20:3(8Z,11Z,14Z)/16:0)","HMDB0008397","52923221","C00157","CCCCCCCCCCCCCCCC(=O)O[C@H](COC(=O)CCCCCC/C=C\C/C=C\C/C=C\CCCCC)COP(=O)([O-])OCC[N+](C)(C)C","1"
"PC(22:2(13Z,16Z)/14:1(9Z))","PC(22:2(13Z,16Z)/14:1(9Z))","HMDB0008591","52923553","C00157","CCCCC/C=C\C/C=C\CCCCCCCCCCCC(=O)OC[C@H](COP(=O)([O-])OCC[N+](C)(C)C)OC(=O)CCCCCCC/C=C\CCCC","1"
"PG(18:1(11Z)/22:6(4Z,7Z,10Z,13Z,16Z,19Z))","PG(18:1(11Z)/22:6(4Z,7Z,10Z,13Z,16Z,19Z))","HMDB0010629","53480628",NA,"CCCCCC/C=C\CCCCCCCCCC(=O)OC[C@H](COP(=O)(O)OC[C@H](CO)O)OC(=O)CC/C=C\C/C=C\C/C=C\C/C=C\C/C=C\C/C=C\CC","1"
"PG(18:1(9Z)/22:6(4Z,7Z,10Z,13Z,16Z,19Z))","PG(18:1(9Z)/22:6(4Z,7Z,10Z,13Z,16Z,19Z))","HMDB0010644","52926308",NA,"CCCCCCCC/C=C\CCCCCCCC(=O)OC[C@H](COP(=O)(O)OC[C@H](CO)O)OC(=O)CC/C=C\C/C=C\C/C=C\C/C=C\C/C=C\C/C=C\CC","1"
"PG(18:2(9Z,12Z)/22:5(4Z,7Z,10Z,13Z,16Z))","PG(18:2(9Z,12Z)/22:5(4Z,7Z,10Z,13Z,16Z))","HMDB0010657","53480635",NA,"CCCCC/C=C\C/C=C\CCCCCCCC(=O)OC[C@H](COP(=O)(O)OC[C@H](CO)O)OC(=O)CC/C=C\C/C=C\C/C=C\C/C=C\C/C=C\CCCCC","1"
"PG(18:2(9Z,12Z)/22:5(7Z,10Z,13Z,16Z,19Z))","PG(18:2(9Z,12Z)/22:5(7Z,10Z,13Z,16Z,19Z))","HMDB0010658","53480636",NA,"CCCCC/C=C\C/C=C\CCCCCCCC(=O)OC[C@H](COP(=O)(O)OC[C@H](CO)O)OC(=O)CCCCC/C=C\C/C=C\C/C=C\C/C=C\C/C=C\CC","1"
"PG(18:3(6Z,9Z,12Z)/22:4(7Z,10Z,13Z,16Z))","PG(18:3(6Z,9Z,12Z)/22:4(7Z,10Z,13Z,16Z))","HMDB0010671","52926660",NA,"CCCCC/C=C\C/C=C\C/C=C\CCCCC(=O)OC[C@H](COP(=O)(O)OC[C@H](CO)O)OC(=O)CCCCC/C=C\C/C=C\C/C=C\C/C=C\CCCCC","1"
"PG(18:3(9Z,12Z,15Z)/22:4(7Z,10Z,13Z,16Z))","PG(18:3(9Z,12Z,15Z)/22:4(7Z,10Z,13Z,16Z))","HMDB0010686","52926688",NA,"CCCCC/C=C\C/C=C\C/C=C\C/C=C\CCCCCC(=O)O[C@H](COC(=O)CCCCCCC/C=C\C/C=C\C/C=C\CC)COP(=O)(O)OC[C@H](CO)O","1"
"2-Methylbutyryl-CoA","2-Methylbutyryl-CoA","HMDB0001041","439371","C15980","CCC(C)C(=O)SCCNC(=O)CCNC(=O)C(C(C)(C)COP(=O)(O)OP(=O)(O)OC[C@@H]1[C@H]([C@H]([C@@H](O1)N2C=NC3=C2N=CN=C3N)O)OP(=O)(O)O)O","1"
"Isovaleryl-CoA","Isovaleryl-CoA","HMDB0001113","439855","C02939","CC(C)CC(=O)SCCNC(=O)CCNC(=O)C(C(C)(C)COP(=O)(O)OP(=O)(O)OC[C@@H]1[C@H]([C@H]([C@@H](O1)N2C=NC3=C2N=CN=C3N)O)OP(=O)(O)O)O","1"
"Pentanoyl-CoA","Pentanoyl-CoA","HMDB0013037","439337","C00888","CCCCC(=O)SCCNC(=O)CCNC(=O)C(C(C)(C)COP(=O)(O)OP(=O)(O)OC[C@@H]1[C@H]([C@H]([C@@H](O1)N2C=NC3=C2N=CN=C3N)O)OP(=O)(O)O)O","1"
"PC(o-22:0/20:4(8Z,11Z,14Z,17Z))","PC(o-22:0/20:4(8Z,11Z,14Z,17Z))","HMDB0013448","53481751",NA,"CCCCCCCCCCCCCCCCCCCCCCOC[C@H](COP(=O)([O-])OCC[N+](C)(C)C)OC(=O)CCC/C=C\C/C=C\C/C=C\C/C=C\CCCCC","1"
"PC(o-22:2(13Z,16Z)/20:2(11Z,14Z))","PC(o-22:2(13Z,16Z)/20:2(11Z,14Z))","HMDB0013454","53481763",NA,"CCCCC/C=C\C/C=C\CCCCCCCCCCCCOC[C@H](COP(=O)([O-])OCC[N+](C)(C)C)OC(=O)CCCCCCCCC/C=C\C/C=C\CCCCC","1"
"TG(18:3(9Z,12Z,15Z)/18:2(9Z,12Z)/18:3(9Z,12Z,15Z))[iso3","NA","NA","NA","NA","NA","0"
"TG(20:4(5Z,8Z,11Z,14Z)/14:0/20:4(5Z,8Z,11Z,14Z))[iso3","NA","NA","NA","NA","NA","0"
"Diguanosine tetraphosphate","Diguanosine tetraphosphate","HMDB0001340","165186","C01261","C1=NC2=C(N1[C@H]3[C@@H]([C@@H]([C@H](O3)COP(=O)(O)OP(=O)(O)OP(=O)(O)OP(=O)(O)OC[C@@H]4[C@H]([C@H]([C@@H](O4)N5C=NC6=C5NC(=NC6=O)N)O)O)O)O)NC(=NC2=O)N","1"
