"","Total","Expected","Hits","Raw p","-log10(p)","Holm adjust","FDR","Impact"
"Amino sugar and nucleotide sugar metabolism",37,2.1006,7,0.003812,2.4188,0.32021,0.17398,0.41921
"Fructose and mannose metabolism",20,1.1355,5,0.0041425,2.3827,0.34382,0.17398,0.55003
"Glycolysis / Gluconeogenesis",26,1.4761,5,0.013414,1.8725,1,0.32771,0.21205
"Pentose and glucuronate interconversions",18,1.0219,4,0.016084,1.7936,1,0.32771,0.3125
"Pantothenate and CoA biosynthesis",19,1.0787,4,0.019507,1.7098,1,0.32771,0.20357
"Pyrimidine metabolism",39,2.2142,5,0.065821,1.1816,1,0.80221,0.28812
"Glutathione metabolism",28,1.5897,4,0.069929,1.1553,1,0.80221,0.42609
"Starch and sucrose metabolism",18,1.0219,3,0.077768,1.1092,1,0.80221,0.29163
"Inositol phosphate metabolism",30,1.7032,4,0.085951,1.0657,1,0.80221,0.12365
"Neomycin, kanamycin and gentamicin biosynthesis",2,0.11355,1,0.11036,0.95719,1,0.92702,0
"Galactose metabolism",27,1.5329,3,0.19465,0.71074,1,1,0.04375
"Riboflavin metabolism",4,0.2271,1,0.20866,0.68055,1,1,0
"Phosphatidylinositol signaling system",28,1.5897,3,0.20962,0.67857,1,1,0.05479
"Tyrosine metabolism",42,2.3845,4,0.2122,0.67326,1,1,0.11163
"Histidine metabolism",16,0.90839,2,0.22918,0.63982,1,1,0.04918
"Linoleic acid metabolism",5,0.28387,1,0.25371,0.59567,1,1,0
"Glycine, serine and threonine metabolism",33,1.8735,3,0.28749,0.54137,1,1,0.3387
"Purine metabolism",65,3.6903,5,0.30748,0.51218,1,1,0.00766
"Glycerophospholipid metabolism",36,2.0439,3,0.33542,0.47441,1,1,0.24184
"beta-Alanine metabolism",21,1.1923,2,0.33689,0.47251,1,1,0.39925
"Pentose phosphate pathway",22,1.249,2,0.35808,0.44602,1,1,0.11117
"Taurine and hypotaurine metabolism",8,0.45419,1,0.37418,0.42692,1,1,0.42857
"Ubiquinone and other terpenoid-quinone biosynthesis",9,0.51097,1,0.40989,0.38733,1,1,0
"Alanine, aspartate and glutamate metabolism",28,1.5897,2,0.47894,0.31972,1,1,0
"alpha-Linolenic acid metabolism",13,0.73806,1,0.53368,0.27272,1,1,0
"Glycosylphosphatidylinositol (GPI)-anchor biosynthesis",14,0.79484,1,0.56038,0.25152,1,1,0.00399
"Valine, leucine and isoleucine degradation",40,2.271,2,0.6749,0.17076,1,1,0.07525
"Selenocompound metabolism",20,1.1355,1,0.69162,0.16013,1,1,0
"Ether lipid metabolism",20,1.1355,1,0.69162,0.16013,1,1,0
"Pyruvate metabolism",22,1.249,1,0.72609,0.13901,1,1,0
"Propanoate metabolism",23,1.3058,1,0.74186,0.12968,1,1,0
"Primary bile acid biosynthesis",46,2.6116,2,0.74839,0.12587,1,1,0.01516
"Aminoacyl-tRNA biosynthesis",48,2.7252,2,0.76956,0.11376,1,1,0
"Lysine degradation",25,1.4194,1,0.77077,0.11308,1,1,0.14085
"Folate biosynthesis",27,1.5329,1,0.79647,0.098832,1,1,0.0743
"Porphyrin and chlorophyll metabolism",30,1.7032,1,0.82977,0.081042,1,1,0
"Glyoxylate and dicarboxylate metabolism",32,1.8168,1,0.84892,0.071135,1,1,0.10582
"Arachidonic acid metabolism",36,2.0439,1,0.88105,0.055,1,1,0
"Fatty acid degradation",39,2.2142,1,0.90062,0.045458,1,1,0.12404
"Tryptophan metabolism",41,2.3277,1,0.91186,0.040071,1,1,0
"N-Glycan biosynthesis",41,2.3277,1,0.91186,0.040071,1,1,0.00676
