"Query","Match","HMDB","PubChem","KEGG","SMILES","Comment"
"Creatinine","Creatinine","HMDB0000562","588","C00791","CN1CC(=O)N=C1N","1"
"L-Cysteine","L-Cysteine","HMDB0000574","5862","C00097","C([C@@H](C(=O)O)N)S","1"
"D-Cysteine","D-Cysteine","HMDB0003417","92851","C00793","C([C@H](C(=O)O)N)S","1"
"N-Acetylputrescine","N-Acetylputrescine","HMDB0002064","122356","C02714","CC(=O)NCCCCN","1"
"3,4-Dihydroxybenzylamine","3,4-Dihydroxybenzylamine","HMDB0012153","91623",NA,"C1=CC(=C(C=C1CN)O)O","1"
"3-Hexenedioic acid","3-Hexenedioic acid","HMDB0000393","5351896",NA,"C(/C=C/CC(=O)O)C(=O)O","1"
"3-Methylglutaconic acid","3-Methylglutaconic acid","HMDB0000522","1551553",NA,"C/C(=C\C(=O)O)/CC(=O)O","1"
"(E)-2-Methylglutaconic acid","(E)-2-Methylglutaconic acid","HMDB0002266","6368126",NA,"C/C(=C\CC(=O)O)/C(=O)O","1"
"trans-2-Hexenedioic acid","trans-2-Hexenedioic acid","HMDB0013311","10877230",NA,"C(CC(=O)O)/C=C/C(=O)O","1"
"D-Xylose","D-Xylose","HMDB0000098","135191","C00181","C1[C@H]([C@@H]([C@H](C(O1)O)O)O)O","1"
"D-Ribose","D-Ribose","HMDB0000283","5779","C00121","C([C@@H]1[C@H]([C@H](C(O1)O)O)O)O","1"
"2-Deoxyribonic acid","2-Deoxyribonic acid","HMDB0000366","11528367",NA,"C([C@@H]([C@@H](CO)O)O)C(=O)O","1"
"D-Ribulose","D-Ribulose","HMDB0000621","151261","C00309","C([C@H]([C@H](C(=O)CO)O)O)O","1"
"L-Arabinose","L-Arabinose","HMDB0000646","439195","C02479","C1[C@@H]([C@@H]([C@H](C(O1)O)O)O)O","1"
"L-Threo-2-pentulose","L-Threo-2-pentulose","HMDB0000751","22253","C00312","C([C@@H]([C@H](C(=O)CO)O)O)O","1"
"D-Xylulose","D-Xylulose","HMDB0001644","5289590","C00310","C([C@H]([C@@H](C(=O)CO)O)O)O","1"
"L-Ribulose","L-Ribulose","HMDB0003371","439204","C00508","C1[C@H]([C@@H](C(O1)(CO)O)O)O","1"
"Beta-D-ribopyranose","Beta-D-ribopyranose","HMDB0012194","441481","C08353","C1[C@H]([C@H]([C@H]([C@@H](O1)O)O)O)O","1"
"Arabinofuranose","Arabinofuranose","HMDB0012325","440921","C06115","C([C@H]1[C@@H]([C@H](C(O1)O)O)O)O","1"
"Acetaminophen","Acetaminophen","HMDB0001859","1983","C06804","CC(=O)NC1=CC=C(C=C1)O","1"
"2-Phenylglycine","2-Phenylglycine","HMDB0002210","99291",NA,"C1=CC=C(C=C1)C(C(=O)O)N","1"
"Dopamine quinone","Dopamine quinone","HMDB0012219","162602","C17755","C1=CC(=O)C(=O)C=C1CCN","1"
"Leukoaminochrome","Leukoaminochrome","HMDB0012992","147311","C17756","C1CNC2=CC(=C(C=C21)O)O","1"
"Xanthine","Xanthine","HMDB0000292","1188","C00385","C1=NC2=C(N1)C(=O)NC(=O)N2","1"
"Oxypurinol","Oxypurinol","HMDB0000786","4644","C07599","C1=C2C(=NC(=O)NC2=O)NN1","1"
"6,8-Dihydroxypurine","6,8-Dihydroxypurine","HMDB0001182","83252",NA,"C1=NC(=O)C2=C(N1)NC(=O)N2","1"
"Gentisic acid","Gentisic acid","HMDB0000152","3469","C00628","C1=CC(=C(C=C1O)C(=O)O)O","1"
"2-Pyrocatechuic acid","2-Pyrocatechuic acid","HMDB0000397","19","C00196","C1=CC(=C(C(=C1)O)O)C(=O)O","1"
"Protocatechuic acid","Protocatechuic acid","HMDB0001856","72","C00230","C1=CC(=C(C=C1C(=O)O)O)O","1"
"3,5-Dihydroxyphenylbenzoic acid","NA","NA","NA","NA","NA","0"
"Allantoin","Allantoin","HMDB0000462","204","C01551","C1(C(=O)NC(=O)N1)NC(=O)N","1"
"Arabinonic acid","Arabinonic acid","HMDB0000539","122045","C00878","C([C@H]([C@H]([C@@H](C(=O)O)O)O)O)O","1"
"Ribonic acid","Ribonic acid","HMDB0000867","5460677","C01685","C([C@H]([C@H]([C@H](C(=O)O)O)O)O)O","1"
"Hydantoin-5-propionic acid","Hydantoin-5-propionic acid","HMDB0001212","782","C05565","C(CC(=O)O)C1C(=O)NC(=O)N1","1"
"4-Pyridoxic acid","4-Pyridoxic acid","HMDB0000017","6723","C00847","CC1=NC=C(C(=C1O)C(=O)O)CO","1"
"N6-Acetyl-L-lysine","N6-Acetyl-L-lysine","HMDB0000206","92832","C02727","CC(=O)NCCCC[C@@H](C(=O)O)N","1"
"N-Alpha-acetyllysine","N-Alpha-acetyllysine","HMDB0000446","192590","C12989","CC(=O)NC(CCCCN)C(=O)O","1"
"Glycyl-L-leucine","Leucyl-Glycine","HMDB0028929","97364",NA,"CC(C)CC(N)C(=O)NCC(O)=O","1"
"Oxalosuccinic acid","Oxalosuccinic acid","HMDB0003974","972","C05379","C(C(C(=O)C(=O)O)C(=O)O)C(=O)O","1"
"Diaminopimelic acid","Diaminopimelic acid","HMDB0001370","99290","C00666","C(C[C@@H](C(=O)O)N)C[C@@H](C(=O)O)N","1"
"Glucosamine","Glucosamine","HMDB0001514","439213","C00329","C([C@@H]1[C@H]([C@@H]([C@H](C(O1)O)N)O)O)O","1"
"Fructosamine","Fructosamine","HMDB0002030","20484",NA,"C1[C@H]([C@H]([C@@H]([C@](O1)(CN)O)O)O)O","1"
"Cysteine-S-sulfate","Cysteine-S-sulfate","HMDB0000731","115015","C05824","C([C@@H](C(=O)O)N)SS(=O)(=O)O","1"
"Lipoamide","Lipoamide","HMDB0000962","863","C00248","C1CSSC1CCCCC(=O)N","1"
"Indolelactic acid","Indolelactic acid","HMDB0000671","92904","C02043","C1=CC=C2C(=C1)C(=CN2)CC(C(=O)O)O","1"
"5-Methoxyindoleacetate","5-Methoxyindoleacetate","HMDB0004096","18986","C05660","COC1=CC2=C(C=C1)NC=C2CC(=O)O","1"
"Cinnamoylglycine","Cinnamoylglycine","HMDB0011621","709625",NA,"C1=CC=C(C=C1)/C=C/C(=O)NCC(=O)O","1"
"Galactaric acid","Galactaric acid","HMDB0000639","3037582","C00879","[C@@H]([C@@H]([C@H](C(=O)O)O)O)([C@@H](C(=O)O)O)O","1"
"Glucaric acid","Glucaric acid","HMDB0000663","33037","C00818","[C@H]([C@@H]([C@@H](C(=O)O)O)O)([C@H](C(=O)O)O)O","1"
"Phosphocreatine","Phosphocreatine","HMDB0001511","587","C02305","CN(CC(=O)O)C(=NP(=O)(O)O)N","1"
"Topaquinone","Topaquinone","HMDB0011639","123871",NA,"C1=C(C(=CC(=O)C1=O)O)C[C@@H](C(=O)O)N","1"
"(+)-(1R,2R)-1,2-Diphenylethane-1,2-diol","(+)-(1R,2R)-1,2-Diphenylethane-1,2-diol","HMDB0012111","853019","C16015","C1=CC=C(C=C1)[C@H]([C@@H](C2=CC=CC=C2)O)O","1"
"Dethiobiotin","Dethiobiotin","HMDB0003581","445027","C01909","C[C@H]1[C@H](NC(=O)N1)CCCCCC(=O)O","1"
"Gamma-glutamyl-L-putrescine","Gamma-glutamyl-L-putrescine","HMDB0012230","20841830","C15699","C(CCNC(=O)CC[C@@H](C(=O)O)N)CN","1"
"5-(2'-Carboxyethyl)-4,6-Dihydroxypicolinate","5-(2'-Carboxyethyl)-4,6-Dihydroxypicolinate","HMDB0006794","0","C05655","OC(=O)CCC1C(O)=CC(=NC1=O)C(O)=O","1"
"Deoxyuridine","Deoxyuridine","HMDB0000012","13712","C00526","C1[C@@H]([C@H](O[C@H]1N2C=CC(=O)NC2=O)CO)O","1"
"Prolylhydroxyproline","Prolylhydroxyproline","HMDB0006695","11902892",NA,"C1C[C@H]([NH2+]C1)C(=O)N2C[C@@H](C[C@H]2C(=O)[O-])O","1"
"L-isoleucyl-L-proline","L-isoleucyl-L-proline","HMDB11174","342734",NA,"CCC(C)C(C(=O)N1CCCC1C(=O)O)N","1"
"L-leucyl-L-proline","L-leucyl-L-proline","HMDB11175","44369311",NA,"CC(C)CC(C(=O)N1CCCC1C(=O)[O-])[NH3+]","1"
"Aspartyl-L-proline","Aspartyl-L-proline","HMDB0002335","170612",NA,"C1C[C@H](N(C1)C(=O)[C@H](CC(=O)O)N)C(=O)O","1"
"N2-Succinyl-L-ornithine","N2-Succinyl-L-ornithine","HMDB0001199","127370","C03415","C(C[C@@H](C(=O)O)NC(=O)CCC(=O)O)CN","1"
"4-(Glutamylamino) butanoate","4-(Glutamylamino) butanoate","HMDB0012161","23724570","C15767","C(CC(=O)O)CNC(=O)CC[C@@H](C(=O)O)N","1"
"Spermic acid 2","Spermic acid 2","HMDB0013075","167029",NA,"C(CCNCCC(=O)O)CNCCC(=O)O","1"
"3,4,5-Trimethoxycinnamic acid","3,4,5-Trimethoxycinnamic acid","HMDB0002511","735755",NA,"COC1=CC(=CC(=C1OC)OC)/C=C/C(=O)O","1"
"Trans-2, 3, 4-Trimethoxycinnamate","Trans-2, 3, 4-Trimethoxycinnamate","HMDB0011721","735841",NA,"COC1=C(C(=C(C=C1)/C=C/C(=O)O)OC)OC","1"
"L-Cystine","L-Cystine","HMDB0000192","67678","C00491","C([C@@H](C(=O)O)N)SSC[C@@H](C(=O)O)N","1"
"5,6-Dihydrouridine","5,6-Dihydrouridine","HMDB0000497","94312",NA,"C1CN(C(=O)NC1=O)[C@H]2[C@@H]([C@@H]([C@H](O2)CO)O)O","1"
"L-alpha-Aspartyl-L-hydroxyproline","L-alpha-Aspartyl-L-hydroxyproline","HMDB0011160","53480671",NA,"C1C(CN(C1C(=O)O)C(=O)C(CC(=O)O)N)O","1"
"Porphobilinogen","Porphobilinogen","HMDB0000245","1021","C00931","C1=C(C(=C(N1)CN)CC(=O)O)CCC(=O)O","1"
"L-beta-aspartyl-L-leucine","L-beta-aspartyl-L-leucine","HMDB0011166","3549397",NA,"CC(C)CC(C(=O)O)NC(=O)CC(C(=O)O)N","1"
"L-gamma-glutamyl-L-valine","L-gamma-glutamyl-L-valine","HMDB11172","5317736",NA,"CC(C)C(C(=O)O)NC(=O)CCC(C(=O)O)N","1"
"5-Hydroxyindoleacetylglycine","5-Hydroxyindoleacetylglycine","HMDB0004185","440806","C05832","C1=CC2=C(C=C1O)C(=CN2)CC(=O)NCC(=O)O","1"
"Ribothymidine","Ribothymidine","HMDB0000884","445408",NA,"CC1=CN(C(=O)NC1=O)[C@H]2[C@@H]([C@@H]([C@H](O2)CO)O)O","1"
"Imidazoleacetic acid riboside","Imidazoleacetic acid riboside","HMDB0002331","440569","C05131","C1=C(N=CN1[C@H]2[C@@H]([C@@H]([C@H](O2)CO)O)O)CC(=O)O","1"
"3-Methyluridine","3-Methyluridine","HMDB0004813","99592",NA,"CN1C(=O)C=CN(C1=O)C2C(C(C(O2)CO)O)O","1"
"Propranolol","Propranolol","HMDB0001849","4946","C07407","CC(C)NCC(COC1=CC=CC2=CC=CC=C21)O","1"
"L-gamma-glutamyl-L-isoleucine","L-gamma-glutamyl-L-isoleucine","HMDB11170","14253342",NA,"CCC(C)C(C(=O)O)NC(=O)CCC(C(=O)O)N","1"
"L-gamma-glutamyl-L-leucine","L-gamma-glutamyl-L-leucine","HMDB11171","4524287",NA,"CC(C)CC(C(=O)O)NC(=O)CCC(C(=O)O)N","1"
"Gamma glutamyl ornithine","Gamma glutamyl ornithine","HMDB0002248","189156",NA,"C(C[C@@H](C(=O)O)NC(=O)[C@H](CCC(=O)O)N)CN","1"
"Aspartylysine","Aspartylysine","HMDB04985","165361",NA,"C(CCN)C[C@@H](C(=O)O)NC(=O)C[C@@H](C(=O)O)N","1"
"Alpha-Aspartyl-lysine","Alpha-Aspartyl-lysine","HMDB04987","6427003",NA,"C(CCN)C[C@@H](C(=O)O)NC(=O)[C@H](CC(=O)O)N","1"
"Norophthalmic acid","Norophthalmic acid","HMDB0005766","5489007",NA,"C[C@@H](C(=O)NCC(=O)O)NC(=O)CC[C@@H](C(=O)O)N","1"
"Gamma-Glutamylglutamine","N2-gamma-Glutamylglutamine","HMDB0011738","150914","C05283","C(CC(=O)N[C@@H](CCC(=O)N)C(=O)O)[C@@H](C(=O)O)N","1"
"Glutarylcarnitine","Glutarylcarnitine","HMDB0013130","71317118",NA,"C[N+](C)(C)C[C@@H](CC(=O)[O-])OC(=O)CCCC(=O)O","1"
"Epsilon-(gamma-Glutamyl)-lysine","Epsilon-(gamma-Glutamyl)-lysine","HMDB0003869","7015685",NA,"C(CCNC(=O)CC[C@@H](C(=O)[O-])[NH3+])C[C@@H](C(=O)[O-])[NH3+]","1"
"L-a-glutamyl-L-Lysine","L-a-glutamyl-L-Lysine","HMDB04207","7015703","C04700","C(CC[NH3+])C[C@@H](C(=O)[O-])NC(=O)[C@H](CCC(=O)[O-])[NH3+]","1"
"Gamma Glutamylglutamic acid","Gamma Glutamylglutamic acid","HMDB11737","92865","C05282","C(CC(=O)N[C@@H](CCC(=O)O)C(=O)O)[C@@H](C(=O)O)N","1"
"1-(beta-D-Ribofuranosyl)-1,4-dihydronicotinamide","NA","NA","NA","NA","NA","0"
"L-Aspartyl-L-phenylalanine","L-Aspartyl-L-phenylalanine","HMDB00706","93078",NA,"C1=CC=C(C=C1)C[C@@H](C(=O)O)NC(=O)[C@H](CC(=O)O)N","1"
"L-beta-aspartyl-L-phenylalanine","L-beta-aspartyl-L-phenylalanine","HMDB0011167","19365658",NA,"C1=CC=C(C=C1)CC(C(=O)O)NC(=O)CC(C(=O)O)N","1"
"Glycylprolylhydroxyproline","Glycylprolylhydroxyproline","HMDB0002171","21252274",NA,"C1C[C@H](N(C1)C(=O)CN)C(=O)N2CCC([C@H]2C(=O)O)O","1"
"N-Ribosylhistidine","N-Ribosylhistidine","HMDB0002089","126923",NA,"C1=C(N=CN1[C@H]2[C@@H]([C@@H]([C@H](O2)CO)O)O)C[C@@H](C(=O)O)N","1"
"Glutamylphenylalanine","Glutamylphenylalanine","HMDB0029156","18653118",NA,"C1=CC=C(C=C1)C[C@@H](C(=O)O)NC(=O)[C@H](CCC(=O)O)N","1"
"Aspartame","Aspartame","HMDB0001894","134601","C11045","COC(=O)[C@H](CC1=CC=CC=C1)NC(=O)[C@H](CC(=O)O)N","1"
"DHAP(8:0)","DHAP(8:0)","HMDB0011685","53481029",NA,"CCCCCCCC(=O)OCC(=O)COP(=O)(O)O","1"
"L-Cysteinylglycine disulfide","L-Cysteinylglycine disulfide","HMDB0000709","22833544",NA,"C([C@@H](C(=O)O)N)SSCC(C(=O)NCC(=O)O)N","1"
"Uridine 2',3'-cyclic phosphate","NA","NA","NA","NA","NA","0"
"5-Diphosphomevalonic acid","(S)-5-Diphosphomevalonic acid","HMDB0001090","439418","C01143","C[C@@](CCOP(=O)(O)OP(=O)(O)O)(CC(=O)O)O","1"
"(R)-Mevalonic acid-5-pyrophosphate","(R)-Mevalonic acid-5-pyrophosphate","HMDB0001981","22833574",NA,"C[C@](CCOP(=O)(O)OP(=O)(O)O)(CC(=O)O)O","1"
"dUMP","dUMP","HMDB0001409","65063","C00365","C1[C@@H]([C@H](O[C@H]1N2C=CC(=O)NC2=O)COP(=O)(O)O)O","1"
"Ribose 1,5-bisphosphate","Ribose 1,5-bisphosphate","HMDB0011688","14035695","C01151","C([C@@H]1[C@H]([C@H]([C@H](O1)OP(=O)(O)O)O)O)OP(=O)(O)O","1"
"N-Acetylgalactosamine 4-sulphate","N-Acetylgalactosamine 4-sulphate","HMDB0000781","446101","C16265","CC(=O)N[C@@H]1[C@H]([C@H]([C@H](O[C@H]1O)CO)OS(=O)(=O)O)O","1"
"N-Acetylglucosamine 6-sulfate","N-Acetylglucosamine 6-sulfate","HMDB0000814","440235","C04132","CC(=O)N[C@@H]1[C@H]([C@@H]([C@H](O[C@H]1O)COS(=O)(=O)O)O)O","1"
"N-Acetylgalactosamine 6-sulfate","N-Acetylgalactosamine 6-sulfate","HMDB0000841","193456",NA,"CC(=O)N[C@@H](C=O)[C@H]([C@H]([C@@H](COS(=O)(=O)O)O)O)O","1"
"2,3-Epoxyaflatoxin B1","2,3-Epoxyaflatoxin B1","HMDB0006558","104756","C19586","COC1=C2C3=C(C(=O)CC3)C(=O)OC2=C4[C@@H]5[C@@H]6[C@@H](O6)O[C@@H]5OC4=C1","1"
"Selenocystine","Selenocystine","HMDB0004122","15104","C05704","C(C(C(=O)O)N)[Se][Se]CC(C(=O)O)N","1"
"Melibiose","Melibiose","HMDB0000048","440658","C05400 ","C([C@@H]1[C@@H]([C@@H]([C@H]([C@H](O1)OC[C@@H]2[C@H]([C@@H]([C@H](C(O2)O)O)O)O)O)O)O)O","1"
"Cellobiose","Cellobiose","HMDB0000055","10712","C06422","C([C@@H]1[C@H]([C@@H]([C@H]([C@@H](O1)O[C@@H]2[C@H](O[C@H]([C@@H]([C@H]2O)O)O)CO)O)O)O)O","1"
"D-Maltose","D-Maltose","HMDB0000163","10991489","C00208","C([C@@H]1[C@H]([C@@H]([C@H]([C@H](O1)O[C@@H]2[C@H](O[C@@H]([C@H]([C@H]2O)O)O)CO)O)O)O)O","1"
"Alpha-Lactose","Alpha-Lactose","HMDB0000186","84571","C00243","C([C@@H]1[C@@H]([C@@H]([C@H]([C@@H](O1)O[C@@H]2[C@H](O[C@@H]([C@@H]([C@H]2O)O)O)CO)O)O)O)O","1"
"Sucrose","Sucrose","HMDB0000258","5988","C00089","C([C@@H]1[C@H]([C@@H]([C@H]([C@H](O1)O[C@]2([C@H]([C@@H]([C@H](O2)CO)O)O)CO)O)O)O)O","1"
"Lactulose","Lactulose","HMDB0000740","11333","C07064","C([C@@H]1[C@@H]([C@@H]([C@H]([C@@H](O1)O[C@@H]2[C@H](O[C@@]([C@H]2O)(CO)O)CO)O)O)O)O","1"
"Trehalose","Trehalose","HMDB0000975","7427","C01083","C([C@@H]1[C@H]([C@@H]([C@H]([C@H](O1)O[C@@H]2[C@@H]([C@H]([C@@H]([C@H](O2)CO)O)O)O)O)O)O)O","1"
"Isomaltose","Isomaltose","HMDB0002923","440656","C05400 ","C([C@@H]1[C@H]([C@@H]([C@H]([C@H](O1)OC[C@@H]2[C@H]([C@@H]([C@H](C(O2)O)O)O)O)O)O)O)O","1"
"Galactinol","Galactinol","HMDB0005826","439451","C01235","C([C@@H]1[C@@H]([C@@H]([C@H]([C@H](O1)OC2[C@@H]([C@H](C([C@H]([C@H]2O)O)O)O)O)O)O)O)O","1"
"3-b-Galactopyranosyl glucose","3-b-Galactopyranosyl glucose","HMDB0006603","53477867",NA,"C([C@@H]1[C@@H]([C@@H]([C@H]([C@@H](O1)O[C@H]([C@H](C=O)O)[C@@H]([C@@H](CO)O)O)O)O)O)O","1"
"Epimelibiose","Epimelibiose","HMDB0006792","440656","C05400 ","C([C@@H]1[C@H]([C@@H]([C@@H]([C@H](O1)OC[C@@H]2[C@@H]([C@@H]([C@H]([C@H](O2)O)O)O)O)O)O)O)O","1"
"Turanose","Turanose","HMDB0011740","5460935","C19636","C([C@@H]1[C@H]([C@@H]([C@H]([C@H](O1)O[C@@H]([C@@H]([C@@H](CO)O)O)C(=O)CO)O)O)O)O","1"
"Kojibiose","Kojibiose","HMDB0011742","164939","C19632","C([C@@H]1[C@H]([C@@H]([C@H]([C@H](O1)O[C@@H](C=O)[C@H]([C@@H]([C@@H](CO)O)O)O)O)O)O)O","1"
"Petunidin","Petunidin","HMDB0003173","73386","C08727","COC1=CC(=CC(=C1O)O)C2=C(C=C3C(=CC(=CC3=[O+]2)O)O)O.[Cl-]","1"
"Lactosamine","Lactosamine","HMDB0006591","119065","C00203","C([C@@H]1[C@@H]([C@@H]([C@H]([C@@H](O1)O[C@H]([C@@H](CO)O)[C@@H]([C@H](C=O)N)O)O)O)O)O","1"
"6-(alpha-D-Glucosaminyl)-1D-myo-inositol","6-(alpha-D-Glucosaminyl)-1D-myo-inositol","HMDB0011668",NA,"C15658","N[C@@H]1[C@@H](O)[C@H](O)[C@@H](CO)O[C@@H]1O[C@@H]1[C@@H](O)[C@H](O)[C@@H](O)[C@@H](O)[C@H]1O","1"
"Curcumin","Curcumin","HMDB0002269","969516","C10443","COC1=C(C=CC(=C1)/C=C/C(=O)CC(=O)/C=C/C2=CC(=C(C=C2)O)OC)O","1"
"Monoiodothyronine","Monoiodothyronine","HMDB0000793","53477717",NA,"C1=CC(=CC=C1O)OC2=C(C=C(C=C2)C[C@H](C(=O)O)N)I","1"
"Propinol adenylate","Propinol adenylate","HMDB0006806","440863","C05983","CCC(=O)OP(=O)(O)OC[C@@H]1[C@H]([C@H]([C@@H](O1)N2C=NC3=C2N=CN=C3N)O)O","1"
"dIDP","dIDP","HMDB0003536","439488","C01344","C1[C@@H]([C@H](O[C@H]1N2C=NC3=C2NC=NC3=O)COP(=O)(O)OP(=O)(O)O)O","1"
"Cysteineglutathione disulfide","Cysteineglutathione disulfide","HMDB0000656","53477713",NA,"C(CC(=O)N[C@@H](CSSCC(C(=O)O)N)C(=O)NCC(=O)O)[C@@H](C(=O)O)N","1"
"Deoxycholic acid glycine conjugate","Deoxycholic acid glycine conjugate","HMDB0000631","3035026","C05464","C[C@H](CCC(=O)NCC(=O)O)[C@H]1CCC2[C@@]1([C@H](CC3C2CC[C@H]4[C@@]3(CC[C@H](C4)O)C)O)C","1"
"Chenodeoxycholic acid glycine conjugate","Chenodeoxycholic acid glycine conjugate","HMDB0000637","22833540","C05466","C[C@H](CCC(=O)NCC(=O)O)[C@H]1CCC2[C@@]1(CCC3C2[C@@H](C[C@H]4[C@@]3(CC[C@H](C4)O)C)O)C","1"
"Glycoursodeoxycholic acid","Glycoursodeoxycholic acid","HMDB0000708","12310288",NA,"C[C@H](CCC(=O)NCC(=O)O)[C@H]1CC[C@@H]2[C@@]1(CC[C@H]3[C@H]2[C@H](C[C@H]4[C@@]3(CC[C@H](C4)O)C)O)C","1"
"Chenodeoxyglycocholic acid","Chenodeoxyglycocholic acid","HMDB0006898","53477907","C05462","CC(CCC(=O)NCC(=O)O)C1CCC2[C@@]1(CCC3C2[C@@H](CC4[C@@]3(CC[C@H](C4)O)C)O)C","1"
"Tauroursodeoxycholic acid","Tauroursodeoxycholic acid","HMDB0000874","12443252",NA,"C[C@H](CCC(=O)NCCS(=O)(=O)O)[C@H]1CC[C@@H]2[C@@]1(CC[C@H]3[C@H]2[C@H](CC4[C@@]3(CC[C@H](C4)O)C)O)C","1"
"Taurodeoxycholic acid","Taurodeoxycholic acid","HMDB0000896","2733768","C05463","C[C@H](CCC(=O)NCCS(=O)(=O)O)[C@H]1CC[C@@H]2[C@@]1([C@H](C[C@H]3[C@H]2CC[C@H]4[C@@]3(CC[C@H](C4)O)C)O)C","1"
"Taurochenodesoxycholic acid","Taurochenodesoxycholic acid","HMDB0000951","387316","C05465","C[C@H](CCC(=O)NCCS(=O)(=O)O)[C@H]1CC[C@@H]2[C@@]1(CC[C@H]3[C@H]2[C@@H](C[C@H]4[C@@]3(CC[C@H](C4)O)C)O)C","1"
"Maltotriose","Maltotriose","HMDB0001262","439586","C01835","C([C@@H]1[C@H]([C@@H]([C@H]([C@H](O1)O[C@@H]2[C@H](O[C@@H]([C@@H]([C@H]2O)O)O[C@@H]3[C@H](OC([C@@H]([C@H]3O)O)O)CO)CO)O)O)O)O","1"
"Raffinose","Raffinose","HMDB0003213","10542","C00492","C([C@@H]1[C@@H]([C@@H]([C@H](C(O1)OC[C@@H]2[C@H]([C@@H]([C@H](C(O2)O[C@]3([C@H]([C@@H]([C@H](O3)CO)O)O)CO)O)O)O)O)O)O)O","1"
"Levan","Levan","HMDB0003539","22833608","C01355","C([C@@H]1[C@H]([C@@H]([C@](O1)(CO)OC[C@@H]2[C@H]([C@@H]([C@](O2)(CO)CO[C@@H]3[C@H]([C@@H]([C@](O3)(CO)O)O)O)O)O)O)O)O","1"
"3-Galactosyllactose","3-Galactosyllactose","HMDB0006599","189088",NA,"C([C@@H]1[C@@H]([C@@H]([C@H]([C@@H](O1)O[C@H]2[C@H]([C@H](O[C@H]([C@@H]2O)O[C@H]([C@@H](CO)O)[C@@H]([C@H](C=O)O)O)CO)O)O)O)O)O","1"
"Dextrin","Dextrin","HMDB0006857","62698","C00721","C([C@@H]1[C@H]([C@@H]([C@H](C(O1)O[C@@H]2[C@H](OC([C@@H]([C@H]2O)O)O[C@@H]3[C@H](O[C@@H]([C@@H]([C@H]3O)O)O)CO)CO)O)O)O)O","1"
"1-Kestose","1-Kestose","HMDB0011729","440080","C03661","C([C@@H]1[C@H]([C@@H]([C@H]([C@H](O1)O[C@]2([C@H]([C@@H]([C@H](O2)CO)O)O)CO[C@]3([C@H]([C@@H]([C@H](O3)CO)O)O)CO)O)O)O)O","1"
"Melezitose","Melezitose","HMDB0011730","92817","C08243","C([C@@H]1[C@H]([C@@H]([C@H]([C@H](O1)O[C@H]2[C@@H]([C@H](O[C@@]2(CO)O[C@@H]3[C@@H]([C@H]([C@@H]([C@H](O3)CO)O)O)O)CO)O)O)O)O)O","1"
"Inositol 1,3,4,5-tetraphosphate","Inositol 1,3,4,5-tetraphosphate","HMDB0001059","107758","C01272","[C@H]1([C@H](C([C@H]([C@H](C1OP(=O)(O)O)O)OP(=O)(O)O)OP(=O)(O)O)OP(=O)(O)O)O","1"
"1D-Myo-inositol 1,3,4,6-tetrakisphosphate","1D-Myo-inositol 1,3,4,6-tetrakisphosphate","HMDB0001187","0","C04477","O[C@H]1[C@H](OP(O)(O)=O)[C@@H](OP(O)(O)=O)[C@@H](O)[C@@H](OP(O)(O)=O)[C@@H]1OP(O)(O)=O","1"
"D-Myo-inositol 3,4,5,6-tetrakisphosphate","D-Myo-inositol 3,4,5,6-tetrakisphosphate","HMDB0003848","121920","C04520","[C@H]1([C@@H]([C@@H]([C@H]([C@@H]([C@H]1OP(=O)(O)O)OP(=O)(O)O)OP(=O)(O)O)OP(=O)(O)O)O)O","1"
"1D-Myo-inositol 1,4,5,6-tetrakisphosphate","1D-Myo-inositol 1,4,5,6-tetrakisphosphate","HMDB0004527","443266","C11555","[C@H]1([C@@H]([C@H]([C@@H]([C@H]([C@@H]1OP(=O)(O)O)OP(=O)(O)O)OP(=O)(O)O)OP(=O)(O)O)O)O","1"
"Uridine diphosphate glucuronic acid","Uridine diphosphate glucuronic acid","HMDB0000935","17473","C00167","C1=CN(C(=O)NC1=O)[C@H]2[C@@H]([C@@H]([C@H](O2)COP(=O)(O)OP(=O)(O)O[C@@H]3[C@@H]([C@H]([C@@H]([C@H](O3)C(=O)O)O)O)O)O)O","1"
"UDP-D-galacturonate","UDP-D-galacturonate","HMDB0012302","15592253","C00617","C1=CN(C(=O)NC1=O)[C@H]2[C@@H]([C@@H]([C@H](O2)COP(=O)(O)OP(=O)(O)O[C@@H]3[C@@H]([C@H]([C@H]([C@H](O3)C(=O)O)O)O)O)O)O","1"
"UDP-L-iduronate","UDP-L-iduronate","HMDB0012304","15592259","C02330","C1=CN(C(=O)NC1=O)[C@H]2[C@@H]([C@@H]([C@H](O2)COP(=O)(O)OP(=O)(O)O[C@@H]3[C@@H]([C@H]([C@@H]([C@@H](O3)C(=O)O)O)O)O)O)O","1"
"Glycogen","Glycogen","HMDB0000757","439177","C00182","C([C@@H]1[C@H]([C@@H]([C@H]([C@H](O1)OC[C@@H]2[C@H]([C@@H]([C@H]([C@H](O2)O[C@@H]3[C@H](O[C@@H]([C@@H]([C@H]3O)O)O)CO)O)O)O[C@@H]4[C@@H]([C@H]([C@@H]([C@H](O4)CO)O)O)O)O)O)O)O","1"
"Maltotetraose","Maltotetraose","HMDB0001296","439639","C02052","C([C@@H]1[C@H]([C@@H]([C@H]([C@H](O1)O[C@@H]2[C@H](O[C@@H]([C@@H]([C@H]2O)O)O[C@@H]3[C@H](O[C@@H]([C@@H]([C@H]3O)O)O[C@@H]4[C@H](OC([C@@H]([C@H]4O)O)O)CO)CO)CO)O)O)O)O","1"
"Stachyose","Stachyose","HMDB0003553","439531","C01613","C([C@@H]1[C@@H]([C@@H]([C@H]([C@H](O1)OC[C@@H]2[C@@H]([C@@H]([C@H]([C@H](O2)OC[C@@H]3[C@H]([C@@H]([C@H]([C@H](O3)O[C@]4([C@H]([C@@H]([C@H](O4)CO)O)O)CO)O)O)O)O)O)O)O)O)O)O","1"
"PE(15:0/P-16:0)","PE(15:0/P-16:0)","HMDB0008916","53479583","C00350","CCCCCCCCCCCCCC/C=C\O[C@H](COC(=O)CCCCCCCCCCCCCC)COP(=O)(O)OCCN","1"
"PE(P-16:0/15:0)","PE(P-16:0/15:0)","HMDB0011337","52925044",NA,"CCCCCCCCCCCCCC/C=C\OC[C@H](COP(=O)(O)OCCN)OC(=O)CCCCCCCCCCCCCC","1"
"3-O-Sulfogalactosylceramide (d18:1/16:0)","3-O-Sulfogalactosylceramide (d18:1/16:0)","HMDB0012313","24779578","C06125","CCCCCCCCCCCCCCCC(=O)N[C@@H](CO[C@H]1C(C([C@H]([C@H](O1)CO)O)OS(=O)(=O)O)O)[C@@H](/C=C/CCCCCCCCCCCCC)O","1"
"PC(14:0/22:5(4Z,7Z,10Z,13Z,16Z))","PC(14:0/22:5(4Z,7Z,10Z,13Z,16Z))","HMDB0007890","53478611","C00157","CCCCCCCCCCCCCC(=O)OC[C@H](COP(=O)([O-])OCC[N+](C)(C)C)OC(=O)CC/C=C\C/C=C\C/C=C\C/C=C\C/C=C\CCCCC","1"
"PC(14:0/22:5(7Z,10Z,13Z,16Z,19Z))","PC(14:0/22:5(7Z,10Z,13Z,16Z,19Z))","HMDB0007891","53478613","C00157","CCCCCCCCCCCCCC(=O)OC[C@H](COP(=O)([O-])OCC[N+](C)(C)C)OC(=O)CCCCC/C=C\C/C=C\C/C=C\C/C=C\C/C=C\CC","1"
"PC(14:1(9Z)/22:4(7Z,10Z,13Z,16Z))","PC(14:1(9Z)/22:4(7Z,10Z,13Z,16Z))","HMDB0007922","52922296","C00157","CCCCC/C=C\C/C=C\C/C=C\C/C=C\CCCCCC(=O)O[C@H](COC(=O)CCCCCCC/C=C\CCCC)COP(=O)([O-])OCC[N+](C)(C)C","1"
"PC(16:0/20:5(5Z,8Z,11Z,14Z,17Z))","PC(16:0/20:5(5Z,8Z,11Z,14Z,17Z))","HMDB0007984","24778723","C00157","CCCCCCCCCCCCCCCC(=O)OC[C@H](COP(=O)([O-])OCC[N+](C)(C)C)OC(=O)CCC/C=C\C/C=C\C/C=C\C/C=C\C/C=C\CC","1"
"PC(16:1(9Z)/20:4(5Z,8Z,11Z,14Z))","PC(16:1(9Z)/20:4(5Z,8Z,11Z,14Z))","HMDB0008015","24778771","C00157","CCCCCC/C=C\CCCCCCCC(=O)OC[C@H](COP(=O)([O-])OCC[N+](C)(C)C)OC(=O)CCC/C=C\C/C=C\C/C=C\C/C=C\CCCCC","1"
"PC(16:1(9Z)/20:4(8Z,11Z,14Z,17Z))","PC(16:1(9Z)/20:4(8Z,11Z,14Z,17Z))","HMDB0008016","53478681","C00157","CCCCCC/C=C\CCCCCCCC(=O)OC[C@H](COP(=O)([O-])OCC[N+](C)(C)C)OC(=O)CCCCCC/C=C\C/C=C\C/C=C\C/C=C\CC","1"
"PC(18:1(11Z)/18:4(6Z,9Z,12Z,15Z))","PC(18:1(11Z)/18:4(6Z,9Z,12Z,15Z))","HMDB0008075","53478729","C00157","CCCCCC/C=C\CCCCCCCCCC(=O)OC[C@H](COP(=O)([O-])OCC[N+](C)(C)C)OC(=O)CCCC/C=C\C/C=C\C/C=C\C/C=C\CC","1"
"PC(18:1(9Z)/18:4(6Z,9Z,12Z,15Z))","PC(18:1(9Z)/18:4(6Z,9Z,12Z,15Z))","HMDB0008108","52922687","C00157","CCCCCCCC/C=C\CCCCCCCC(=O)OC[C@H](COP(=O)([O-])OCC[N+](C)(C)C)OC(=O)CCCC/C=C\C/C=C\C/C=C\C/C=C\CC","1"
"PC(18:2(9Z,12Z)/18:3(6Z,9Z,12Z))","PC(18:2(9Z,12Z)/18:3(6Z,9Z,12Z))","HMDB0008140","52922729","C00157","CCCCC/C=C\C/C=C\CCCCCCCC(=O)OC[C@H](COP(=O)([O-])OCC[N+](C)(C)C)OC(=O)CCCC/C=C\C/C=C\C/C=C\CCCCC","1"
"PC(18:2(9Z,12Z)/18:3(9Z,12Z,15Z))","PC(18:2(9Z,12Z)/18:3(9Z,12Z,15Z))","HMDB0008141","52922731","C00157","CCCCC/C=C\C/C=C\CCCCCCCC(=O)OC[C@H](COP(=O)([O-])OCC[N+](C)(C)C)OC(=O)CCCCCCC/C=C\C/C=C\C/C=C\CC","1"
"PC(18:3(6Z,9Z,12Z)/18:2(9Z,12Z))","PC(18:3(6Z,9Z,12Z)/18:2(9Z,12Z))","HMDB0008171","52922785","C00157","CCCCC/C=C\C/C=C\CCCCCCCC(=O)O[C@H](COC(=O)CCCC/C=C\C/C=C\C/C=C\CCCCC)COP(=O)([O-])OCC[N+](C)(C)C","1"
"PC(18:3(9Z,12Z,15Z)/18:2(9Z,12Z))","PC(18:3(9Z,12Z,15Z)/18:2(9Z,12Z))","HMDB0008204","52922845","C00157","CCCCC/C=C\C/C=C\CCCCCCCC(=O)O[C@H](COC(=O)CCCCCCC/C=C\C/C=C\C/C=C\CC)COP(=O)([O-])OCC[N+](C)(C)C","1"
"PC(18:4(6Z,9Z,12Z,15Z)/18:1(11Z))","PC(18:4(6Z,9Z,12Z,15Z)/18:1(11Z))","HMDB0008235","53478855","C00157","CCCCCC/C=C\CCCCCCCCCC(=O)O[C@H](COC(=O)CCCC/C=C\C/C=C\C/C=C\C/C=C\CC)COP(=O)([O-])OCC[N+](C)(C)C","1"
"PC(18:4(6Z,9Z,12Z,15Z)/18:1(9Z))","PC(18:4(6Z,9Z,12Z,15Z)/18:1(9Z))","HMDB0008236","52922903","C00157","CCCCCCCC/C=C\CCCCCCCC(=O)O[C@H](COC(=O)CCCC/C=C\C/C=C\C/C=C\C/C=C\CC)COP(=O)([O-])OCC[N+](C)(C)C","1"
"PC(20:4(5Z,8Z,11Z,14Z)/16:1(9Z))","PC(20:4(5Z,8Z,11Z,14Z)/16:1(9Z))","HMDB0008430","52923283","C00157","CCCCCC/C=C\CCCCCCCC(=O)O[C@H](COC(=O)CCC/C=C\C/C=C\C/C=C\C/C=C\CCCCC)COP(=O)([O-])OCC[N+](C)(C)C","1"
"PC(20:4(8Z,11Z,14Z,17Z)/16:1(9Z))","PC(20:4(8Z,11Z,14Z,17Z)/16:1(9Z))","HMDB0008463","53479065","C00157","CCCCCC/C=C\CCCCCCCC(=O)O[C@H](COC(=O)CCCCCC/C=C\C/C=C\C/C=C\C/C=C\CC)COP(=O)([O-])OCC[N+](C)(C)C","1"
"PC(20:5(5Z,8Z,11Z,14Z,17Z)/16:0)","PC(20:5(5Z,8Z,11Z,14Z,17Z)/16:0)","HMDB0008495","52923341","C00157","CCCCCCCCCCCCCCCC(=O)O[C@H](COC(=O)CCC/C=C\C/C=C\C/C=C\C/C=C\C/C=C\CC)COP(=O)([O-])OCC[N+](C)(C)C","1"
"PC(22:4(7Z,10Z,13Z,16Z)/14:1(9Z))","PC(22:4(7Z,10Z,13Z,16Z)/14:1(9Z))","HMDB0008624","52923615","C00157","CCCCC/C=C\C/C=C\C/C=C\C/C=C\CCCCCC(=O)OC[C@H](COP(=O)([O-])OCC[N+](C)(C)C)OC(=O)CCCCCCC/C=C\CCCC","1"
"PC(22:5(4Z,7Z,10Z,13Z,16Z)/14:0)","PC(22:5(4Z,7Z,10Z,13Z,16Z)/14:0)","HMDB0008656","53479275","C00157","CCCCCCCCCCCCCC(=O)O[C@H](COC(=O)CC/C=C\C/C=C\C/C=C\C/C=C\C/C=C\CCCCC)COP(=O)([O-])OCC[N+](C)(C)C","1"
"PC(22:5(7Z,10Z,13Z,16Z,19Z)/14:0)","PC(22:5(7Z,10Z,13Z,16Z,19Z)/14:0)","HMDB0008689","53479341","C00157","CCCCCCCCCCCCCC(=O)O[C@H](COC(=O)CCCCC/C=C\C/C=C\C/C=C\C/C=C\C/C=C\CC)COP(=O)([O-])OCC[N+](C)(C)C","1"
