"Query","Match","HMDB","PubChem","KEGG","SMILES","Comment"
"Pyrrole-2-carboxylic acid","Pyrrole-2-carboxylic acid","HMDB0004230","12473","C05942","C1=CNC(=C1)C(=O)O","1"
"L-Malic acid","L-Malic acid","HMDB0000156","222656","C00149","C([C@@H](C(=O)O)O)C(=O)O","1"
"Malic acid","Malic acid","HMDB0000744","525","C03668","C(C(C(=O)O)O)C(=O)O","1"
"N-Acetyl-L-glutamate 5-semialdehyde","N-Acetyl-L-glutamate 5-semialdehyde","HMDB0006488","192878","C01250","CC(=O)N[C@@H](CCC=O)C(=O)O","1"
"Ureidosuccinic acid","Ureidosuccinic acid","HMDB0000828","93072","C00438","C([C@@H](C(=O)O)NC(=O)N)C(=O)O","1"
"Carnosine","Carnosine","HMDB0000033","439224","C00386","C1=C(NC=N1)C[C@@H](C(=O)O)NC(=O)CCN","1"
"(6R)-6-(L-Erythro-1,2-Dihydroxypropyl)-5,6,7,8-tetrahydro-4a-hydroxypterin","(6R)-6-(L-Erythro-1,2-Dihydroxypropyl)-5,6,7,8-tetrahydro-4a-hydroxypterin","HMDB0012482","53481437","C15522","C[C@@H](C([C@@H]1CNC2=C(N1)C(=O)N=CN2)O)O","1"
"Palmitaldehyde","Palmitaldehyde","HMDB0001551","984","C00517","CCCCCCCCCCCCCCCC=O","1"
"Inosine","Inosine","HMDB0000195","6021","C00294","C1=NC(=O)C2=C(N1)N(C=N2)[C@H]3[C@@H]([C@@H]([C@H](O3)CO)O)O","1"
"Allopurinol riboside","Allopurinol riboside","HMDB0000481","5273534",NA,"OC[C@H]1O[C@H]([C@H](O)[C@@H]1O)N1N=CC2=C1NC=NC2=O","1"
"Arabinosylhypoxanthine","Arabinosylhypoxanthine","HMDB0003040","46874582",NA,"C1=NC(=O)C2=C(N1)N(C=N2)C3[C@H]([C@@H]([C@H](O3)CO)O)O","1"
"Homovanillic acid sulfate","Homovanillic acid sulfate","HMDB0011719","29981063",NA,"COC1=C(C=CC(=C1)CC(=O)O)OS(=O)(=O)O","1"
"Glycineamideribotide","Glycineamideribotide","HMDB0002022","5459918","C03838","C([C@@H]1[C@H]([C@H]([C@@H](O1)NC(=O)CN)O)O)OP(=O)(O)O","1"
"Beta-Citryl-L-glutamic acid","Beta-Citryl-L-glutamic acid","HMDB0013220","21125622",NA,"C(CC(=O)O)C(C(=O)O)NC(=O)C(CC(=O)O)(CC(=O)O)O","1"
"Hesperetin","Hesperetin","HMDB0005782","72281","C01709","COC1=C(C=C(C=C1)[C@@H]2CC(=O)C3=C(C=C(C=C3O2)O)O)O","1"
"MG(P-18:0e/0:0/0:0)","MG(P-18:0e/0:0/0:0)","HMDB0011153","11824075",NA,"CCCCCCCCCCCCCCCC/C=C\OC[C@H](CO)O","1"
"MG(18:0e/0:0/0:0)","MG(18:0e/0:0/0:0)","HMDB0011143","10860876",NA,"CCCCCCCCCCCCCCCCCCOC[C@H](CO)O","1"
"6-Hydroxy-5-methoxyindole glucuronide","6-Hydroxy-5-methoxyindole glucuronide","HMDB0010362","196513","C03033","COC1=C(C=C2C(=C1)C=CN2)O[C@H]3[C@@H]([C@H]([C@@H]([C@H](O3)C(=O)O)O)O)O","1"
"5-Hydroxy-6-methoxyindole glucuronide","5-Hydroxy-6-methoxyindole glucuronide","HMDB0010363","196512","C03033","COC1=C(C=C2C=CNC2=C1)O[C@H]3[C@@H]([C@H]([C@@H]([C@H](O3)C(=O)O)O)O)O","1"
"Topiramate","Topiramate","HMDB0005034","5284627","C07502","CC1(O[C@@H]2CO[C@@]3([C@H]([C@@H]2O1)OC(O3)(C)C)COS(=O)(=O)N)C","1"
"Sphingosine 1-phosphate","Sphingosine 1-phosphate","HMDB0000277","5353956","C06124","CCCCCCCCCCCCC/C=C/C(C(COP(=O)(O)O)N)O","1"
"CPA(18:1(11Z)/0:0)","CPA(18:1(11Z)/0:0)","HMDB0007005","53477946",NA,"CCCCCC/C=C\CCCCCCCCCC(=O)OCC1COP(=O)(O1)O","1"
"CPA(18:1(9Z)/0:0)","CPA(18:1(9Z)/0:0)","HMDB0007006","11962187",NA,"CCCCCCCC/C=C\CCCCCCCC(=O)OCC1COP(=O)(O1)O","1"
"Alpha-Tocopherol","Alpha-Tocopherol","HMDB0001893","14985","C02477","CC1=C(C(=C2CC[C@@](OC2=C1C)(C)CCC[C@H](C)CCC[C@H](C)CCCC(C)C)C)O","1"
"LPA(0:0/18:1(9Z))","LysoPA(0:0/18:1(9Z))","HMDB0007851","56947016","C00416","CCCCCCCC/C=C\CCCCCCCC(=O)O[C@H](CO)COP(=O)(O)O","1"
"LPA(18:1(9Z)/0:0)","LysoPA(18:1(9Z)/0:0)","HMDB0007855","5497152","C00416","CCCCCCCC/C=C\CCCCCCCC(=O)OC[C@H](COP(=O)(O)O)O","1"
"DHAP(18:0)","DHAP(18:0)","HMDB0011133","440127","C03805","CCCCCCCCCCCCCCCCCC(=O)OCC(=O)COP(=O)(O)O","1"
"PE(P-16:0e/0:0)","PE(P-16:0e/0:0)","HMDB0011152","42607469",NA,"CCCCCCCCCCCCCC/C=C\OC[C@H](COP(=O)(O)OCCN)O","1"
"LysoPC(16:0)","LysoPC(16:0)","HMDB0010382","460602","C04230","CCCCCCCCCCCCCCCC(=O)OC[C@H](COP(=O)([O-])OCC[N+](C)(C)C)O","1"
"LysoPC(P-16:0)","LysoPC(P-16:0)","HMDB0010407","10917802","C04230","CCCCCCCCCCCCCC/C=C\OC[C@H](COP(=O)([O-])OCC[N+](C)(C)C)O","1"
"LysoPE(0:0/20:1(11Z))","LysoPE(0:0/20:1(11Z))","HMDB0011482","53480931",NA,"CCCCCCCC/C=C\CCCCCCCCCC(=O)O[C@H](CO)COP(=O)(O)OCCN","1"
"LysoPE(20:1(11Z)/0:0)","LysoPE(20:1(11Z)/0:0)","HMDB0011512","52925139",NA,"CCCCCCCC/C=C\CCCCCCCCCC(=O)OC[C@H](COP(=O)(O)OCCN)O","1"
"LysoPC(18:1(9Z))","LysoPC(18:1(9Z))","HMDB0002815","16081932","C04230","CCCCCCCC/C=C\CCCCCCCC(=O)OC[C@H](COP(=O)([O-])OCC[N+](C)(C)C)O","1"
"LysoPC(18:1(11Z))","LysoPC(18:1(11Z))","HMDB0010385","53480465","C04230","CCCCCC/C=C\CCCCCCCCCC(=O)OC[C@H](COP(=O)([O-])OCC[N+](C)(C)C)O","1"
"LysoPC(O-18:0)","LysoPC(O-18:0)","HMDB0011149","2733532","C04317","CCCCCCCCCCCCCCCCCCOC[C@H](COP(=O)([O-])OCC[N+](C)(C)C)O","1"
"O-6-deoxy-a-L-galactopyranosyl-(1->2)-O-b-D-galactopyranosyl-(1->3)-2-(acetylamino)-1,5-anhydro-2-deoxy-D-arabino-Hex-1-enitol","O-6-deoxy-a-L-galactopyranosyl-(1->2)-O-b-D-galactopyranosyl-(1->3)-2-(acetylamino)-1,5-anhydro-2-deoxy-D-arabino-Hex-1-enitol","HMDB0002235","22833589",NA,"C[C@H]1[C@H]([C@H]([C@@H]([C@@H](O1)O[C@@H]2[C@H]([C@H]([C@H](O[C@H]2O[C@H]3[C@@H]([C@H](OC=C3NC(=O)C)CO)O)CO)O)O)O)O)O","1"
"O-6-deoxy-a-L-galactopyranosyl-(1->2)-O-b-D-galactopyranosyl-(1->4)-2-(acetylamino)-1,5-anhydro-2-deoxy-D-arabino-Hex-1-enitol","O-6-deoxy-a-L-galactopyranosyl-(1->2)-O-b-D-galactopyranosyl-(1->4)-2-(acetylamino)-1,5-anhydro-2-deoxy-D-arabino-Hex-1-enitol","HMDB0002276","22833591",NA,"C[C@H]1[C@H]([C@H]([C@@H]([C@@H](O1)O[C@@H]2[C@H]([C@H]([C@H](O[C@H]2O[C@@H]3[C@H](OC=C([C@H]3O)NC(=O)C)CO)CO)O)O)O)O)O","1"
"LysoPE(0:0/22:1(13Z))","LysoPE(0:0/22:1(13Z))","HMDB0011491","53480940",NA,"CCCCCCCC/C=C\CCCCCCCCCCCC(=O)O[C@H](CO)COP(=O)(O)OCCN","1"
"LysoPE(22:1(13Z)/0:0)","LysoPE(22:1(13Z)/0:0)","HMDB0011521","53480953",NA,"CCCCCCCC/C=C\CCCCCCCCCCCC(=O)OC[C@H](COP(=O)(O)OCCN)O","1"
"LysoPE(0:0/22:0)","LysoPE(0:0/22:0)","HMDB0011490","53480939",NA,"CCCCCCCCCCCCCCCCCCCCCC(=O)O[C@H](CO)COP(=O)(O)OCCN","1"
"LysoPE(22:0/0:0)","LysoPE(22:0/0:0)","HMDB0011520","52925144",NA,"CCCCCCCCCCCCCCCCCCCCCC(=O)OC[C@H](COP(=O)(O)OCCN)O","1"
"DG(14:0/18:1(11Z)/0:0)","DG(14:0/18:1(11Z)/0:0)","HMDB0007014","53477952",NA,"CCCCCCCCCCCCCC(=O)OC[C@H](CO)OC(=O)CCCCCCCCC/C=C\CCCCCC","1"
"DG(14:0/18:1(9Z)/0:0)","DG(14:0/18:1(9Z)/0:0)","HMDB0007015","14275341",NA,"CCCCCCCCCCCCCC(=O)OC[C@H](CO)OC(=O)CCCCCCC/C=C\CCCCCCCC","1"
"DG(14:1(9Z)/18:0/0:0)","DG(14:1(9Z)/18:0/0:0)","HMDB0007042","53477977",NA,"CCCCCCCCCCCCCCCCCC(=O)O[C@@H](CO)COC(=O)CCCCCCC/C=C\CCCC","1"
"DG(16:0/16:1(9Z)/0:0)","DG(16:0/16:1(9Z)/0:0)","HMDB0007099","9543678","C00165","CCCCCCCCCCCCCCCC(=O)OC[C@H](CO)OC(=O)CCCCCCC/C=C\CCCCCC","1"
"DG(16:1(9Z)/16:0/0:0)","DG(16:1(9Z)/16:0/0:0)","HMDB0007127","53478036",NA,"CCCCCCCCCCCCCCCC(=O)O[C@@H](CO)COC(=O)CCCCCCC/C=C\CCCCCC","1"
"DG(18:0/14:1(9Z)/0:0)","DG(18:0/14:1(9Z)/0:0)","HMDB0007154","53478046",NA,"CCCCCCCCCCCCCCCCCC(=O)OC[C@H](CO)OC(=O)CCCCCCC/C=C\CCCC","1"
"DG(18:1(11Z)/14:0/0:0)","DG(18:1(11Z)/14:0/0:0)","HMDB0007182","53478057",NA,"CCCCCCCCCCCCCC(=O)O[C@@H](CO)COC(=O)CCCCCCCCC/C=C\CCCCCC","1"
"DG(18:1(9Z)/14:0/0:0)","DG(18:1(9Z)/14:0/0:0)","HMDB0007211","53478086",NA,"CCCCCCCCCCCCCC(=O)O[C@@H](CO)COC(=O)CCCCCCC/C=C\CCCCCCCC","1"
"DG(14:0/18:0/0:0)","DG(14:0/18:0/0:0)","HMDB0007013","53477951",NA,"CCCCCCCCCCCCCCCCCC(=O)O[C@@H](CO)COC(=O)CCCCCCCCCCCCC","1"
"DG(16:0/16:0/0:0)","DG(16:0/16:0/0:0)","HMDB0007098","644078","C00165","CCCCCCCCCCCCCCCC(=O)OC[C@H](CO)OC(=O)CCCCCCCCCCCCCCC","1"
"DG(18:0/14:0/0:0)","DG(18:0/14:0/0:0)","HMDB0007153","53478045",NA,"CCCCCCCCCCCCCCCCCC(=O)OC[C@H](CO)OC(=O)CCCCCCCCCCCCC","1"
"DG(14:0/20:2(11Z,14Z)/0:0)","DG(14:0/20:2(11Z,14Z)/0:0)","HMDB0007022","53477957",NA,"CCCCCCCCCCCCCC(=O)OC[C@H](CO)OC(=O)CCCCCCCCC/C=C\C/C=C\CCCCC","1"
"DG(14:1(9Z)/20:1(11Z)/0:0)","DG(14:1(9Z)/20:1(11Z)/0:0)","HMDB0007050","53477985",NA,"CCCCCCCC/C=C\CCCCCCCCCC(=O)O[C@@H](CO)COC(=O)CCCCCCC/C=C\CCCC","1"
"DG(16:0/18:2(9Z,12Z)/0:0)","DG(16:0/18:2(9Z,12Z)/0:0)","HMDB0007103","9543695","C00165","CCCCCCCCCCCCCCCC(=O)OC[C@H](CO)OC(=O)CCCCCCC/C=C\C/C=C\CCCCC","1"
"DG(16:1(9Z)/18:1(11Z)/0:0)","DG(16:1(9Z)/18:1(11Z)/0:0)","HMDB0007130","53478037",NA,"CCCCCC/C=C\CCCCCCCCCC(=O)O[C@@H](CO)COC(=O)CCCCCCC/C=C\CCCCCC","1"
"DG(16:1(9Z)/18:1(9Z)/0:0)","DG(16:1(9Z)/18:1(9Z)/0:0)","HMDB0007131","9543694","C00165","CCCCCCCC/C=C\CCCCCCCC(=O)O[C@@H](CO)COC(=O)CCCCCCC/C=C\CCCCCC","1"
"DG(18:1(11Z)/16:1(9Z)/0:0)","DG(18:1(11Z)/16:1(9Z)/0:0)","HMDB0007186","53478061",NA,"CCCCCC/C=C\CCCCCCCCCC(=O)OC[C@H](CO)OC(=O)CCCCCCC/C=C\CCCCCC","1"
"DG(18:1(9Z)/16:1(9Z)/0:0)","DG(18:1(9Z)/16:1(9Z)/0:0)","HMDB0007215","53478089",NA,"CCCCCCCC/C=C\CCCCCCCC(=O)OC[C@H](CO)OC(=O)CCCCCCC/C=C\CCCCCC","1"
"DG(18:2(9Z,12Z)/16:0/0:0)","DG(18:2(9Z,12Z)/16:0/0:0)","HMDB0007243","53478101",NA,"CCCCCCCCCCCCCCCC(=O)O[C@@H](CO)COC(=O)CCCCCCC/C=C\C/C=C\CCCCC","1"
"DG(20:1(11Z)/14:1(9Z)/0:0)","DG(20:1(11Z)/14:1(9Z)/0:0)","HMDB0007386","53478202",NA,"CCCCCCCC/C=C\CCCCCCCCCC(=O)OC[C@H](CO)OC(=O)CCCCCCC/C=C\CCCC","1"
"DG(20:2(11Z,14Z)/14:0/0:0)","DG(20:2(11Z,14Z)/14:0/0:0)","HMDB0007414","53478219",NA,"CCCCCCCCCCCCCC(=O)O[C@@H](CO)COC(=O)CCCCCCCCC/C=C\C/C=C\CCCCC","1"
"DG(14:0/20:1(11Z)/0:0)","DG(14:0/20:1(11Z)/0:0)","HMDB0007021","53477956",NA,"CCCCCCCCCCCCCC(=O)OC[C@H](CO)OC(=O)CCCCCCCCC/C=C\CCCCCCCC","1"
"DG(14:1(9Z)/20:0/0:0)","DG(14:1(9Z)/20:0/0:0)","HMDB0007049","53477984",NA,"CCCCCCCCCCCCCCCCCCCC(=O)O[C@@H](CO)COC(=O)CCCCCCC/C=C\CCCC","1"
"DG(16:0/18:1(11Z)/0:0)","DG(16:0/18:1(11Z)/0:0)","HMDB0007101","9543972","C00165","CCCCCCCCCCCCCCCC(=O)OC[C@H](CO)OC(=O)CCCCCCCCC/C=C\CCCCCC","1"
"DG(16:0/18:1(9Z)/0:0)","DG(16:0/18:1(9Z)/0:0)","HMDB0007102","5282283","C13861","CCCCCCCCCCCCCCCC(=O)OC[C@H](CO)OC(=O)CCCCCCC/C=C\CCCCCCCC","1"
"DG(16:1(9Z)/18:0/0:0)","DG(16:1(9Z)/18:0/0:0)","HMDB0007129","9543691","C00165","CCCCCCCCCCCCCCCCCC(=O)O[C@@H](CO)COC(=O)CCCCCCC/C=C\CCCCCC","1"
"DG(18:0/16:1(9Z)/0:0)","DG(18:0/16:1(9Z)/0:0)","HMDB0007157","53478048",NA,"CCCCCCCCCCCCCCCCCC(=O)OC[C@H](CO)OC(=O)CCCCCCC/C=C\CCCCCC","1"
"DG(18:1(11Z)/16:0/0:0)","DG(18:1(11Z)/16:0/0:0)","HMDB0007185","53478060",NA,"CCCCCCCCCCCCCCCC(=O)O[C@@H](CO)COC(=O)CCCCCCCCC/C=C\CCCCCC","1"
"DG(18:1(9Z)/16:0/0:0)","DG(18:1(9Z)/16:0/0:0)","HMDB0007214","5283471","C00165","CCCCCCCCCCCCCCCC(=O)O[C@@H](CO)COC(=O)CCCCCCC/C=C\CCCCCCCC","1"
"DG(20:0/14:1(9Z)/0:0)","DG(20:0/14:1(9Z)/0:0)","HMDB0007357","53478186",NA,"CCCCCCCCCCCCCCCCCCCC(=O)OC[C@H](CO)OC(=O)CCCCCCC/C=C\CCCC","1"
"DG(20:1(11Z)/14:0/0:0)","DG(20:1(11Z)/14:0/0:0)","HMDB0007385","53478201",NA,"CCCCCCCCCCCCCC(=O)O[C@@H](CO)COC(=O)CCCCCCCCC/C=C\CCCCCCCC","1"
"DG(14:0/22:2(13Z,16Z)/0:0)","DG(14:0/22:2(13Z,16Z)/0:0)","HMDB0007030","53477965",NA,"CCCCCCCCCCCCCC(=O)OC[C@H](CO)OC(=O)CCCCCCCCCCC/C=C\C/C=C\CCCCC","1"
"DG(14:1(9Z)/22:1(13Z)/0:0)","DG(14:1(9Z)/22:1(13Z)/0:0)","HMDB0007058","53477993",NA,"CCCCCCCC/C=C\CCCCCCCCCCCC(=O)O[C@@H](CO)COC(=O)CCCCCCC/C=C\CCCC","1"
"DG(16:0/20:2(11Z,14Z)/0:0)","DG(16:0/20:2(11Z,14Z)/0:0)","HMDB0007109","9543721",NA,"CCCCCCCCCCCCCCCC(=O)OC[C@H](CO)OC(=O)CCCCCCCCC/C=C\C/C=C\CCCCC","1"
"DG(16:1(9Z)/20:1(11Z)/0:0)","DG(16:1(9Z)/20:1(11Z)/0:0)","HMDB0007137","9543720","C00165","CCCCCCCC/C=C\CCCCCCCCCC(=O)O[C@@H](CO)COC(=O)CCCCCCC/C=C\CCCCCC","1"
"DG(18:0/18:2(9Z,12Z)/0:0)","DG(18:0/18:2(9Z,12Z)/0:0)","HMDB0007161","6441562","C00165","CCCCCCCCCCCCCCCCCC(=O)OC[C@H](CO)OC(=O)CCCCCCC/C=C\C/C=C\CCCCC","1"
"DG(18:1(11Z)/18:1(11Z)/0:0)","DG(18:1(11Z)/18:1(11Z)/0:0)","HMDB0007188","53478063",NA,"CCCCCC/C=C\CCCCCCCCCC(=O)OC[C@H](CO)OC(=O)CCCCCCCCC/C=C\CCCCCC","1"
"DG(18:1(11Z)/18:1(9Z)/0:0)","DG(18:1(11Z)/18:1(9Z)/0:0)","HMDB0007189","53478064",NA,"CCCCCCCC/C=C\CCCCCCCC(=O)O[C@@H](CO)COC(=O)CCCCCCCCC/C=C\CCCCCC","1"
"DG(18:1(9Z)/18:1(11Z)/0:0)","DG(18:1(9Z)/18:1(11Z)/0:0)","HMDB0007217","53478091",NA,"CCCCCCCC/C=C\CCCCCCCC(=O)OC[C@H](CO)OC(=O)CCCCCCCCC/C=C\CCCCCC","1"
"DG(18:1(9Z)/18:1(9Z)/0:0)","DG(18:1(9Z)/18:1(9Z)/0:0)","HMDB0007218","9543716","C00165","CCCCCCCC/C=C\CCCCCCCC(=O)OC[C@H](CO)OC(=O)CCCCCCC/C=C\CCCCCCCC","1"
"DG(18:2(9Z,12Z)/18:0/0:0)","DG(18:2(9Z,12Z)/18:0/0:0)","HMDB0007245","53478103",NA,"CCCCCCCCCCCCCCCCCC(=O)O[C@@H](CO)COC(=O)CCCCCCC/C=C\C/C=C\CCCCC","1"
"DG(20:1(11Z)/16:1(9Z)/0:0)","DG(20:1(11Z)/16:1(9Z)/0:0)","HMDB0007389","53478205",NA,"CCCCCCCC/C=C\CCCCCCCCCC(=O)OC[C@H](CO)OC(=O)CCCCCCC/C=C\CCCCCC","1"
"DG(20:2(11Z,14Z)/16:0/0:0)","DG(20:2(11Z,14Z)/16:0/0:0)","HMDB0007417","53478222",NA,"CCCCCCCCCCCCCCCC(=O)O[C@@H](CO)COC(=O)CCCCCCCCC/C=C\C/C=C\CCCCC","1"
"DG(22:1(13Z)/14:1(9Z)/0:0)","DG(22:1(13Z)/14:1(9Z)/0:0)","HMDB0007618","53478383",NA,"CCCCCCCC/C=C\CCCCCCCCCCCC(=O)OC[C@H](CO)OC(=O)CCCCCCC/C=C\CCCC","1"
"DG(22:2(13Z,16Z)/14:0/0:0)","DG(22:2(13Z,16Z)/14:0/0:0)","HMDB0007646","53478406",NA,"CCCCCCCCCCCCCC(=O)O[C@@H](CO)COC(=O)CCCCCCCCCCC/C=C\C/C=C\CCCCC","1"
"DG(18:1(11Z)/22:6(4Z,7Z,10Z,13Z,16Z,19Z)/0:0)","DG(18:1(11Z)/22:6(4Z,7Z,10Z,13Z,16Z,19Z)/0:0)","HMDB0007208","53478083",NA,"CCCCCC/C=C\CCCCCCCCCC(=O)OC[C@H](CO)OC(=O)CC/C=C\C/C=C\C/C=C\C/C=C\C/C=C\C/C=C\CC","1"
"DG(18:1(9Z)/22:6(4Z,7Z,10Z,13Z,16Z,19Z)/0:0)","DG(18:1(9Z)/22:6(4Z,7Z,10Z,13Z,16Z,19Z)/0:0)","HMDB0007237","9543890",NA,"CCCCCCCC/C=C\CCCCCCCC(=O)OC[C@H](CO)OC(=O)CC/C=C\C/C=C\C/C=C\C/C=C\C/C=C\C/C=C\CC","1"
"DG(18:2(9Z,12Z)/22:5(4Z,7Z,10Z,13Z,16Z)/0:0)","DG(18:2(9Z,12Z)/22:5(4Z,7Z,10Z,13Z,16Z)/0:0)","HMDB0007264","53478109",NA,"CCCCC/C=C\C/C=C\CCCCCCCC(=O)OC[C@H](CO)OC(=O)CC/C=C\C/C=C\C/C=C\C/C=C\C/C=C\CCCCC","1"
"DG(18:2(9Z,12Z)/22:5(7Z,10Z,13Z,16Z,19Z)/0:0)","DG(18:2(9Z,12Z)/22:5(7Z,10Z,13Z,16Z,19Z)/0:0)","HMDB0007265","9543889",NA,"CCCCC/C=C\C/C=C\CCCCCCCC(=O)OC[C@H](CO)OC(=O)CCCCC/C=C\C/C=C\C/C=C\C/C=C\C/C=C\CC","1"
"DG(18:3(6Z,9Z,12Z)/22:4(7Z,10Z,13Z,16Z)/0:0)","DG(18:3(6Z,9Z,12Z)/22:4(7Z,10Z,13Z,16Z)/0:0)","HMDB0007292","53478134",NA,"CCCCC/C=C\C/C=C\C/C=C\CCCCC(=O)OC[C@H](CO)OC(=O)CCCCC/C=C\C/C=C\C/C=C\C/C=C\CCCCC","1"
"DG(18:3(9Z,12Z,15Z)/22:4(7Z,10Z,13Z,16Z)/0:0)","DG(18:3(9Z,12Z,15Z)/22:4(7Z,10Z,13Z,16Z)/0:0)","HMDB0007321","9543888",NA,"CCCCC/C=C\C/C=C\C/C=C\C/C=C\CCCCCC(=O)O[C@@H](CO)COC(=O)CCCCCCC/C=C\C/C=C\C/C=C\CC","1"
"DG(20:2(11Z,14Z)/20:5(5Z,8Z,11Z,14Z,17Z)/0:0)","DG(20:2(11Z,14Z)/20:5(5Z,8Z,11Z,14Z,17Z)/0:0)","HMDB0007433","9543863",NA,"CCCCC/C=C\C/C=C\CCCCCCCCCC(=O)OC[C@H](CO)OC(=O)CCC/C=C\C/C=C\C/C=C\C/C=C\C/C=C\CC","1"
"DG(20:3(5Z,8Z,11Z)/20:4(5Z,8Z,11Z,14Z)/0:0)","DG(20:3(5Z,8Z,11Z)/20:4(5Z,8Z,11Z,14Z)/0:0)","HMDB0007460","53478255",NA,"CCCCCCCC/C=C\C/C=C\C/C=C\CCCC(=O)OC[C@H](CO)OC(=O)CCC/C=C\C/C=C\C/C=C\C/C=C\CCCCC","1"
"DG(20:3(5Z,8Z,11Z)/20:4(8Z,11Z,14Z,17Z)/0:0)","DG(20:3(5Z,8Z,11Z)/20:4(8Z,11Z,14Z,17Z)/0:0)","HMDB0007461","53478256",NA,"CCCCCCCC/C=C\C/C=C\C/C=C\CCCC(=O)OC[C@H](CO)OC(=O)CCCCCC/C=C\C/C=C\C/C=C\C/C=C\CC","1"
"DG(20:3(8Z,11Z,14Z)/20:4(5Z,8Z,11Z,14Z)/0:0)","DG(20:3(8Z,11Z,14Z)/20:4(5Z,8Z,11Z,14Z)/0:0)","HMDB0007489","9543862",NA,"CCCCC/C=C\C/C=C\C/C=C\CCCCCCC(=O)OC[C@H](CO)OC(=O)CCC/C=C\C/C=C\C/C=C\C/C=C\CCCCC","1"
"DG(20:3(8Z,11Z,14Z)/20:4(8Z,11Z,14Z,17Z)/0:0)","DG(20:3(8Z,11Z,14Z)/20:4(8Z,11Z,14Z,17Z)/0:0)","HMDB0007490","53478283",NA,"CCCCC/C=C\C/C=C\C/C=C\CCCCCCC(=O)OC[C@H](CO)OC(=O)CCCCCC/C=C\C/C=C\C/C=C\C/C=C\CC","1"
"DG(20:4(5Z,8Z,11Z,14Z)/20:3(5Z,8Z,11Z)/0:0)","DG(20:4(5Z,8Z,11Z,14Z)/20:3(5Z,8Z,11Z)/0:0)","HMDB0007516","53478302",NA,"CCCCCCCC/C=C\C/C=C\C/C=C\CCCC(=O)O[C@@H](CO)COC(=O)CCC/C=C\C/C=C\C/C=C\C/C=C\CCCCC","1"
"DG(20:4(5Z,8Z,11Z,14Z)/20:3(8Z,11Z,14Z)/0:0)","DG(20:4(5Z,8Z,11Z,14Z)/20:3(8Z,11Z,14Z)/0:0)","HMDB0007517","53478303",NA,"CCCCC/C=C\C/C=C\C/C=C\CCCCCCC(=O)O[C@@H](CO)COC(=O)CCC/C=C\C/C=C\C/C=C\C/C=C\CCCCC","1"
"DG(20:4(8Z,11Z,14Z,17Z)/20:3(5Z,8Z,11Z)/0:0)","DG(20:4(8Z,11Z,14Z,17Z)/20:3(5Z,8Z,11Z)/0:0)","HMDB0007545","53478323",NA,"CCCCCCCC/C=C\C/C=C\C/C=C\CCCC(=O)O[C@@H](CO)COC(=O)CCCCCC/C=C\C/C=C\C/C=C\C/C=C\CC","1"
"DG(20:4(8Z,11Z,14Z,17Z)/20:3(8Z,11Z,14Z)/0:0)","DG(20:4(8Z,11Z,14Z,17Z)/20:3(8Z,11Z,14Z)/0:0)","HMDB0007546","53478324",NA,"CCCCC/C=C\C/C=C\C/C=C\CCCCCCC(=O)O[C@@H](CO)COC(=O)CCCCCC/C=C\C/C=C\C/C=C\C/C=C\CC","1"
"DG(20:5(5Z,8Z,11Z,14Z,17Z)/20:2(11Z,14Z)/0:0)","DG(20:5(5Z,8Z,11Z,14Z,17Z)/20:2(11Z,14Z)/0:0)","HMDB0007573","53478351",NA,"CCCCC/C=C\C/C=C\CCCCCCCCCC(=O)O[C@@H](CO)COC(=O)CCC/C=C\C/C=C\C/C=C\C/C=C\C/C=C\CC","1"
"DG(22:4(7Z,10Z,13Z,16Z)/18:3(6Z,9Z,12Z)/0:0)","DG(22:4(7Z,10Z,13Z,16Z)/18:3(6Z,9Z,12Z)/0:0)","HMDB0007684","53478440",NA,"CCCCC/C=C\C/C=C\C/C=C\CCCCC(=O)O[C@@H](CO)COC(=O)CCCCC/C=C\C/C=C\C/C=C\C/C=C\CCCCC","1"
"DG(22:4(7Z,10Z,13Z,16Z)/18:3(9Z,12Z,15Z)/0:0)","DG(22:4(7Z,10Z,13Z,16Z)/18:3(9Z,12Z,15Z)/0:0)","HMDB0007685","53478441",NA,"CCCCC/C=C\C/C=C\C/C=C\C/C=C\CCCCCC(=O)OC[C@H](CO)OC(=O)CCCCCCC/C=C\C/C=C\C/C=C\CC","1"
"DG(22:5(4Z,7Z,10Z,13Z,16Z)/18:2(9Z,12Z)/0:0)","DG(22:5(4Z,7Z,10Z,13Z,16Z)/18:2(9Z,12Z)/0:0)","HMDB0007712","53478465",NA,"CCCCC/C=C\C/C=C\CCCCCCCC(=O)O[C@@H](CO)COC(=O)CC/C=C\C/C=C\C/C=C\C/C=C\C/C=C\CCCCC","1"
"DG(22:5(7Z,10Z,13Z,16Z,19Z)/18:2(9Z,12Z)/0:0)","DG(22:5(7Z,10Z,13Z,16Z,19Z)/18:2(9Z,12Z)/0:0)","HMDB0007741","53478494",NA,"CCCCC/C=C\C/C=C\CCCCCCCC(=O)O[C@@H](CO)COC(=O)CCCCC/C=C\C/C=C\C/C=C\C/C=C\C/C=C\CC","1"
"DG(22:6(4Z,7Z,10Z,13Z,16Z,19Z)/18:1(11Z)/0:0)","DG(22:6(4Z,7Z,10Z,13Z,16Z,19Z)/18:1(11Z)/0:0)","HMDB0007768","53478519",NA,"CCCCCC/C=C\CCCCCCCCCC(=O)O[C@@H](CO)COC(=O)CC/C=C\C/C=C\C/C=C\C/C=C\C/C=C\C/C=C\CC","1"
"DG(22:6(4Z,7Z,10Z,13Z,16Z,19Z)/18:1(9Z)/0:0)","DG(22:6(4Z,7Z,10Z,13Z,16Z,19Z)/18:1(9Z)/0:0)","HMDB0007769","53478520",NA,"CCCCCCCC/C=C\CCCCCCCC(=O)O[C@@H](CO)COC(=O)CC/C=C\C/C=C\C/C=C\C/C=C\C/C=C\C/C=C\CC","1"
"SM(d18:1/14:0)","SM(d18:1/14:0)","HMDB0012097","11433862",NA,"CCCCCCCCCCCCC/C=C/[C@H]([C@H](COP(=O)([O-])OCC[N+](C)(C)C)NC(=O)CCCCCCCCCCCCC)O","1"
"PC(15:0/P-16:0)","PC(15:0/P-16:0)","HMDB0007961","53478661","C00157","CCCCCCCCCCCCCC/C=C\OC(COC(=O)CCCCCCCCCCCCCC)COP(=O)([O-])OCC[N+](C)(C)C","1"
"PE(16:0/P-18:0)","PE(16:0/P-18:0)","HMDB0008950","53479593","C00350","CCCCCCCCCCCCCCCC/C=C\O[C@H](COC(=O)CCCCCCCCCCCCCCC)COP(=O)(O)OCCN","1"
"PE(18:0/P-16:0)","PE(18:0/P-16:0)","HMDB0009015","53479614","C00350","CCCCCCCCCCCCCCCCCC(=O)OC[C@H](COP(=O)(O)OCCN)O/C=C\CCCCCCCCCCCCCC","1"
"PE(P-16:0e/18:1(9Z))","PE(P-16:0e/18:1(9Z))","HMDB0011157","42607455",NA,"CCCCCCCCCCCCCCCCOC[C@H](COP(=O)(O)OCCN)OC(=O)CCCCCCC/C=C\CCCCCCCC","1"
"PC(P-16:0/15:0)","PC(P-16:0/15:0)","HMDB0011205","52923878",NA,"CCCCCCCCCCCCCC/C=C\OC[C@H](COP(=O)([O-])OCC[N+](C)(C)C)OC(=O)CCCCCCCCCCCCCC","1"
"PE(P-16:0/18:0)","PE(P-16:0/18:0)","HMDB0011340","52925051",NA,"CCCCCCCCCCCCCCCCCC(=O)O[C@H](CO/C=C\CCCCCCCCCCCCCC)COP(=O)(O)OCCN","1"
"PE(P-18:0/16:0)","PE(P-18:0/16:0)","HMDB0011371","52925073",NA,"CCCCCCCCCCCCCCCC/C=C\OC[C@H](COP(=O)(O)OCCN)OC(=O)CCCCCCCCCCCCCCC","1"
"PC(o-14:0/16:0)","PC(o-14:0/16:0)","HMDB0013341","24779275",NA,"CCCCCCCCCCCCCCCC(=O)O[C@H](COCCCCCCCCCCCCCC)COP(=O)([O-])OCC[N+](C)(C)C","1"
"PC(15:0/P-18:0)","PC(15:0/P-18:0)","HMDB0007962","53478663","C00157","CCCCCCCCCCCCCCCC/C=C\OC(COC(=O)CCCCCCCCCCCCCC)COP(=O)([O-])OCC[N+](C)(C)C","1"
"PE(18:0/P-18:0)","PE(18:0/P-18:0)","HMDB0009016","53479615","C00350","CCCCCCCCCCCCCCCCCC(=O)OC[C@H](COP(=O)(O)OCCN)O/C=C\CCCCCCCCCCCCCCCC","1"
"PE(20:0/P-16:0)","PE(20:0/P-16:0)","HMDB0009246","53479714","C00350","CCCCCCCCCCCCCCCCCCCC(=O)OC[C@H](COP(=O)(O)OCCN)O/C=C\CCCCCCCCCCCCCC","1"
"PC(P-18:0/15:0)","PC(P-18:0/15:0)","HMDB0011238","52923930",NA,"CCCCCCCCCCCCCCCC/C=C\OC[C@H](COP(=O)([O-])OCC[N+](C)(C)C)OC(=O)CCCCCCCCCCCCCC","1"
"PE(P-16:0/20:0)","PE(P-16:0/20:0)","HMDB0011347","52925057",NA,"CCCCCCCCCCCCCCCCCCCC(=O)O[C@H](CO/C=C\CCCCCCCCCCCCCC)COP(=O)(O)OCCN","1"
"PE(dm18:0/18:0)","PE(dm18:0/18:0)","HMDB11373","52925078",NA,"CCCCCCCCCCCCCCCCCC(=O)O[C@H](CO/C=C\CCCCCCCCCCCCCCCC)COP(=O)(O)OCCN","1"
"PC(14:0/P-18:0)","PC(14:0/P-18:0)","HMDB0007896","53478617","C00157","CCCCCCCCCCCCCCCC/C=C\OC(COC(=O)CCCCCCCCCCCCC)COP(=O)([O-])OCC[N+](C)(C)C","1"
"PC(16:0/P-16:0)","PC(16:0/P-16:0)","HMDB0007994","53478671","C00157","CCCCCCCCCCCCCCCC(=O)OCC(COP(=O)([O-])OCC[N+](C)(C)C)O/C=C\CCCCCCCCCCCCCC","1"
"PC(P-16:0/16:0)","PC(P-16:0/16:0)","HMDB0011206","11146967",NA,"CCCCCCCCCCCCCCCC(=O)O[C@H](CO/C=C\CCCCCCCCCCCCCC)COP(=O)([O-])OCC[N+](C)(C)C","1"
"PC(P-18:0/14:0)","PC(P-18:0/14:0)","HMDB0011236","52923926",NA,"CCCCCCCCCCCCCCCC/C=C\OC[C@H](COP(=O)([O-])OCC[N+](C)(C)C)OC(=O)CCCCCCCCCCCCC","1"
"PC(o-16:0/16:1(9Z))","PC(o-16:0/16:1(9Z))","HMDB0013404","52923742",NA,"CCCCCCCCCCCCCCCCOC[C@H](COP(=O)([O-])OCC[N+](C)(C)C)OC(=O)CCCCCCC/C=C\CCCCCC","1"
"PC(14:0/20:2(11Z,14Z))","PC(14:0/20:2(11Z,14Z))","HMDB0007880","52922228","C00157","CCCCCCCCCCCCCC(=O)OC[C@H](COP(=O)([O-])OCC[N+](C)(C)C)OC(=O)CCCCCCCCC/C=C\C/C=C\CCCCC","1"
"PC(14:1(9Z)/20:1(11Z))","PC(14:1(9Z)/20:1(11Z))","HMDB0007912","52922278","C00157","CCCCCCCC/C=C\CCCCCCCCCC(=O)O[C@H](COC(=O)CCCCCCC/C=C\CCCC)COP(=O)([O-])OCC[N+](C)(C)C","1"
"PC(16:0/18:2(9Z,12Z))","PC(16:0/18:2(9Z,12Z))","HMDB0007973","5287971","C00157","CCCCCCCCCCCCCCCC(=O)OC[C@H](COP(=O)([O-])OCC[N+](C)(C)C)OC(=O)CCCCCCC/C=C\C/C=C\CCCCC","1"
"PC(16:1(9Z)/18:1(11Z))","PC(16:1(9Z)/18:1(11Z))","HMDB0008004","24778766","C00157","CCCCCC/C=C\CCCCCCCCCC(=O)O[C@H](COC(=O)CCCCCCC/C=C\CCCCCC)COP(=O)([O-])OCC[N+](C)(C)C","1"
"PC(16:1(9Z)/18:1(9Z))","PC(16:1(9Z)/18:1(9Z))","HMDB0008005","24778767","C00157","CCCCCCCC/C=C\CCCCCCCC(=O)O[C@H](COC(=O)CCCCCCC/C=C\CCCCCC)COP(=O)([O-])OCC[N+](C)(C)C","1"
"PC(18:1(11Z)/16:1(9Z))","PC(18:1(11Z)/16:1(9Z))","HMDB0008068","53478719","C00157","CCCCCC/C=C\CCCCCCCCCC(=O)OC[C@H](COP(=O)([O-])OCC[N+](C)(C)C)OC(=O)CCCCCCC/C=C\CCCCCC","1"
"PC(18:1(9Z)/16:1(9Z))","PC(18:1(9Z)/16:1(9Z))","HMDB0008101","24778935","C00157","CCCCCCCC/C=C\CCCCCCCC(=O)OC[C@H](COP(=O)([O-])OCC[N+](C)(C)C)OC(=O)CCCCCCC/C=C\CCCCCC","1"
"PC(18:2(9Z,12Z)/16:0)","PC(18:2(9Z,12Z)/16:0)","HMDB0008133","24778972","C00157","CCCCCCCCCCCCCCCC(=O)O[C@H](COC(=O)CCCCCCC/C=C\C/C=C\CCCCC)COP(=O)([O-])OCC[N+](C)(C)C","1"
"PC(20:1(11Z)/14:1(9Z))","PC(20:1(11Z)/14:1(9Z))","HMDB0008296","52923095","C00157","CCCCCCCC/C=C\CCCCCCCCCC(=O)OC[C@H](COP(=O)([O-])OCC[N+](C)(C)C)OC(=O)CCCCCCC/C=C\CCCC","1"
"PC(20:2(11Z,14Z)/14:0)","PC(20:2(11Z,14Z)/14:0)","HMDB0008328","52923153","C00157","CCCCCCCCCCCCCC(=O)O[C@H](COC(=O)CCCCCCCCC/C=C\C/C=C\CCCCC)COP(=O)([O-])OCC[N+](C)(C)C","1"
"PE(15:0/22:2(13Z,16Z))","PE(15:0/22:2(13Z,16Z))","HMDB0008909","52924174","C00350","CCCCCCCCCCCCCCC(=O)OC[C@H](COP(=O)(O)OCCN)OC(=O)CCCCCCCCCCC/C=C\C/C=C\CCCCC","1"
"PE(22:2(13Z,16Z)/15:0)","PE(22:2(13Z,16Z)/15:0)","HMDB0009549","52924776","C00350","CCCCCCCCCCCCCCC(=O)O[C@H](COC(=O)CCCCCCCCCCC/C=C\C/C=C\CCCCC)COP(=O)(O)OCCN","1"
"PE-NMe(18:1(9Z)/18:1(9Z))","PE-NMe(18:1(9Z)/18:1(9Z))","HMDB0010565","9547032",NA,"CCCCCCCC/C=C\CCCCCCCC(=O)OC[C@H](COP(=O)(O)OCCNC)OC(=O)CCCCCCC/C=C\CCCCCCCC","1"
"PS(16:0/18:2(9Z,12Z))","PS(16:0/18:2(9Z,12Z))","HMDB0012358","46891802",NA,"CCCCCCCCCCCCCCCC(=O)OC[C@H](COP(=O)(O)OC[C@@H](C(=O)O)N)OC(=O)CCCCCCC/C=C\C/C=C\CCCCC","1"
"PS(16:1(9Z)/18:1(9Z))","PS(16:1(9Z)/18:1(9Z))","HMDB0012368","52926009",NA,"CCCCCCCC/C=C\CCCCCCCC(=O)O[C@H](COC(=O)CCCCCCC/C=C\CCCCCC)COP(=O)(O)OC[C@@H](C(=O)O)N","1"
"PS(18:1(9Z)/16:1(9Z))","PS(18:1(9Z)/16:1(9Z))","HMDB0012388","52925990",NA,"CCCCCCCC/C=C\CCCCCCCC(=O)OC[C@H](COP(=O)(O)OC[C@@H](C(=O)O)N)OC(=O)CCCCCCC/C=C\CCCCCC","1"
"PS(18:2(9Z,12Z)/16:0)","PS(18:2(9Z,12Z)/16:0)","HMDB0012398","52925986",NA,"CCCCCCCCCCCCCCCC(=O)O[C@H](COC(=O)CCCCCCC/C=C\C/C=C\CCCCC)COP(=O)(O)OC[C@@H](C(=O)O)N","1"
"PC(16:0/P-18:1(11Z))","PC(16:0/P-18:1(11Z))","HMDB0007996","53478675","C00157","CCCCCCCCCCCCCCCC(=O)OCC(COP(=O)([O-])OCC[N+](C)(C)C)O/C=C\CCCCCCCC/C=C\CCCCCC","1"
"PC(16:0/P-18:1(9Z))","PC(16:0/P-18:1(9Z))","HMDB0007997","53478677","C00157","CCCCCCCCCCCCCCCC(=O)OCC(COP(=O)([O-])OCC[N+](C)(C)C)O/C=C\CCCCCC/C=C\CCCCCCCC","1"
"PC(16:1(9Z)/P-18:0)","PC(16:1(9Z)/P-18:0)","HMDB0008028","53478695","C00157","CCCCCCCCCCCCCCCC/C=C\OC(COC(=O)CCCCCCC/C=C\CCCCCC)COP(=O)([O-])OCC[N+](C)(C)C","1"
"PC(18:1(11Z)/P-16:0)","PC(18:1(11Z)/P-16:0)","HMDB0008093","53478757","C00157","CCCCCCCCCCCCCC/C=C\OC(COC(=O)CCCCCCCCC/C=C\CCCCCC)COP(=O)([O-])OCC[N+](C)(C)C","1"
"PC(18:1(9Z)/P-16:0)","PC(18:1(9Z)/P-16:0)","HMDB0008126","53478777","C00157","CCCCCCCCCCCCCC/C=C\OC(COC(=O)CCCCCCC/C=C\CCCCCCCC)COP(=O)([O-])OCC[N+](C)(C)C","1"
"PC(O-16:0/18:2(9Z,12Z))","PC(O-16:0/18:2(9Z,12Z))","HMDB0011151","6443157",NA,"CCCCCCCCCCCCCCCCOC[C@H](COP(=O)([O-])OCC[N+](C)(C)C)OC(=O)CCCCCCC/C=C\C/C=C\CCCCC","1"
"PC(P-16:0/18:1(11Z))","PC(P-16:0/18:1(11Z))","HMDB0011209","53480679",NA,"CCCCCCCCCCCCCC/C=C\OC[C@H](COP(=O)([O-])OCC[N+](C)(C)C)OC(=O)CCCCCCCCC/C=C\CCCCCC","1"
"PC(P-16:0/18:1(9Z))","PC(P-16:0/18:1(9Z))","HMDB0011210","24779384",NA,"CCCCCCCCCCCCCC/C=C\OC[C@H](COP(=O)([O-])OCC[N+](C)(C)C)OC(=O)CCCCCCC/C=C\CCCCCCCC","1"
"PC(P-18:0/16:1(9Z))","PC(P-18:0/16:1(9Z))","HMDB0011240","52923934",NA,"CCCCCCCCCCCCCCCC/C=C\OC[C@H](COP(=O)([O-])OCC[N+](C)(C)C)OC(=O)CCCCCCC/C=C\CCCCCC","1"
"PC(P-18:1(11Z)/16:0)","PC(P-18:1(11Z)/16:0)","HMDB0011272","53480735",NA,"CCCCCCCCCCCCCCCC(=O)OC(CO/C=C\CCCCCCCC/C=C\CCCCCC)COP(=O)([O-])OCC[N+](C)(C)C","1"
"PC(P-18:1(9Z)/16:0)","PC(P-18:1(9Z)/16:0)","HMDB0011305","53480793",NA,"CCCCCCCCCCCCCCCC(=O)O[C@H](CO/C=C\CCCCCC/C=C\CCCCCCCC)COP(=O)([O-])OCC[N+](C)(C)C","1"
"PC(16:0/P-18:0)","PC(16:0/P-18:0)","HMDB0007995","53478673","C00157","CCCCCCCCCCCCCCCC/C=C\OC(COC(=O)CCCCCCCCCCCCCCC)COP(=O)([O-])OCC[N+](C)(C)C","1"
"PC(18:0/P-16:0)","PC(18:0/P-16:0)","HMDB0008060","53478703","C00157","CCCCCCCCCCCCCCCCCC(=O)OCC(COP(=O)([O-])OCC[N+](C)(C)C)O/C=C\CCCCCCCCCCCCCC","1"
"PC(P-16:0/18:0)","PC(P-16:0/18:0)","HMDB0011208","52923890",NA,"CCCCCCCCCCCCCCCCCC(=O)O[C@H](CO/C=C\CCCCCCCCCCCCCC)COP(=O)([O-])OCC[N+](C)(C)C","1"
"PC(P-18:0/16:0)","PC(P-18:0/16:0)","HMDB0011239","53480705",NA,"CCCCCCCCCCCCCCCC/C=C\OCC(COP(=O)([O-])OCC[N+](C)(C)C)OC(=O)CCCCCCCCCCCCCCC","1"
"PC(o-16:1(9Z)/18:0)","PC(o-16:1(9Z)/18:0)","HMDB0013412","53481707",NA,"CCCCCCCCCCCCCCCCCC(=O)O[C@H](COCCCCCCCC/C=C\CCCCCC)COP(=O)([O-])OCC[N+](C)(C)C","1"
"PC(o-18:1(11Z)/16:0)","PC(o-18:1(11Z)/16:0)","HMDB0013424","53481719",NA,"CCCCCCCCCCCCCCCC(=O)O[C@H](COCCCCCCCCCC/C=C\CCCCCC)COP(=O)([O-])OCC[N+](C)(C)C","1"
"PC(o-18:1(9Z)/16:0)","PC(o-18:1(9Z)/16:0)","HMDB0013426","6443119",NA,"CCCCCCCCCCCCCCCC(=O)O[C@H](COCCCCCCCC/C=C\CCCCCCCC)COP(=O)([O-])OCC[N+](C)(C)C","1"
"PC(18:0/P-18:1(11Z))","PC(18:0/P-18:1(11Z))","HMDB0008062","53478707","C00157","CCCCCCCCCCCCCCCCCC(=O)OCC(COP(=O)([O-])OCC[N+](C)(C)C)O/C=C\CCCCCCCC/C=C\CCCCCC","1"
"PC(18:0/P-18:1(9Z))","PC(18:0/P-18:1(9Z))","HMDB0008063","53478709","C00157","CCCCCCCCCCCCCCCCCC(=O)OCC(COP(=O)([O-])OCC[N+](C)(C)C)O/C=C\CCCCCC/C=C\CCCCCCCC","1"
"PC(18:1(11Z)/P-18:0)","PC(18:1(11Z)/P-18:0)","HMDB0008094","53478759","C00157","CCCCCCCCCCCCCCCC/C=C\OC(COC(=O)CCCCCCCCC/C=C\CCCCCC)COP(=O)([O-])OCC[N+](C)(C)C","1"
"PC(18:1(9Z)/P-18:0)","PC(18:1(9Z)/P-18:0)","HMDB0008127","53478779","C00157","CCCCCCCCCCCCCCCC/C=C\OC(COC(=O)CCCCCCC/C=C\CCCCCCCC)COP(=O)([O-])OCC[N+](C)(C)C","1"
"PC(20:1(11Z)/P-16:0)","PC(20:1(11Z)/P-16:0)","HMDB0008324","53478911","C00157","CCCCCCCCCCCCCC/C=C\OC(COC(=O)CCCCCCCCC/C=C\CCCCCCCC)COP(=O)([O-])OCC[N+](C)(C)C","1"
"PC(P-16:0/20:1(11Z))","PC(P-16:0/20:1(11Z))","HMDB0011216","52923904",NA,"CCCCCCCCCCCCCC/C=C\OC[C@H](COP(=O)([O-])OCC[N+](C)(C)C)OC(=O)CCCCCCCCC/C=C\CCCCCCCC","1"
"PC(P-18:0/18:1(11Z))","PC(P-18:0/18:1(11Z))","HMDB0011242","53480707",NA,"CCCCCCCCCCCCCCCC/C=C\OC[C@H](COP(=O)([O-])OCC[N+](C)(C)C)OC(=O)CCCCCCCCC/C=C\CCCCCC","1"
"PC(P-18:0/18:1(9Z))","PC(P-18:0/18:1(9Z))","HMDB0011243","42607428",NA,"CCCCCCCCCCCCCCCC/C=C\OC[C@H](COP(=O)([O-])OCC[N+](C)(C)C)OC(=O)CCCCCCC/C=C\CCCCCCCC","1"
"PC(P-18:1(11Z)/18:0)","PC(P-18:1(11Z)/18:0)","HMDB0011274","53480739",NA,"CCCCCCCCCCCCCCCCCC(=O)O[C@H](CO/C=C\CCCCCCCC/C=C\CCCCCC)COP(=O)([O-])OCC[N+](C)(C)C","1"
"PC(P-18:1(9Z)/18:0)","PC(P-18:1(9Z)/18:0)","HMDB0011307","53480797",NA,"CCCCCCCCCCCCCCCCCC(=O)O[C@H](CO/C=C\CCCCCC/C=C\CCCCCCCC)COP(=O)([O-])OCC[N+](C)(C)C","1"
"PC(o-18:0/18:2(9Z,12Z))","PC(o-18:0/18:2(9Z,12Z))","HMDB0013418","6443070",NA,"CCCCCCCCCCCCCCCCCCOC[C@H](COP(=O)([O-])OCC[N+](C)(C)C)OC(=O)CCCCCCC/C=C\C/C=C\CCCCC","1"
"PC(o-18:1(9Z)/18:1(11Z))","PC(o-18:1(9Z)/18:1(11Z))","HMDB0013428","53481725",NA,"CCCCCCCC/C=C\CCCCCCCCOC[C@H](COP(=O)([O-])OCC[N+](C)(C)C)OC(=O)CCCCCCCCC/C=C\CCCCCC","1"
"PG(18:0/20:3(5Z,8Z,11Z))","PG(18:0/20:3(5Z,8Z,11Z))","HMDB0010608","53480611",NA,"CCCCCCCCCCCCCCCCCC(=O)OC[C@H](COP(=O)(O)OC[C@H](CO)O)OC(=O)CCC/C=C\C/C=C\C/C=C\CCCCCCCC","1"
"PG(18:0/20:3(8Z,11Z,14Z))","PG(18:0/20:3(8Z,11Z,14Z))","HMDB0010609","52927150",NA,"CCCCCCCCCCCCCCCCCC(=O)OC[C@H](COP(=O)(O)OC[C@H](CO)O)OC(=O)CCCCCC/C=C\C/C=C\C/C=C\CCCCC","1"
"PI(16:0/16:0)","PI(16:0/16:0)","HMDB0009778","24779556","C00626","[H][C@@](COC(=O)CCCCCCCCCCCCCCC)(COP(O)(=O)O[C@H]1C(O)C(O)C(O)[C@@H](O)C1O)OC(=O)CCCCCCCCCCCCCCC","1"
"PG(18:0/22:5(4Z,7Z,10Z,13Z,16Z))","PG(18:0/22:5(4Z,7Z,10Z,13Z,16Z))","HMDB0010612","53480612",NA,"CCCCCCCCCCCCCCCCCC(=O)OC[C@H](COP(=O)(O)OC[C@H](CO)O)OC(=O)CC/C=C\C/C=C\C/C=C\C/C=C\C/C=C\CCCCC","1"
"PG(18:0/22:5(7Z,10Z,13Z,16Z,19Z))","PG(18:0/22:5(7Z,10Z,13Z,16Z,19Z))","HMDB0010613","53480613",NA,"CCCCCCCCCCCCCCCCCC(=O)OC[C@H](COP(=O)(O)OC[C@H](CO)O)OC(=O)CCCCC/C=C\C/C=C\C/C=C\C/C=C\C/C=C\CC","1"
"PG(18:1(11Z)/22:4(7Z,10Z,13Z,16Z))","PG(18:1(11Z)/22:4(7Z,10Z,13Z,16Z))","HMDB0010626","53480625",NA,"CCCCCC/C=C\CCCCCCCCCC(=O)OC[C@H](COP(=O)(O)OC[C@H](CO)O)OC(=O)CCCCC/C=C\C/C=C\C/C=C\C/C=C\CCCCC","1"
"PG(18:1(9Z)/22:4(7Z,10Z,13Z,16Z))","PG(18:1(9Z)/22:4(7Z,10Z,13Z,16Z))","HMDB0010641","52926604",NA,"CCCCCCCC/C=C\CCCCCCCC(=O)OC[C@H](COP(=O)(O)OC[C@H](CO)O)OC(=O)CCCCC/C=C\C/C=C\C/C=C\C/C=C\CCCCC","1"
"PG(18:0/22:4(7Z,10Z,13Z,16Z))","PG(18:0/22:4(7Z,10Z,13Z,16Z))","HMDB0010611","52927148",NA,"CCCCCCCCCCCCCCCCCC(=O)OC[C@H](COP(=O)(O)OC[C@H](CO)O)OC(=O)CCCCC/C=C\C/C=C\C/C=C\C/C=C\CCCCC","1"
"PC(16:0/22:4(7Z,10Z,13Z,16Z))","PC(16:0/22:4(7Z,10Z,13Z,16Z))","HMDB0007988","24778732","C00157","CCCCCCCCCCCCCCCC(=O)OC[C@H](COP(=O)([O-])OCC[N+](C)(C)C)OC(=O)CCCCC/C=C\C/C=C\C/C=C\C/C=C\CCCCC","1"
"PC(18:0/20:4(5Z,8Z,11Z,14Z))","PC(18:0/20:4(5Z,8Z,11Z,14Z))","HMDB0008048","16219824","C00157","CCCCCCCCCCCCCCCCCC(=O)OC[C@H](COP(=O)([O-])OCC[N+](C)(C)C)OC(=O)CCC/C=C\C/C=C\C/C=C\C/C=C\CCCCC","1"
"PC(18:0/20:4(8Z,11Z,14Z,17Z))","PC(18:0/20:4(8Z,11Z,14Z,17Z))","HMDB0008049","53478701","C00157","CCCCCCCCCCCCCCCCCC(=O)OC[C@H](COP(=O)([O-])OCC[N+](C)(C)C)OC(=O)CCCCCC/C=C\C/C=C\C/C=C\C/C=C\CC","1"
"PC(18:1(11Z)/20:3(5Z,8Z,11Z))","PC(18:1(11Z)/20:3(5Z,8Z,11Z))","HMDB0008079","53478737","C00157","CCCCCCCC/C=C\C/C=C\C/C=C\CCCC(=O)O[C@H](COC(=O)CCCCCCCCC/C=C\CCCCCC)COP(=O)([O-])OCC[N+](C)(C)C","1"
"PC(18:1(11Z)/20:3(8Z,11Z,14Z))","PC(18:1(11Z)/20:3(8Z,11Z,14Z))","HMDB0008080","53478739","C00157","CCCCCC/C=C\CCCCCCCCCC(=O)OC[C@H](COP(=O)([O-])OCC[N+](C)(C)C)OC(=O)CCCCCC/C=C\C/C=C\C/C=C\CCCCC","1"
"PC(18:1(9Z)/20:3(5Z,8Z,11Z))","PC(18:1(9Z)/20:3(5Z,8Z,11Z))","HMDB0008112","24778947","C00157","CCCCCCCC/C=C\CCCCCCCC(=O)OC[C@H](COP(=O)([O-])OCC[N+](C)(C)C)OC(=O)CCC/C=C\C/C=C\C/C=C\CCCCCCCC","1"
"PC(18:1(9Z)/20:3(8Z,11Z,14Z))","PC(18:1(9Z)/20:3(8Z,11Z,14Z))","HMDB0008113","52922697","C00157","CCCCCCCC/C=C\CCCCCCCC(=O)OC[C@H](COP(=O)([O-])OCC[N+](C)(C)C)OC(=O)CCCCCC/C=C\C/C=C\C/C=C\CCCCC","1"
"PC(18:2(9Z,12Z)/20:2(11Z,14Z))","PC(18:2(9Z,12Z)/20:2(11Z,14Z))","HMDB0008145","52922743","C00157","CCCCC/C=C\C/C=C\CCCCCCCCCC(=O)O[C@H](COC(=O)CCCCCCC/C=C\C/C=C\CCCCC)COP(=O)([O-])OCC[N+](C)(C)C","1"
"PC(18:3(6Z,9Z,12Z)/20:1(11Z))","PC(18:3(6Z,9Z,12Z)/20:1(11Z))","HMDB0008176","52922799","C00157","CCCCCCCC/C=C\CCCCCCCCCC(=O)O[C@H](COC(=O)CCCC/C=C\C/C=C\C/C=C\CCCCC)COP(=O)([O-])OCC[N+](C)(C)C","1"
"PC(18:3(9Z,12Z,15Z)/20:1(11Z))","PC(18:3(9Z,12Z,15Z)/20:1(11Z))","HMDB0008209","52922857","C00157","CCCCCCCC/C=C\CCCCCCCCCC(=O)O[C@H](COC(=O)CCCCCCC/C=C\C/C=C\C/C=C\CC)COP(=O)([O-])OCC[N+](C)(C)C","1"
"PC(18:4(6Z,9Z,12Z,15Z)/20:0)","PC(18:4(6Z,9Z,12Z,15Z)/20:0)","HMDB0008241","52922917","C00157","CCCCCCCCCCCCCCCCCCCC(=O)O[C@H](COC(=O)CCCC/C=C\C/C=C\C/C=C\C/C=C\CC)COP(=O)([O-])OCC[N+](C)(C)C","1"
"PC(20:0/18:4(6Z,9Z,12Z,15Z))","PC(20:0/18:4(6Z,9Z,12Z,15Z))","HMDB0008273","52923071","C00157","CCCCCCCCCCCCCCCCCCCC(=O)OC[C@H](COP(=O)([O-])OCC[N+](C)(C)C)OC(=O)CCCC/C=C\C/C=C\C/C=C\C/C=C\CC","1"
"PC(20:1(11Z)/18:3(6Z,9Z,12Z))","PC(20:1(11Z)/18:3(6Z,9Z,12Z))","HMDB0008304","52923117","C00157","CCCCCCCC/C=C\CCCCCCCCCC(=O)OC[C@H](COP(=O)([O-])OCC[N+](C)(C)C)OC(=O)CCCC/C=C\C/C=C\C/C=C\CCCCC","1"
"PC(20:1(11Z)/18:3(9Z,12Z,15Z))","PC(20:1(11Z)/18:3(9Z,12Z,15Z))","HMDB0008305","52923119","C00157","CCCCCCCC/C=C\CCCCCCCCCC(=O)OC[C@H](COP(=O)([O-])OCC[N+](C)(C)C)OC(=O)CCCCCCC/C=C\C/C=C\C/C=C\CC","1"
"PC(20:2(11Z,14Z)/18:2(9Z,12Z))","PC(20:2(11Z,14Z)/18:2(9Z,12Z))","HMDB0008336","52923175","C00157","CCCCC/C=C\C/C=C\CCCCCCCCCC(=O)OC[C@H](COP(=O)([O-])OCC[N+](C)(C)C)OC(=O)CCCCCCC/C=C\C/C=C\CCCCC","1"
"PC(20:3(5Z,8Z,11Z)/18:1(11Z))","PC(20:3(5Z,8Z,11Z)/18:1(11Z))","HMDB0008367","53478955","C00157","CCCCCCCC/C=C\C/C=C\C/C=C\CCCC(=O)OC[C@H](COP(=O)([O-])OCC[N+](C)(C)C)OC(=O)CCCCCCCCC/C=C\CCCCCC","1"
"PC(20:3(5Z,8Z,11Z)/18:1(9Z))","PC(20:3(5Z,8Z,11Z)/18:1(9Z))","HMDB0008368","53478957","C00157","CCCCCCCC/C=C\CCCCCCCC(=O)O[C@H](COC(=O)CCC/C=C\C/C=C\C/C=C\CCCCCCCC)COP(=O)([O-])OCC[N+](C)(C)C","1"
"PC(20:3(8Z,11Z,14Z)/18:1(11Z))","PC(20:3(8Z,11Z,14Z)/18:1(11Z))","HMDB0008400","53479009","C00157","CCCCCC/C=C\CCCCCCCCCC(=O)O[C@H](COC(=O)CCCCCC/C=C\C/C=C\C/C=C\CCCCC)COP(=O)([O-])OCC[N+](C)(C)C","1"
"PC(20:3(8Z,11Z,14Z)/18:1(9Z))","PC(20:3(8Z,11Z,14Z)/18:1(9Z))","HMDB0008401","52923233","C00157","CCCCCCCC/C=C\CCCCCCCC(=O)O[C@H](COC(=O)CCCCCC/C=C\C/C=C\C/C=C\CCCCC)COP(=O)([O-])OCC[N+](C)(C)C","1"
"PC(20:4(5Z,8Z,11Z,14Z)/18:0)","PC(20:4(5Z,8Z,11Z,14Z)/18:0)","HMDB0008431","52923291","C00157","CCCCCCCCCCCCCCCCCC(=O)O[C@H](COC(=O)CCC/C=C\C/C=C\C/C=C\C/C=C\CCCCC)COP(=O)([O-])OCC[N+](C)(C)C","1"
"PC(20:4(8Z,11Z,14Z,17Z)/18:0)","PC(20:4(8Z,11Z,14Z,17Z)/18:0)","HMDB0008464","53479067","C00157","CCCCCCCCCCCCCCCCCC(=O)O[C@H](COC(=O)CCCCCC/C=C\C/C=C\C/C=C\C/C=C\CC)COP(=O)([O-])OCC[N+](C)(C)C","1"
"PC(22:4(7Z,10Z,13Z,16Z)/16:0)","PC(22:4(7Z,10Z,13Z,16Z)/16:0)","HMDB0008626","52923621","C00157","CCCCCCCCCCCCCCCC(=O)O[C@H](COC(=O)CCCCC/C=C\C/C=C\C/C=C\C/C=C\CCCCC)COP(=O)([O-])OCC[N+](C)(C)C","1"
"Galabiosylceramide (d18:1/16:0)","Galabiosylceramide (d18:1/16:0)","HMDB0004833","20057274","C06126","CCCCCCCCCCCCCCCC(=O)NC(CO[C@H]1[C@@H]([C@H]([C@H]([C@H](O1)CO)O[C@@H]2[C@@H]([C@H]([C@H]([C@H](O2)CO)O)O)O)O)O)C(/C=C\CCCCCCCCCCCCC)O","1"
"Lactosylceramide (d18:1/16:0)","Lactosylceramide (d18:1/16:0)","HMDB0006750","53477895","C01290","CCCCCCCCCCCCCCCC(=O)N[C@@H](CO[C@H]1[C@@H]([C@H]([C@@H]([C@H](O1)CO)O[C@H]2[C@@H]([C@H]([C@H]([C@H](O2)CO)O)O)O)O)O)[C@@H](/C=C/CCCCCCCCCCCCC)O","1"
"PI(16:0/20:2(11Z,14Z))","PI(16:0/20:2(11Z,14Z))","HMDB0009786",NA,"C00626","[H][C@@](COC(=O)CCCCCCCCCCCCCCC)(COP(O)(=O)O[C@H]1C(O)C(O)C(O)[C@@H](O)C1O)OC(=O)CCCCCCCCC\C=C/C\C=C/CCCCC","1"
"PI(18:0/18:2(9Z,12Z))","PI(18:0/18:2(9Z,12Z))","HMDB0009809",NA,"C00626","[H][C@@](COC(=O)CCCCCCCCCCCCCCCCC)(COP(O)(=O)O[C@H]1C(O)C(O)C(O)[C@@H](O)C1O)OC(=O)CCCCCCC\C=C/C\C=C/CCCCC","1"
"PI(18:1(11Z)/18:1(11Z))","PI(18:1(11Z)/18:1(11Z))","HMDB0009824",NA,"C00626","[H][C@@](COC(=O)CCCCCCCCC\C=C/CCCCCC)(COP(O)(=O)O[C@H]1C(O)C(O)C(O)[C@@H](O)C1O)OC(=O)CCCCCCCCC\C=C/CCCCCC","1"
"PI(18:1(11Z)/18:1(9Z))","PI(18:1(11Z)/18:1(9Z))","HMDB0009825",NA,"C00626","[H][C@@](COC(=O)CCCCCCCCC\C=C/CCCCCC)(COP(O)(=O)O[C@H]1C(O)C(O)C(O)[C@@H](O)C1O)OC(=O)CCCCCCC\C=C/CCCCCCCC","1"
"PI(18:1(9Z)/18:1(11Z))","PI(18:1(9Z)/18:1(11Z))","HMDB0009836",NA,"C00626","[H][C@@](COC(=O)CCCCCCC\C=C/CCCCCCCC)(COP(O)(=O)O[C@H]1C(O)C(O)C(O)[C@@H](O)C1O)OC(=O)CCCCCCCCC\C=C/CCCCCC","1"
"PI(18:1(9Z)/18:1(9Z))","PI(18:1(9Z)/18:1(9Z))","HMDB0009837",NA,"C00626","[H][C@@](COC(=O)CCCCCCC\C=C/CCCCCCCC)(COP(O)(=O)O[C@H]1C(O)C(O)C(O)[C@@H](O)C1O)OC(=O)CCCCCCC\C=C/CCCCCCCC","1"
"PI(18:2(9Z,12Z)/18:0)","PI(18:2(9Z,12Z)/18:0)","HMDB0009847",NA,"C00626","[H][C@@](COC(=O)CCCCCCC\C=C/C\C=C/CCCCC)(COP(O)(=O)O[C@H]1C(O)C(O)C(O)[C@@H](O)C1O)OC(=O)CCCCCCCCCCCCCCCCC","1"
"PI(20:2(11Z,14Z)/16:0)","PI(20:2(11Z,14Z)/16:0)","HMDB0009875",NA,"C00626","[H][C@@](COC(=O)CCCCCCCCC\C=C/C\C=C/CCCCC)(COP(O)(=O)O[C@H]1C(O)C(O)C(O)[C@@H](O)C1O)OC(=O)CCCCCCCCCCCCCCC","1"
