"","Total","Expected","Hits","Raw p","-log10(p)","Holm adjust","FDR","Impact"
"Glycerophospholipid metabolism",36,0.60387,4,0.0025477,2.5939,0.21401,0.19169,0.35618
"Sphingolipid metabolism",21,0.35226,3,0.0045641,2.3406,0.37882,0.19169,0.06288
"Linoleic acid metabolism",5,0.083871,1,0.081205,1.0904,1,1,0
"alpha-Linolenic acid metabolism",13,0.21806,1,0.1981,0.7031,1,1,0
"Glycosylphosphatidylinositol (GPI)-anchor biosynthesis",14,0.23484,1,0.21167,0.67434,1,1,0.00399
"Glycerolipid metabolism",16,0.26839,1,0.23814,0.62317,1,1,0.01246
"Histidine metabolism",16,0.26839,1,0.23814,0.62317,1,1,0.09016
"Pentose and glucuronate interconversions",18,0.30194,1,0.26376,0.5788,1,1,0.14062
"Citrate cycle (TCA cycle)",20,0.33548,1,0.28854,0.53979,1,1,0.04412
"Ether lipid metabolism",20,0.33548,1,0.28854,0.53979,1,1,0.14458
"Purine metabolism",65,1.0903,2,0.29824,0.52544,1,1,0.04205
"beta-Alanine metabolism",21,0.35226,1,0.30063,0.52196,1,1,0.05597
"Pyruvate metabolism",22,0.36903,1,0.31252,0.50512,1,1,0.0311
"Folate biosynthesis",27,0.4529,1,0.36913,0.43282,1,1,0
"Alanine, aspartate and glutamate metabolism",28,0.46968,1,0.3799,0.42033,1,1,0
"Phosphatidylinositol signaling system",28,0.46968,1,0.3799,0.42033,1,1,0.00152
"Glyoxylate and dicarboxylate metabolism",32,0.53677,1,0.42124,0.37547,1,1,0
"Arachidonic acid metabolism",36,0.60387,1,0.45992,0.33732,1,1,0
"Pyrimidine metabolism",39,0.65419,1,0.48729,0.31222,1,1,0.0256
