"Query","Match","HMDB","PubChem","KEGG","SMILES","Comment"
"2-O-a-L-Fucopyranosyl-galactose","2-O-a-L-Fucopyranosyl-galactose","HMDB0006590","9548873",NA,"C[C@H]1[C@H]([C@H]([C@@H]([C@@H](O1)O[C@@H](C=O)[C@H]([C@H]([C@@H](CO)O)O)O)O)O)O","1"
"3-O-a-L-Fucopyranosyl-D-glucose","3-O-a-L-Fucopyranosyl-D-glucose","HMDB0006701","53477882",NA,"CC1C(C([C@@H]([C@@H](O1)OC([C@H](C=O)O)[C@@H](C(CO)O)O)O)O)O","1"
"PS(18:3(9Z,12Z,15Z)/22:6(4Z,7Z,10Z,13Z,16Z,19Z))","PS(18:3(9Z,12Z,15Z)/22:6(4Z,7Z,10Z,13Z,16Z,19Z))","HMDB0012417","52925534",NA,"CC/C=C\C/C=C\C/C=C\CCCCCCCC(=O)OC[C@H](COP(=O)(O)OC[C@@H](C(=O)O)N)OC(=O)CC/C=C\C/C=C\C/C=C\C/C=C\C/C=C\C/C=C\CC","1"
"PS(22:6(4Z,7Z,10Z,13Z,16Z,19Z)/18:3(9Z,12Z,15Z))","PS(22:6(4Z,7Z,10Z,13Z,16Z,19Z)/18:3(9Z,12Z,15Z))","HMDB0012447","52925941",NA,"CC/C=C\C/C=C\C/C=C\CCCCCCCC(=O)O[C@H](COC(=O)CC/C=C\C/C=C\C/C=C\C/C=C\C/C=C\C/C=C\CC)COP(=O)(O)OC[C@@H](C(=O)O)N","1"
"PC(16:0/22:4(7Z,10Z,13Z,16Z))","PC(16:0/22:4(7Z,10Z,13Z,16Z))","HMDB0007988","24778732","C00157","CCCCCCCCCCCCCCCC(=O)OC[C@H](COP(=O)([O-])OCC[N+](C)(C)C)OC(=O)CCCCC/C=C\C/C=C\C/C=C\C/C=C\CCCCC","1"
"PC(18:0/20:4(5Z,8Z,11Z,14Z))","PC(18:0/20:4(5Z,8Z,11Z,14Z))","HMDB0008048","16219824","C00157","CCCCCCCCCCCCCCCCCC(=O)OC[C@H](COP(=O)([O-])OCC[N+](C)(C)C)OC(=O)CCC/C=C\C/C=C\C/C=C\C/C=C\CCCCC","1"
"PC(18:0/20:4(8Z,11Z,14Z,17Z))","PC(18:0/20:4(8Z,11Z,14Z,17Z))","HMDB0008049","53478701","C00157","CCCCCCCCCCCCCCCCCC(=O)OC[C@H](COP(=O)([O-])OCC[N+](C)(C)C)OC(=O)CCCCCC/C=C\C/C=C\C/C=C\C/C=C\CC","1"
"PC(18:1(11Z)/20:3(5Z,8Z,11Z))","PC(18:1(11Z)/20:3(5Z,8Z,11Z))","HMDB0008079","53478737","C00157","CCCCCCCC/C=C\C/C=C\C/C=C\CCCC(=O)O[C@H](COC(=O)CCCCCCCCC/C=C\CCCCCC)COP(=O)([O-])OCC[N+](C)(C)C","1"
"PC(18:1(11Z)/20:3(8Z,11Z,14Z))","PC(18:1(11Z)/20:3(8Z,11Z,14Z))","HMDB0008080","53478739","C00157","CCCCCC/C=C\CCCCCCCCCC(=O)OC[C@H](COP(=O)([O-])OCC[N+](C)(C)C)OC(=O)CCCCCC/C=C\C/C=C\C/C=C\CCCCC","1"
"PC(18:1(9Z)/20:3(5Z,8Z,11Z))","PC(18:1(9Z)/20:3(5Z,8Z,11Z))","HMDB0008112","24778947","C00157","CCCCCCCC/C=C\CCCCCCCC(=O)OC[C@H](COP(=O)([O-])OCC[N+](C)(C)C)OC(=O)CCC/C=C\C/C=C\C/C=C\CCCCCCCC","1"
"PC(18:1(9Z)/20:3(8Z,11Z,14Z))","PC(18:1(9Z)/20:3(8Z,11Z,14Z))","HMDB0008113","52922697","C00157","CCCCCCCC/C=C\CCCCCCCC(=O)OC[C@H](COP(=O)([O-])OCC[N+](C)(C)C)OC(=O)CCCCCC/C=C\C/C=C\C/C=C\CCCCC","1"
"PC(18:2(9Z,12Z)/20:2(11Z,14Z))","PC(18:2(9Z,12Z)/20:2(11Z,14Z))","HMDB0008145","52922743","C00157","CCCCC/C=C\C/C=C\CCCCCCCCCC(=O)O[C@H](COC(=O)CCCCCCC/C=C\C/C=C\CCCCC)COP(=O)([O-])OCC[N+](C)(C)C","1"
"PC(18:3(6Z,9Z,12Z)/20:1(11Z))","PC(18:3(6Z,9Z,12Z)/20:1(11Z))","HMDB0008176","52922799","C00157","CCCCCCCC/C=C\CCCCCCCCCC(=O)O[C@H](COC(=O)CCCC/C=C\C/C=C\C/C=C\CCCCC)COP(=O)([O-])OCC[N+](C)(C)C","1"
"PC(18:3(9Z,12Z,15Z)/20:1(11Z))","PC(18:3(9Z,12Z,15Z)/20:1(11Z))","HMDB0008209","52922857","C00157","CCCCCCCC/C=C\CCCCCCCCCC(=O)O[C@H](COC(=O)CCCCCCC/C=C\C/C=C\C/C=C\CC)COP(=O)([O-])OCC[N+](C)(C)C","1"
"PC(18:4(6Z,9Z,12Z,15Z)/20:0)","PC(18:4(6Z,9Z,12Z,15Z)/20:0)","HMDB0008241","52922917","C00157","CCCCCCCCCCCCCCCCCCCC(=O)O[C@H](COC(=O)CCCC/C=C\C/C=C\C/C=C\C/C=C\CC)COP(=O)([O-])OCC[N+](C)(C)C","1"
"PC(20:0/18:4(6Z,9Z,12Z,15Z))","PC(20:0/18:4(6Z,9Z,12Z,15Z))","HMDB0008273","52923071","C00157","CCCCCCCCCCCCCCCCCCCC(=O)OC[C@H](COP(=O)([O-])OCC[N+](C)(C)C)OC(=O)CCCC/C=C\C/C=C\C/C=C\C/C=C\CC","1"
"PC(20:1(11Z)/18:3(6Z,9Z,12Z))","PC(20:1(11Z)/18:3(6Z,9Z,12Z))","HMDB0008304","52923117","C00157","CCCCCCCC/C=C\CCCCCCCCCC(=O)OC[C@H](COP(=O)([O-])OCC[N+](C)(C)C)OC(=O)CCCC/C=C\C/C=C\C/C=C\CCCCC","1"
"PC(20:1(11Z)/18:3(9Z,12Z,15Z))","PC(20:1(11Z)/18:3(9Z,12Z,15Z))","HMDB0008305","52923119","C00157","CCCCCCCC/C=C\CCCCCCCCCC(=O)OC[C@H](COP(=O)([O-])OCC[N+](C)(C)C)OC(=O)CCCCCCC/C=C\C/C=C\C/C=C\CC","1"
"PC(20:2(11Z,14Z)/18:2(9Z,12Z))","PC(20:2(11Z,14Z)/18:2(9Z,12Z))","HMDB0008336","52923175","C00157","CCCCC/C=C\C/C=C\CCCCCCCCCC(=O)OC[C@H](COP(=O)([O-])OCC[N+](C)(C)C)OC(=O)CCCCCCC/C=C\C/C=C\CCCCC","1"
"PC(20:3(5Z,8Z,11Z)/18:1(11Z))","PC(20:3(5Z,8Z,11Z)/18:1(11Z))","HMDB0008367","53478955","C00157","CCCCCCCC/C=C\C/C=C\C/C=C\CCCC(=O)OC[C@H](COP(=O)([O-])OCC[N+](C)(C)C)OC(=O)CCCCCCCCC/C=C\CCCCCC","1"
"PC(20:3(5Z,8Z,11Z)/18:1(9Z))","PC(20:3(5Z,8Z,11Z)/18:1(9Z))","HMDB0008368","53478957","C00157","CCCCCCCC/C=C\CCCCCCCC(=O)O[C@H](COC(=O)CCC/C=C\C/C=C\C/C=C\CCCCCCCC)COP(=O)([O-])OCC[N+](C)(C)C","1"
"PC(20:3(8Z,11Z,14Z)/18:1(11Z))","PC(20:3(8Z,11Z,14Z)/18:1(11Z))","HMDB0008400","53479009","C00157","CCCCCC/C=C\CCCCCCCCCC(=O)O[C@H](COC(=O)CCCCCC/C=C\C/C=C\C/C=C\CCCCC)COP(=O)([O-])OCC[N+](C)(C)C","1"
"PC(20:3(8Z,11Z,14Z)/18:1(9Z))","PC(20:3(8Z,11Z,14Z)/18:1(9Z))","HMDB0008401","52923233","C00157","CCCCCCCC/C=C\CCCCCCCC(=O)O[C@H](COC(=O)CCCCCC/C=C\C/C=C\C/C=C\CCCCC)COP(=O)([O-])OCC[N+](C)(C)C","1"
"PC(20:4(5Z,8Z,11Z,14Z)/18:0)","PC(20:4(5Z,8Z,11Z,14Z)/18:0)","HMDB0008431","52923291","C00157","CCCCCCCCCCCCCCCCCC(=O)O[C@H](COC(=O)CCC/C=C\C/C=C\C/C=C\C/C=C\CCCCC)COP(=O)([O-])OCC[N+](C)(C)C","1"
"PC(20:4(8Z,11Z,14Z,17Z)/18:0)","PC(20:4(8Z,11Z,14Z,17Z)/18:0)","HMDB0008464","53479067","C00157","CCCCCCCCCCCCCCCCCC(=O)O[C@H](COC(=O)CCCCCC/C=C\C/C=C\C/C=C\C/C=C\CC)COP(=O)([O-])OCC[N+](C)(C)C","1"
"PC(22:4(7Z,10Z,13Z,16Z)/16:0)","PC(22:4(7Z,10Z,13Z,16Z)/16:0)","HMDB0008626","52923621","C00157","CCCCCCCCCCCCCCCC(=O)O[C@H](COC(=O)CCCCC/C=C\C/C=C\C/C=C\C/C=C\CCCCC)COP(=O)([O-])OCC[N+](C)(C)C","1"
"9,12,13-TriHOME","9,12,13-TriHOME","HMDB0004708","9858729","C14833","CCCCC[C@@H]([C@H](/C=C/[C@H](CCCCCCCC(=O)O)O)O)O","1"
"9,10,13-TriHOME","9,10,13-TriHOME","HMDB0004710","14968868","C14835","CCCCC[C@@H](/C=C/[C@H]([C@H](CCCCCCCC(=O)O)O)O)O","1"
"PC(18:0/22:6(4Z,7Z,10Z,13Z,16Z,19Z))","PC(18:0/22:6(4Z,7Z,10Z,13Z,16Z,19Z))","HMDB0008057","24778876","C00157","CCCCCCCCCCCCCCCCCC(=O)OC[C@H](COP(=O)([O-])OCC[N+](C)(C)C)OC(=O)CC/C=C\C/C=C\C/C=C\C/C=C\C/C=C\C/C=C\CC","1"
"PC(18:1(11Z)/22:5(4Z,7Z,10Z,13Z,16Z))","PC(18:1(11Z)/22:5(4Z,7Z,10Z,13Z,16Z))","HMDB0008088","53478751","C00157","CCCCCC/C=C\CCCCCCCCCC(=O)OC[C@H](COP(=O)([O-])OCC[N+](C)(C)C)OC(=O)CC/C=C\C/C=C\C/C=C\C/C=C\C/C=C\CCCCC","1"
"PC(18:1(11Z)/22:5(7Z,10Z,13Z,16Z,19Z))","PC(18:1(11Z)/22:5(7Z,10Z,13Z,16Z,19Z))","HMDB0008089","24778900","C00157","CCCCCC/C=C\CCCCCCCCCC(=O)OC[C@H](COP(=O)([O-])OCC[N+](C)(C)C)OC(=O)CCCCC/C=C\C/C=C\C/C=C\C/C=C\C/C=C\CC","1"
"PC(18:1(9Z)/22:5(4Z,7Z,10Z,13Z,16Z))","PC(18:1(9Z)/22:5(4Z,7Z,10Z,13Z,16Z))","HMDB0008121","53478771","C00157","CCCCCCCC/C=C\CCCCCCCC(=O)OC[C@H](COP(=O)([O-])OCC[N+](C)(C)C)OC(=O)CC/C=C\C/C=C\C/C=C\C/C=C\C/C=C\CCCCC","1"
"PC(18:1(9Z)/22:5(7Z,10Z,13Z,16Z,19Z))","PC(18:1(9Z)/22:5(7Z,10Z,13Z,16Z,19Z))","HMDB0008122","53478773","C00157","CCCCCCCC/C=C\CCCCCCCC(=O)OC[C@H](COP(=O)([O-])OCC[N+](C)(C)C)OC(=O)CCCCC/C=C\C/C=C\C/C=C\C/C=C\C/C=C\CC","1"
"PC(18:2(9Z,12Z)/22:4(7Z,10Z,13Z,16Z))","PC(18:2(9Z,12Z)/22:4(7Z,10Z,13Z,16Z))","HMDB0008153","52922757","C00157","CCCCC/C=C\C/C=C\CCCCCCCC(=O)OC[C@H](COP(=O)([O-])OCC[N+](C)(C)C)OC(=O)CCCCC/C=C\C/C=C\C/C=C\C/C=C\CCCCC","1"
"PC(18:4(6Z,9Z,12Z,15Z)/22:2(13Z,16Z))","PC(18:4(6Z,9Z,12Z,15Z)/22:2(13Z,16Z))","HMDB0008251","52922935","C00157","CCCCC/C=C\C/C=C\CCCCCCCCCCCC(=O)O[C@H](COC(=O)CCCC/C=C\C/C=C\C/C=C\C/C=C\CC)COP(=O)([O-])OCC[N+](C)(C)C","1"
"PC(20:1(11Z)/20:5(5Z,8Z,11Z,14Z,17Z))","PC(20:1(11Z)/20:5(5Z,8Z,11Z,14Z,17Z))","HMDB0008314","52923135","C00157","CCCCCCCC/C=C\CCCCCCCCCC(=O)OC[C@H](COP(=O)([O-])OCC[N+](C)(C)C)OC(=O)CCC/C=C\C/C=C\C/C=C\C/C=C\C/C=C\CC","1"
"PC(20:2(11Z,14Z)/20:4(5Z,8Z,11Z,14Z))","PC(20:2(11Z,14Z)/20:4(5Z,8Z,11Z,14Z))","HMDB0008345","52923195","C00157","CCCCC/C=C\C/C=C\CCCCCCCCCC(=O)OC[C@H](COP(=O)([O-])OCC[N+](C)(C)C)OC(=O)CCC/C=C\C/C=C\C/C=C\C/C=C\CCCCC","1"
"PC(20:2(11Z,14Z)/20:4(8Z,11Z,14Z,17Z))","PC(20:2(11Z,14Z)/20:4(8Z,11Z,14Z,17Z))","HMDB0008346","53478923","C00157","CCCCC/C=C\C/C=C\CCCCCCCCCC(=O)OC[C@H](COP(=O)([O-])OCC[N+](C)(C)C)OC(=O)CCCCCC/C=C\C/C=C\C/C=C\C/C=C\CC","1"
"PC(20:3(5Z,8Z,11Z)/20:3(5Z,8Z,11Z))","PC(20:3(5Z,8Z,11Z)/20:3(5Z,8Z,11Z))","HMDB0008376","53478973","C00157","CCCCCCCC/C=C\C/C=C\C/C=C\CCCC(=O)OC[C@H](COP(=O)([O-])OCC[N+](C)(C)C)OC(=O)CCC/C=C\C/C=C\C/C=C\CCCCCCCC","1"
"PC(20:3(5Z,8Z,11Z)/20:3(8Z,11Z,14Z))","PC(20:3(5Z,8Z,11Z)/20:3(8Z,11Z,14Z))","HMDB0008377","53478975","C00157","CCCCCCCC/C=C\C/C=C\C/C=C\CCCC(=O)OC[C@H](COP(=O)([O-])OCC[N+](C)(C)C)OC(=O)CCCCCC/C=C\C/C=C\C/C=C\CCCCC","1"
"PC(20:3(8Z,11Z,14Z)/20:3(5Z,8Z,11Z))","PC(20:3(8Z,11Z,14Z)/20:3(5Z,8Z,11Z))","HMDB0008408","53479011","C00157","CCCCCCCC/C=C\C/C=C\C/C=C\CCCC(=O)O[C@H](COC(=O)CCCCCC/C=C\C/C=C\C/C=C\CCCCC)COP(=O)([O-])OCC[N+](C)(C)C","1"
"PC(20:3(8Z,11Z,14Z)/20:3(8Z,11Z,14Z))","PC(20:3(8Z,11Z,14Z)/20:3(8Z,11Z,14Z))","HMDB0008409","52923253","C00157","CCCCC/C=C\C/C=C\C/C=C\CCCCCCC(=O)OC[C@H](COP(=O)([O-])OCC[N+](C)(C)C)OC(=O)CCCCCC/C=C\C/C=C\C/C=C\CCCCC","1"
"PC(20:4(5Z,8Z,11Z,14Z)/20:2(11Z,14Z))","PC(20:4(5Z,8Z,11Z,14Z)/20:2(11Z,14Z))","HMDB0008440","52923311","C00157","CCCCC/C=C\C/C=C\CCCCCCCCCC(=O)O[C@H](COC(=O)CCC/C=C\C/C=C\C/C=C\C/C=C\CCCCC)COP(=O)([O-])OCC[N+](C)(C)C","1"
"PC(20:4(8Z,11Z,14Z,17Z)/20:2(11Z,14Z))","PC(20:4(8Z,11Z,14Z,17Z)/20:2(11Z,14Z))","HMDB0008473","53479085","C00157","CCCCC/C=C\C/C=C\CCCCCCCCCC(=O)O[C@H](COC(=O)CCCCCC/C=C\C/C=C\C/C=C\C/C=C\CC)COP(=O)([O-])OCC[N+](C)(C)C","1"
"PC(20:5(5Z,8Z,11Z,14Z,17Z)/20:1(11Z))","PC(20:5(5Z,8Z,11Z,14Z,17Z)/20:1(11Z))","HMDB0008505","52923367","C00157","CCCCCCCC/C=C\CCCCCCCCCC(=O)O[C@H](COC(=O)CCC/C=C\C/C=C\C/C=C\C/C=C\C/C=C\CC)COP(=O)([O-])OCC[N+](C)(C)C","1"
"PC(22:2(13Z,16Z)/18:4(6Z,9Z,12Z,15Z))","PC(22:2(13Z,16Z)/18:4(6Z,9Z,12Z,15Z))","HMDB0008601","52923579","C00157","CCCCC/C=C\C/C=C\CCCCCCCCCCCC(=O)OC[C@H](COP(=O)([O-])OCC[N+](C)(C)C)OC(=O)CCCC/C=C\C/C=C\C/C=C\C/C=C\CC","1"
"PC(22:4(7Z,10Z,13Z,16Z)/18:2(9Z,12Z))","PC(22:4(7Z,10Z,13Z,16Z)/18:2(9Z,12Z))","HMDB0008631","52923635","C00157","CCCCC/C=C\C/C=C\CCCCCCCC(=O)O[C@H](COC(=O)CCCCC/C=C\C/C=C\C/C=C\C/C=C\CCCCC)COP(=O)([O-])OCC[N+](C)(C)C","1"
"PC(22:5(4Z,7Z,10Z,13Z,16Z)/18:1(11Z))","PC(22:5(4Z,7Z,10Z,13Z,16Z)/18:1(11Z))","HMDB0008662","53479287","C00157","CCCCCC/C=C\CCCCCCCCCC(=O)O[C@H](COC(=O)CC/C=C\C/C=C\C/C=C\C/C=C\C/C=C\CCCCC)COP(=O)([O-])OCC[N+](C)(C)C","1"
"PC(22:5(4Z,7Z,10Z,13Z,16Z)/18:1(9Z))","PC(22:5(4Z,7Z,10Z,13Z,16Z)/18:1(9Z))","HMDB0008663","53479289","C00157","CCCCCCCC/C=C\CCCCCCCC(=O)O[C@H](COC(=O)CC/C=C\C/C=C\C/C=C\C/C=C\C/C=C\CCCCC)COP(=O)([O-])OCC[N+](C)(C)C","1"
"PC(22:5(7Z,10Z,13Z,16Z,19Z)/18:1(11Z))","PC(22:5(7Z,10Z,13Z,16Z,19Z)/18:1(11Z))","HMDB0008695","53479353","C00157","CCCCCC/C=C\CCCCCCCCCC(=O)O[C@H](COC(=O)CCCCC/C=C\C/C=C\C/C=C\C/C=C\C/C=C\CC)COP(=O)([O-])OCC[N+](C)(C)C","1"
"PC(22:5(7Z,10Z,13Z,16Z,19Z)/18:1(9Z))","PC(22:5(7Z,10Z,13Z,16Z,19Z)/18:1(9Z))","HMDB0008696","53479355","C00157","CCCCCCCC/C=C\CCCCCCCC(=O)O[C@H](COC(=O)CCCCC/C=C\C/C=C\C/C=C\C/C=C\C/C=C\CC)COP(=O)([O-])OCC[N+](C)(C)C","1"
"PC(22:6(4Z,7Z,10Z,13Z,16Z,19Z)/18:0)","PC(22:6(4Z,7Z,10Z,13Z,16Z,19Z)/18:0)","HMDB0008727","52923691","C00157","CCCCCCCCCCCCCCCCCC(=O)O[C@H](COC(=O)CC/C=C\C/C=C\C/C=C\C/C=C\C/C=C\C/C=C\CC)COP(=O)([O-])OCC[N+](C)(C)C","1"
"PC(24:1(15Z)/P-18:1(11Z))","PC(24:1(15Z)/P-18:1(11Z))","HMDB0008819","53479547","C00157","CCCCCCCC/C=C\CCCCCCCCCCCCCC(=O)OCC(COP(=O)([O-])OCC[N+](C)(C)C)O/C=C\CCCCCCCC/C=C\CCCCCC","1"
"PC(24:1(15Z)/P-18:1(9Z))","PC(24:1(15Z)/P-18:1(9Z))","HMDB0008820","53479549","C00157","CCCCCCCC/C=C\CCCCCCCCCCCCCC(=O)OCC(COP(=O)([O-])OCC[N+](C)(C)C)O/C=C\CCCCCC/C=C\CCCCCCCC","1"
"PC(P-18:1(11Z)/24:1(15Z))","PC(P-18:1(11Z)/24:1(15Z))","HMDB0011297","53480785",NA,"CCCCCCCC/C=C\CCCCCCCCCCCCCC(=O)O[C@H](CO/C=C\CCCCCCCC/C=C\CCCCCC)COP(=O)([O-])OCC[N+](C)(C)C","1"
"PC(P-18:1(9Z)/24:1(15Z))","PC(P-18:1(9Z)/24:1(15Z))","HMDB0011330","53480843",NA,"CCCCCCCC/C=C\CCCCCCCCCCCCCC(=O)O[C@H](CO/C=C\CCCCCC/C=C\CCCCCCCC)COP(=O)([O-])OCC[N+](C)(C)C","1"
"PC(o-24:0/18:3(6Z,9Z,12Z))","PC(o-24:0/18:3(6Z,9Z,12Z))","HMDB0013458","53481771",NA,"CCCCCCCCCCCCCCCCCCCCCCCCOC[C@H](COP(=O)([O-])OCC[N+](C)(C)C)OC(=O)CCCC/C=C\C/C=C\C/C=C\CCCCC","1"
"PC(o-24:0/18:3(9Z,12Z,15Z))","PC(o-24:0/18:3(9Z,12Z,15Z))","HMDB0013459","53481773",NA,"CCCCCCCCCCCCCCCCCCCCCCCCOC[C@H](COP(=O)([O-])OCC[N+](C)(C)C)OC(=O)CCCCCCC/C=C\C/C=C\C/C=C\CC","1"
"PI(16:0/20:2(11Z,14Z))","PI(16:0/20:2(11Z,14Z))","HMDB0009786",NA,"C00626","[H][C@@](COC(=O)CCCCCCCCCCCCCCC)(COP(O)(=O)O[C@H]1C(O)C(O)C(O)[C@@H](O)C1O)OC(=O)CCCCCCCCC\C=C/C\C=C/CCCCC","1"
"PI(18:0/18:2(9Z,12Z))","PI(18:0/18:2(9Z,12Z))","HMDB0009809",NA,"C00626","[H][C@@](COC(=O)CCCCCCCCCCCCCCCCC)(COP(O)(=O)O[C@H]1C(O)C(O)C(O)[C@@H](O)C1O)OC(=O)CCCCCCC\C=C/C\C=C/CCCCC","1"
"PI(18:1(11Z)/18:1(11Z))","PI(18:1(11Z)/18:1(11Z))","HMDB0009824",NA,"C00626","[H][C@@](COC(=O)CCCCCCCCC\C=C/CCCCCC)(COP(O)(=O)O[C@H]1C(O)C(O)C(O)[C@@H](O)C1O)OC(=O)CCCCCCCCC\C=C/CCCCCC","1"
"PI(18:1(11Z)/18:1(9Z))","PI(18:1(11Z)/18:1(9Z))","HMDB0009825",NA,"C00626","[H][C@@](COC(=O)CCCCCCCCC\C=C/CCCCCC)(COP(O)(=O)O[C@H]1C(O)C(O)C(O)[C@@H](O)C1O)OC(=O)CCCCCCC\C=C/CCCCCCCC","1"
"PI(18:1(9Z)/18:1(11Z))","PI(18:1(9Z)/18:1(11Z))","HMDB0009836",NA,"C00626","[H][C@@](COC(=O)CCCCCCC\C=C/CCCCCCCC)(COP(O)(=O)O[C@H]1C(O)C(O)C(O)[C@@H](O)C1O)OC(=O)CCCCCCCCC\C=C/CCCCCC","1"
"PI(18:1(9Z)/18:1(9Z))","PI(18:1(9Z)/18:1(9Z))","HMDB0009837",NA,"C00626","[H][C@@](COC(=O)CCCCCCC\C=C/CCCCCCCC)(COP(O)(=O)O[C@H]1C(O)C(O)C(O)[C@@H](O)C1O)OC(=O)CCCCCCC\C=C/CCCCCCCC","1"
"PI(18:2(9Z,12Z)/18:0)","PI(18:2(9Z,12Z)/18:0)","HMDB0009847",NA,"C00626","[H][C@@](COC(=O)CCCCCCC\C=C/C\C=C/CCCCC)(COP(O)(=O)O[C@H]1C(O)C(O)C(O)[C@@H](O)C1O)OC(=O)CCCCCCCCCCCCCCCCC","1"
"PI(20:2(11Z,14Z)/16:0)","PI(20:2(11Z,14Z)/16:0)","HMDB0009875",NA,"C00626","[H][C@@](COC(=O)CCCCCCCCC\C=C/C\C=C/CCCCC)(COP(O)(=O)O[C@H]1C(O)C(O)C(O)[C@@H](O)C1O)OC(=O)CCCCCCCCCCCCCCC","1"
"Aniline","Aniline","HMDB0003012","6115","C00292","C1=CC=C(C=C1)N","1"
"6-Keto-decanoylcarnitine","6-Keto-decanoylcarnitine","HMDB0013202","53481649",NA,"CCCCC(=O)CCCCC(=O)OC(CC(=O)[O-])C[N+](C)(C)C","1"
"Dihomo-gamma-Linolenoyl ethanolamide","Dihomo-gamma-Linolenoyl ethanolamide","HMDB0013625","5282272","C13828","CCCCC/C=C\C/C=C\C/C=C\CCCCCCC(=O)NCCO","1"
"Carnosol","Carnosol","HMDB0002121","442009","C09069","CC(C)C1=C(C(=C2C(=C1)[C@@H]3C[C@@H]4[C@@]2(CCCC4(C)C)C(=O)O3)O)O","1"
"8-iso-15-keto-PGE2","8-iso-15-keto-PGE2","HMDB0002341","53477750",NA,"CCCCCC(=O)/C=C/[C@@H]1[C@@H](C(=O)CC1O)C/C=C\CCCC(=O)O","1"
"Prostaglandin E3","Prostaglandin E3","HMDB0002664","5280937","C06439","CC/C=C\C[C@@H](/C=C/[C@H]1[C@@H](CC(=O)[C@@H]1C/C=C\CCCC(=O)O)O)O","1"
"Prostaglandin D3","Prostaglandin D3","HMDB0003034","5282260","C13802","CC/C=C\C[C@@H](/C=C/[C@@H]1[C@H]([C@H](CC1=O)O)C/C=C\CCCC(=O)O)O","1"
"15-Keto-prostaglandin E2","15-Keto-prostaglandin E2","HMDB0003175","5280719","C04707","CCCCCC(=O)/C=C/[C@H]1[C@@H](CC(=O)[C@@H]1C/C=C\CCCC(=O)O)O","1"
"Resolvin E1","Resolvin E1","HMDB0010410","25063347",NA,"CCC(/C=C/C=C\CC(/C=C/C=C/C=C\C(CCCC(=O)O)O)O)O","1"
"TG(18:3(9Z,12Z,15Z)/18:2(9Z,12Z)/18:3(9Z,12Z,15Z))[iso3","NA","NA","NA","NA","NA","0"
"TG(20:4(5Z,8Z,11Z,14Z)/14:0/20:4(5Z,8Z,11Z,14Z))[iso3","NA","NA","NA","NA","NA","0"
"MG(0:0/18:3(6Z,9Z,12Z)/0:0)","MG(0:0/18:3(6Z,9Z,12Z)/0:0)","HMDB0011539","11646044",NA,"CCCCC/C=C\C/C=C\C/C=C\CCCCC(=O)OC(CO)CO","1"
"MG(0:0/18:3(9Z,12Z,15Z)/0:0)","MG(0:0/18:3(9Z,12Z,15Z)/0:0)","HMDB0011540","11674746",NA,"CC/C=C\C/C=C\C/C=C\CCCCCCCC(=O)OC(CO)CO","1"
"MG(18:3(6Z,9Z,12Z)/0:0/0:0)","MG(18:3(6Z,9Z,12Z)/0:0/0:0)","HMDB0011569","53480978",NA,"CCCCC/C=C\C/C=C\C/C=C\CCCCC(=O)OC[C@H](CO)O","1"
"MG(18:3(9Z,12Z,15Z)/0:0/0:0)","MG(18:3(9Z,12Z,15Z)/0:0/0:0)","HMDB0011570","53480979",NA,"CC/C=C\C/C=C\C/C=C\CCCCCCCC(=O)OC[C@H](CO)O","1"
"PI(16:0/22:4(10Z,13Z,16Z,19Z))","PI(16:0/22:4(10Z,13Z,16Z,19Z))","HMDB0009793",NA,"C00626","[H][C@@](COC(=O)CCCCCCCCCCCCCCC)(COP(O)(=O)O[C@H]1C(O)C(O)C(O)[C@@H](O)C1O)OC(=O)CCCCCCCC\C=C/C\C=C/C\C=C/C\C=C/CC","1"
"PI(16:0/22:4(7Z,10Z,13Z,16Z))","PI(16:0/22:4(7Z,10Z,13Z,16Z))","HMDB0009794",NA,"C00626","[H][C@@](COC(=O)CCCCCCCCCCCCCCC)(COP(O)(=O)O[C@H]1C(O)C(O)C(O)[C@@H](O)C1O)OC(=O)CCCCC\C=C/C\C=C/C\C=C/C\C=C/CCCCC","1"
"PI(18:0/20:4(5Z,8Z,11Z,14Z))","PI(18:0/20:4(5Z,8Z,11Z,14Z))","HMDB0009815",NA,"C00626","[H][C@@](COC(=O)CCCCCCCCCCCCCCCCC)(COP(O)(=O)O[C@H]1C(O)C(O)C(O)[C@@H](O)C1O)OC(=O)CCC\C=C/C\C=C/C\C=C/C\C=C/CCCCC","1"
"PI(18:0/20:4(8Z,11Z,14Z,17Z))","PI(18:0/20:4(8Z,11Z,14Z,17Z))","HMDB0009816",NA,"C00626","[H][C@@](COC(=O)CCCCCCCCCCCCCCCCC)(COP(O)(=O)O[C@H]1C(O)C(O)C(O)[C@@H](O)C1O)OC(=O)CCCCCC\C=C/C\C=C/C\C=C/C\C=C/CC","1"
"PI(18:1(11Z)/20:3(5Z,8Z,11Z))","PI(18:1(11Z)/20:3(5Z,8Z,11Z))","HMDB0009830",NA,"C00626","[H][C@@](COC(=O)CCCCCCCCC\C=C/CCCCCC)(COP(O)(=O)O[C@H]1C(O)C(O)C(O)[C@@H](O)C1O)OC(=O)CCC\C=C/C\C=C/C\C=C/CCCCCCCC","1"
"PI(18:1(11Z)/20:3(8Z,11Z,14Z))","PI(18:1(11Z)/20:3(8Z,11Z,14Z))","HMDB0009831",NA,"C00626","[H][C@@](COC(=O)CCCCCCCCC\C=C/CCCCCC)(COP(O)(=O)O[C@H]1C(O)C(O)C(O)[C@@H](O)C1O)OC(=O)CCCCCC\C=C/C\C=C/C\C=C/CCCCC","1"
"PI(18:1(9Z)/20:3(5Z,8Z,11Z))","PI(18:1(9Z)/20:3(5Z,8Z,11Z))","HMDB0009842",NA,"C00626","[H][C@@](COC(=O)CCCCCCC\C=C/CCCCCCCC)(COP(O)(=O)O[C@H]1C(O)C(O)C(O)[C@@H](O)C1O)OC(=O)CCC\C=C/C\C=C/C\C=C/CCCCCCCC","1"
"PI(18:1(9Z)/20:3(8Z,11Z,14Z))","PI(18:1(9Z)/20:3(8Z,11Z,14Z))","HMDB0009843",NA,"C00626","[H][C@@](COC(=O)CCCCCCC\C=C/CCCCCCCC)(COP(O)(=O)O[C@H]1C(O)C(O)C(O)[C@@H](O)C1O)OC(=O)CCCCCC\C=C/C\C=C/C\C=C/CCCCC","1"
"PI(18:2(9Z,12Z)/20:2(11Z,14Z))","PI(18:2(9Z,12Z)/20:2(11Z,14Z))","HMDB0009853",NA,"C00626","[H][C@@](COC(=O)CCCCCCC\C=C/C\C=C/CCCCC)(COP(O)(=O)O[C@H]1C(O)C(O)C(O)[C@@H](O)C1O)OC(=O)CCCCCCCCC\C=C/C\C=C/CCCCC","1"
"PI(20:2(11Z,14Z)/18:2(9Z,12Z))","PI(20:2(11Z,14Z)/18:2(9Z,12Z))","HMDB0009877",NA,"C00626","[H][C@@](COC(=O)CCCCCCCCC\C=C/C\C=C/CCCCC)(COP(O)(=O)O[C@H]1C(O)C(O)C(O)[C@@H](O)C1O)OC(=O)CCCCCCC\C=C/C\C=C/CCCCC","1"
"PI(20:3(5Z,8Z,11Z)/18:1(11Z))","PI(20:3(5Z,8Z,11Z)/18:1(11Z))","HMDB0009881",NA,"C00626","[H][C@@](COC(=O)CCC\C=C/C\C=C/C\C=C/CCCCCCCC)(COP(O)(=O)O[C@H]1C(O)C(O)C(O)[C@@H](O)C1O)OC(=O)CCCCCCCCC\C=C/CCCCCC","1"
"PI(20:3(5Z,8Z,11Z)/18:1(9Z))","PI(20:3(5Z,8Z,11Z)/18:1(9Z))","HMDB0009882",NA,"C00626","[H][C@@](COC(=O)CCC\C=C/C\C=C/C\C=C/CCCCCCCC)(COP(O)(=O)O[C@H]1C(O)C(O)C(O)[C@@H](O)C1O)OC(=O)CCCCCCC\C=C/CCCCCCCC","1"
"PI(20:3(8Z,11Z,14Z)/18:1(11Z))","PI(20:3(8Z,11Z,14Z)/18:1(11Z))","HMDB0009888",NA,"C00626","[H][C@@](COC(=O)CCCCCC\C=C/C\C=C/C\C=C/CCCCC)(COP(O)(=O)O[C@H]1C(O)C(O)C(O)[C@@H](O)C1O)OC(=O)CCCCCCCCC\C=C/CCCCCC","1"
"PI(20:3(8Z,11Z,14Z)/18:1(9Z))","PI(20:3(8Z,11Z,14Z)/18:1(9Z))","HMDB0009889",NA,"C00626","[H][C@@](COC(=O)CCCCCC\C=C/C\C=C/C\C=C/CCCCC)(COP(O)(=O)O[C@H]1C(O)C(O)C(O)[C@@H](O)C1O)OC(=O)CCCCCCC\C=C/CCCCCCCC","1"
"PI(20:4(5Z,8Z,11Z,14Z)/18:0)","PI(20:4(5Z,8Z,11Z,14Z)/18:0)","HMDB0009894",NA,"C00626","[H][C@@](COC(=O)CCC\C=C/C\C=C/C\C=C/C\C=C/CCCCC)(COP(O)(=O)O[C@H]1C(O)C(O)C(O)[C@@H](O)C1O)OC(=O)CCCCCCCCCCCCCCCCC","1"
"PI(20:4(8Z,11Z,14Z,17Z)/18:0)","PI(20:4(8Z,11Z,14Z,17Z)/18:0)","HMDB0009900",NA,"C00626","[H][C@@](COC(=O)CCCCCC\C=C/C\C=C/C\C=C/C\C=C/CC)(COP(O)(=O)O[C@H]1C(O)C(O)C(O)[C@@H](O)C1O)OC(=O)CCCCCCCCCCCCCCCCC","1"
"PI(22:4(10Z,13Z,16Z,19Z)/16:0)","PI(22:4(10Z,13Z,16Z,19Z)/16:0)","HMDB0009912",NA,"C00626","[H][C@@](COC(=O)CCCCCCCC\C=C/C\C=C/C\C=C/C\C=C/CC)(COP(O)(=O)O[C@H]1C(O)C(O)C(O)[C@@H](O)C1O)OC(=O)CCCCCCCCCCCCCCC","1"
"PI(22:4(7Z,10Z,13Z,16Z)/16:0)","PI(22:4(7Z,10Z,13Z,16Z)/16:0)","HMDB0009914",NA,"C00626","[H][C@@](COC(=O)CCCCC\C=C/C\C=C/C\C=C/C\C=C/CCCCC)(COP(O)(=O)O[C@H]1C(O)C(O)C(O)[C@@H](O)C1O)OC(=O)CCCCCCCCCCCCCCC","1"
"MG(0:0/18:2(9Z,12Z)/0:0)","MG(0:0/18:2(9Z,12Z)/0:0)","HMDB0011538","5365676",NA,"CCCCC/C=C\C/C=C\CCCCCCCC(=O)OC(CO)CO","1"
"MG(18:2(9Z,12Z)/0:0/0:0)","MG(18:2(9Z,12Z)/0:0/0:0)","HMDB0011568","6436630",NA,"CCCCC/C=C\C/C=C\CCCCCCCC(=O)OC[C@H](CO)O","1"
"Tetracosahexaenoic acid","Tetracosahexaenoic acid","HMDB0002007","11792612",NA,"CC/C=C\C/C=C\C/C=C\C/C=C\C/C=C\C/C=C\CCCCC(=O)O","1"
"Delta-Hexanolactone","Delta-Hexanolactone","HMDB0000453","13204",NA,"CC1CCCC(=O)O1","1"
"Gamma-Caprolactone","Gamma-Caprolactone","HMDB0003843","12756",NA,"CCC1CCC(=O)O1","1"
"trans-Hex-2-enoic acid","trans-Hex-2-enoic acid","HMDB0010719","5282707",NA,"CCC/C=C/C(=O)O","1"
"N-Arachidonoyl glycine","N-Arachidonoyl glycine","HMDB0005096","5283389",NA,"CCCCC/C=C\C/C=C\C/C=C\C/C=C\CCCC(=O)NCC(=O)O","1"
"PIP(16:0/20:1(11Z))","PIP(16:0/20:1(11Z))","HMDB0009927","53480124","C00626","CCCCCCCCCCCCCCCC(=O)OC[C@H](COP(=O)(O)O[C@@H]1C([C@@H](C(C(C1O)O)O)OP(=O)(O)O)O)OC(=O)CCCCCCCCC/C=C\CCCCCCCC","1"
"PIP(18:0/18:1(11Z))","PIP(18:0/18:1(11Z))","HMDB0009949","53480144","C00626","CCCCCCCCCCCCCCCCCC(=O)OC[C@H](COP(=O)(O)O[C@@H]1C([C@@H](C(C(C1O)O)O)OP(=O)(O)O)O)OC(=O)CCCCCCCCC/C=C\CCCCCC","1"
"PIP(18:0/18:1(9Z))","PIP(18:0/18:1(9Z))","HMDB0009950","53480145","C00626","CCCCCCCCCCCCCCCCCC(=O)OC[C@H](COP(=O)(O)O[C@@H]1C([C@@H](C(C(C1O)O)O)OP(=O)(O)O)O)OC(=O)CCCCCCC/C=C\CCCCCCCC","1"
"PIP(18:1(11Z)/18:0)","PIP(18:1(11Z)/18:0)","HMDB0009960","53480155","C00626","CCCCCCCCCCCCCCCCCC(=O)O[C@H](COC(=O)CCCCCCCCC/C=C\CCCCCC)COP(=O)(O)O[C@@H]1C([C@@H](C(C(C1O)O)O)OP(=O)(O)O)O","1"
"PIP(18:1(9Z)/18:0)","PIP(18:1(9Z)/18:0)","HMDB0009972","53480167","C00626","CCCCCCCCCCCCCCCCCC(=O)O[C@H](COC(=O)CCCCCCC/C=C\CCCCCCCC)COP(=O)(O)O[C@@H]1C([C@@H](C(C(C1O)O)O)OP(=O)(O)O)O","1"
"PIP(20:1(11Z)/16:0)","PIP(20:1(11Z)/16:0)","HMDB0009998","53480192","C00626","CCCCCCCCCCCCCCCC(=O)O[C@H](COC(=O)CCCCCCCCC/C=C\CCCCCCCC)COP(=O)(O)O[C@@H]1C([C@@H](C(C(C1O)O)O)OP(=O)(O)O)O","1"
"20-Carboxyleukotriene B4","20-Carboxy-leukotriene B4","HMDB0006059","5280877","C05950","C(CCC(=O)O)C/C=C\C[C@H](/C=C/C=C/C=C\[C@H](CCCC(=O)O)O)O","1"
"20-COOH-10,11-dihydro-LTB4","20-COOH-10,11-dihydro-LTB4","HMDB0012633","53481507",NA,"C(CCC(=O)O)C/C=C\C[C@@H](CC/C=C/C=C\[C@@H](CCCC(=O)O)O)O","1"
"D-1-Piperideine-2-carboxylic acid","D-1-Piperideine-2-carboxylic acid","HMDB0001084","1194","C04092","C1CCN=C(C1)C(=O)O","1"
"(S)-2,3,4,5-Tetrahydropiperidine-2-carboxylate","(S)-2,3,4,5-Tetrahydropiperidine-2-carboxylate","HMDB0012130","165067","C00450","C1CC=NC(C1)C(=O)O","1"
"6-Keto-prostaglandin F1a","6-Keto-prostaglandin F1a","HMDB0002886","5280888","C05961","CCCCC[C@@H](/C=C/[C@H]1[C@@H](C[C@@H]([C@@H]1CC(=O)CCCCC(=O)O)O)O)O","1"
"Thromboxane B2","Thromboxane B2","HMDB0003252","5283137","C05963","CCCCC[C@@H](/C=C/[C@@H]1[C@H]([C@H](CC(O1)O)O)C/C=C\CCCC(=O)O)O","1"
"20-Hydroxy-PGF2a","20-Hydroxy-PGF2a","HMDB0004049","53477777",NA,"C1[C@@H](C(C([C@@H]1O)/C=C/[C@H](CCCCCO)O)C/C=C\CCCC(=O)O)O","1"
"Estradiol-17beta 3-sulfate","Estradiol-17beta 3-sulfate","HMDB0004448","53477783","C08357","C[C@@]12CCC3C(C1CC[C@H]2O)CCC4=C3C=CC(=C4)OS(=O)(=O)O","1"
"Calcitroic acid","Calcitroic acid","HMDB0006472","12918533",NA,"C[C@H](CC(=O)O)[C@H]1CC[C@@H]\2[C@@]1(CCC/C2=C\C=C\3/C[C@H](C[C@@H](C3=C)O)O)C","1"
"3b-Hydroxy-5-cholenoic acid","3b-Hydroxy-5-cholenoic acid","HMDB0000308","92997",NA,"C[C@H](CCC(=O)O)[C@H]1CC[C@@H]2[C@@]1(CC[C@H]3[C@H]2CC=C4[C@@]3(CC[C@@H](C4)O)C)C","1"
"Monoethyl malonic acid","Monoethyl malonic acid","HMDB0000576","70615",NA,"CCOC(=O)CC(=O)O","1"
"Ethylmalonic acid","Ethylmalonic acid","HMDB0000622","11756",NA,"CCC(C(=O)O)C(=O)O","1"
"Glutaric acid","Glutaric acid","HMDB0000661","743","C00489","C(CC(=O)O)CC(=O)O","1"
"Methylsuccinic acid","Methylsuccinic acid","HMDB0001844","10349","C08645","CC(CC(=O)O)C(=O)O","1"
"Dimethylmalonic acid","Dimethylmalonic acid","HMDB0002001","11686",NA,"CC(C)(C(=O)O)C(=O)O","1"
"2-Acetolactate","2-Acetolactate","HMDB0006833","22","C00900","CC(=O)C(C)(C(=O)O)O","1"
"(S)-2-Acetolactate","(S)-2-Acetolactate","HMDB0006855","440878","C06010","CC(=O)[C@@](C)(C(=O)O)O","1"
"2-Arachidonylglycerol","2-Arachidonylglycerol","HMDB0004666","5282280","C13856","CCCCC/C=C\C/C=C\C/C=C\C/C=C\CCCC(=O)OC(CO)CO","1"
"MG(0:0/20:4(8Z,11Z,14Z,17Z)/0:0)","MG(0:0/20:4(8Z,11Z,14Z,17Z)/0:0)","HMDB0011549","44422842",NA,"CC/C=C\C/C=C\C/C=C\C/C=C\CCCCCCC(=O)OC(CO)CO","1"
"MG(20:4(5Z,8Z,11Z,14Z)/0:0/0:0)","MG(20:4(5Z,8Z,11Z,14Z)/0:0/0:0)","HMDB0011578","16019980",NA,"CCCCC/C=C\C/C=C\C/C=C\C/C=C\CCCC(=O)OC[C@H](CO)O","1"
"MG(20:4(8Z,11Z,14Z,17Z)/0:0/0:0)","MG(20:4(8Z,11Z,14Z,17Z)/0:0/0:0)","HMDB0011579","53480987",NA,"CC/C=C\C/C=C\C/C=C\C/C=C\CCCCCCC(=O)OC[C@H](CO)O","1"
"Bisnorcholic acid","Bisnorcholic acid","HMDB0002082","9547705",NA,"C[C@@H]([C@H]1CC[C@@H]2[C@@]1([C@H](C[C@H]3[C@H]2[C@@H](C[C@H]4[C@@]3(CC[C@H](C4)O)C)O)O)C)C(=O)O","1"
"Phenylacetic acid","Phenylacetic acid","HMDB0000209","999","C07086","C1=CC=C(C=C1)CC(=O)O","1"
"4-Hydroxyphenylacetaldehyde","4-Hydroxyphenylacetaldehyde","HMDB0003767","440113","C03765","C1=CC(=CC=C1CC=O)O","1"
"MG(0:0/20:2(11Z,14Z)/0:0)","MG(0:0/20:2(11Z,14Z)/0:0)","HMDB0011544","53480964",NA,"CCCCC/C=C\C/C=C\CCCCCCCCCC(=O)OC(CO)CO","1"
"MG(20:2(11Z,14Z)/0:0/0:0)","MG(20:2(11Z,14Z)/0:0/0:0)","HMDB0011574","53480983",NA,"CCCCC/C=C\C/C=C\CCCCCCCCCC(=O)OC[C@H](CO)O","1"
"4-Nitrophenol","4-Nitrophenol","HMDB0001232","980","C00870","C1=CC(=CC=C1[N+](=O)[O-])O","1"
"6-Hydroxynicotinic acid","6-Hydroxynicotinic acid","HMDB0002658","72924","C01020","C1=CC(=O)NC=C1C(=O)O","1"
"3-Hydroxypicolinic acid","3-Hydroxypicolinic acid","HMDB0013188","13401","C18620","C1=CC(=C(N=C1)C(=O)O)O","1"
"Resolvin D2","Resolvin D2","HMDB0002294","16061136",NA,"CC/C=C\C[C@@H](C(/C=C/C=C/C=C\C=C\[C@@H](C/C=C\CCC(=O)O)O)O)O","1"
"Resolvin D1","Resolvin D1","HMDB0003733","44251266",NA,"CC/C=C\C[C@@H](/C=C/C=C\C=C\C=C\C([C@H](C/C=C\CCC(=O)O)O)O)O","1"
"11beta-Hydroxy-3,20-dioxopregn-4-en-21-oic acid","11beta-Hydroxy-3,20-dioxopregn-4-en-21-oic acid ","HMDB0011652","53481012",NA,"C[C@]12CCC(=O)C=C1CCC3C2[C@H](C[C@]4(C3CCC4C(CC(=O)O)O)C)O","1"
"7-Ketocholesterol","7-Ketocholesterol","HMDB0000501","53477696",NA,"C[C@H](CCCC(C)C)C1CC[C@@H]2[C@@]1(CC[C@H]3[C@H]2C(=O)C=C4[C@@]3(CCC(C4)O)C)C","1"
"7a-Hydroxy-cholestene-3-one","7a-Hydroxy-cholestene-3-one","HMDB0001993","123743","C05455","C[C@H](CCCC(C)C)[C@H]1CC[C@@H]2[C@@]1(CC[C@H]3[C@H]2[C@@H](CC4=CC(=O)CC[C@]34C)O)C","1"
"Calcidiol","Calcidiol","HMDB0003550","5283731","C01561","C[C@H](CCCC(C)(C)O)[C@H]1CC[C@@H]\2[C@@]1(CCC/C2=C\C=C/3\C[C@H](CCC3=C)O)C","1"
"5,6-trans-25-Hydroxyvitamin D3","5,6-trans-25-Hydroxyvitamin D3","HMDB0006721","53477885",NA,"C[C@H](CCCC(C)(C)O)[C@H]1CCC\2[C@@]1(CCC/C2=C/C=C/3\C[C@@H](CCC3=C)O)C","1"
"25-Hydroxytachysterol3","25-Hydroxytachysterol3","HMDB0006722","53477886",NA,"CC1=C(C(CCC1)O)/C=C/C2=CCC[C@]3(C2CC[C@@H]3[C@H](C)CCCC(C)(C)O)C","1"
"dTDP","dTDP","HMDB0001274","164628","C00363","CC1=CN(C(=O)NC1=O)[C@H]2C[C@@H]([C@H](O2)COP(=O)(O)OP(=O)(O)O)O","1"
"3a,7a,12b-Trihydroxy-5b-cholanoic acid","3a,7a,12b-Trihydroxy-5b-cholanoic acid","HMDB0000312","5283869","C04661","C[C@H](CCC(=O)O)[C@H]1CC[C@@H]2[C@@]1([C@@H](C[C@H]3[C@H]2[C@@H](C[C@H]4[C@@]3(CC[C@H](C4)O)C)O)O)C","1"
"3a,4b,7a-Trihydroxy-5b-cholanoic acid","3a,4b,7a-Trihydroxy-5b-cholanoic acid","HMDB0000320","53477681",NA,"C[C@@H](CCC(=O)O)C1CC[C@@H]2[C@@]1(CC[C@H]3[C@H]2[C@@H](C[C@H]4[C@@]3(CC[C@H]([C@@H]4O)O)C)O)C","1"
"1b,3a,12a-Trihydroxy-5b-cholanoic acid","1b,3a,12a-Trihydroxy-5b-cholanoic acid","HMDB0000326","53477683",NA,"C[C@H](CCC(=O)O)C1CCC2[C@@]1([C@H](CC3C2CCC4[C@@]3([C@@H](C[C@H](C4)O)O)C)O)C","1"
"3a,4b,12a-Trihydroxy-5b-cholanoic acid","3a,4b,12a-Trihydroxy-5b-cholanoic acid","HMDB0000330","53477684",NA,"C[C@@H](CCC(=O)O)C1CCC2[C@@]1([C@H](CC3C2CCC4[C@@]3(CC[C@H]([C@@H]4O)O)C)O)C","1"
"3a,6a,7b-Trihydroxy-5b-cholanoic acid","3a,6a,7b-Trihydroxy-5b-cholanoic acid","HMDB0000364","5283851","C17727","C[C@H](CCC(=O)O)[C@H]1CC[C@@H]2[C@@]1(CC[C@H]3[C@H]2[C@H]([C@@H]([C@H]4[C@@]3(CC[C@H](C4)O)C)O)O)C","1"
"1,3,12-Trihydroxycholan-24-oic acid","1,3,12-Trihydroxycholan-24-oic acid","HMDB0000371","20849394",NA,"C[C@H](CCC(=O)O)[C@H]1CC[C@@H]2[C@@]1(C(C[C@H]3[C@H]2CCC4[C@@]3(C(CC(C4)O)O)C)O)C","1"
"3b,7a,12a-Trihydroxy-5a-Cholanoic acid","3b,7a,12a-Trihydroxy-5a-Cholanoic acid","HMDB0000376","5283875",NA,"C[C@H](CCC(=O)O)[C@H]1CC[C@@H]2[C@@]1([C@H](C[C@H]3[C@H]2[C@@H](C[C@@H]4[C@@]3(CC[C@@H](C4)O)C)O)O)C","1"
"3a,7b,12b-Trihydroxy-5b-cholanoic acid","3a,7b,12b-Trihydroxy-5b-cholanoic acid","HMDB0000390","5283872",NA,"C[C@H](CCC(=O)O)[C@H]1CC[C@@H]2[C@@]1([C@@H](C[C@H]3[C@H]2[C@H](C[C@H]4[C@@]3(CC[C@H](C4)O)C)O)O)C","1"
"3b,7b,12a-Trihydroxy-5b-cholanoic acid","3b,7b,12a-Trihydroxy-5b-cholanoic acid","HMDB0000395","5283873",NA,"C[C@H](CCC(=O)O)[C@H]1CC[C@@H]2[C@@]1([C@H](C[C@H]3[C@H]2[C@H](C[C@H]4[C@@]3(CC[C@@H](C4)O)C)O)O)C","1"
"2b,3a,7a-Trihydroxy-5b-cholanoic acid","2b,3a,7a-Trihydroxy-5b-cholanoic acid","HMDB0000404","5283847",NA,"C[C@H](CCC(=O)O)[C@H]1CC[C@@H]2[C@@]1(CC[C@H]3[C@H]2[C@@H](C[C@H]4[C@@]3(C[C@@H]([C@H](C4)O)O)C)O)C","1"
"1b,3a,7a-Trihydroxy-5b-cholanoic acid","1b,3a,7a-Trihydroxy-5b-cholanoic acid","HMDB0000414","5283846",NA,"C[C@H](CCC(=O)O)[C@H]1CC[C@@H]2[C@@]1(CC[C@H]3[C@H]2[C@@H](C[C@H]4[C@@]3([C@@H](C[C@H](C4)O)O)C)O)C","1"
"3a,6b,7b-Trihydroxy-5b-cholanoic acid","3a,6b,7b-Trihydroxy-5b-cholanoic acid","HMDB0000415","5283853","C17726","C[C@H](CCC(=O)O)[C@H]1CC[C@@H]2[C@@]1(CC[C@H]3[C@H]2[C@H]([C@H]([C@H]4[C@@]3(CC[C@H](C4)O)C)O)O)C","1"
"3b,7a,12a-Trihydroxy-5b-cholanoic acid","3b,7a,12a-Trihydroxy-5b-cholanoic acid","HMDB0000419","5283870",NA,"C[C@H](CCC(=O)O)[C@H]1CC[C@@H]2[C@@]1([C@H](C[C@H]3[C@H]2[C@@H](C[C@H]4[C@@]3(CC[C@@H](C4)O)C)O)O)C","1"
"3b,7b,12a-Trihydroxy-5a-Cholanoic acid","3b,7b,12a-Trihydroxy-5a-Cholanoic acid","HMDB0000427","5283879",NA,"C[C@H](CCC(=O)O)[C@H]1CC[C@@H]2[C@@]1([C@H](C[C@H]3[C@H]2[C@H](C[C@@H]4[C@@]3(CC[C@@H](C4)O)C)O)O)C","1"
"3a,7b,12a-Trihydroxy-5a-Cholanoic acid","3a,7b,12a-Trihydroxy-5a-Cholanoic acid","HMDB0000432","5283877","C02373","C[C@H](CCC(=O)O)[C@H]1CC[C@@H]2[C@@]1([C@H](C[C@H]3[C@H]2[C@H](C[C@@H]4[C@@]3(CC[C@H](C4)O)C)O)O)C","1"
"Allocholic acid","Allocholic acid","HMDB0000505","53477699","C17737","C[C@H](CCC(=O)O)[C@H]1CC[C@@H]2[C@@]1(C(C[C@H]3[C@H]2[C@@H](C[C@@H]4[C@@]3(CC[C@H](C4)O)C)O)O)C","1"
"Alpha-Muricholic acid","Alpha-Muricholic acid","HMDB0000506","96023991","C17647","C[C@H](CCC(=O)O)C1CC[C@@H]2[C@@]1(CC[C@H]3[C@H]2[C@@H]([C@H]([C@H]4[C@@]3(CC[C@H](C4)O)C)O)O)C","1"
"6a,12a-Dihydroxylithocholic acid","6a,12a-Dihydroxylithocholic acid","HMDB0000527","22833529",NA,"C[C@H](CCC(=O)O)[C@H]1CC[C@@H]2[C@@]1([C@H](C[C@H]3[C@H]2C[C@@H](C4[C@@]3(CC[C@H](C4)O)C)O)O)C","1"
"Cholic acid","Cholic acid","HMDB0000619","221493","C00695","C[C@H](CCC(=O)O)[C@H]1CC[C@@H]2[C@@]1([C@H](C[C@H]3[C@H]2[C@@H](C[C@H]4[C@@]3(CC[C@H](C4)O)C)O)O)C","1"
"Hyocholic acid","Hyocholic acid","HMDB0000760","131750324",NA,"[H][C@@]12CCC([C@H](C)CCC(O)=O)[C@@]1(C)CC[C@@]1([H])[C@@]2([H])[C@H](O)[C@H](O)[C@]2([H])C[C@H](O)CC[C@]12C","1"
"Muricholic acid","Muricholic acid","HMDB0000865","92805",NA,"C[C@H](CCC(=O)O)[C@H]1CC[C@@H]2[C@@]1(CC[C@H]3[C@H]2C(C([C@H]4[C@@]3(CC[C@H](C4)O)C)O)O)C","1"
"Ursocholic acid","Ursocholic acid","HMDB0000917","122340","C17644","C[C@H](CCC(=O)O)[C@H]1CC[C@@H]2[C@@]1([C@H](C[C@H]3[C@H]2[C@H](C[C@H]4[C@@]3(CC[C@H](C4)O)C)O)O)C","1"
"Dopamine","Dopamine","HMDB0000073","681","C03758","C1=CC(=C(C=C1CCN)O)O","1"
"p-Octopamine","p-Octopamine","HMDB0004825","440266","C04227","C1=CC(=CC=C1[C@H](CN)O)O","1"
"Vanillylamine","Vanillylamine","HMDB0012309","70966","C16666","COC1=C(C=CC(=C1)CN)O","1"
"L-Canaline","L-Canaline","HMDB0012251","441443","C08270","C(CON)[C@@H](C(=O)O)N","1"
"LysoPC(10:0)","LysoPC(10:0)","HMDB0003752","5313971",NA,"CCCCCCCCCC(=O)OC[C@H](COP(=O)(O)OCC[N+](C)(C)C)O","1"
"CPA(18:1(11Z)/0:0)","CPA(18:1(11Z)/0:0)","HMDB0007005","53477946",NA,"CCCCCC/C=C\CCCCCCCCCC(=O)OCC1COP(=O)(O1)O","1"
"CPA(18:1(9Z)/0:0)","CPA(18:1(9Z)/0:0)","HMDB0007006","11962187",NA,"CCCCCCCC/C=C\CCCCCCCC(=O)OCC1COP(=O)(O1)O","1"
"PE(P-16:0e/0:0)","PE(P-16:0e/0:0)","HMDB0011152","42607469",NA,"CCCCCCCCCCCCCC/C=C\OC[C@H](COP(=O)(O)OCCN)O","1"
"LysoPE(0:0/15:0)","LysoPE(0:0/15:0)","HMDB0011472","53480921",NA,"CCCCCCCCCCCCCCC(=O)O[C@H](CO)COP(=O)(O)OCCN","1"
"LysoPE(15:0/0:0)","LysoPE(15:0/0:0)","HMDB0011502","52925150",NA,"CCCCCCCCCCCCCCC(=O)OC[C@H](COP(=O)(O)OCCN)O","1"
"4-(3-Pyridyl)-3-butenoic acid","4-(3-Pyridyl)-3-butenoic acid","HMDB0001424","5478892",NA,"C1=CC(=CN=C1)/C=C/CC(=O)O","1"
"3-Methyldioxyindole","3-Methyldioxyindole","HMDB0004186","151066","C05834","CC1(C2=CC=CC=C2NC1=O)O","1"
"Prostaglandin PGE2 1-glyceryl ester","Prostaglandin PGE2 1-glyceryl ester","HMDB0013043","52193688",NA,"CCCCC[C@@H](/C=C/[C@H]1[C@H](CC(=O)[C@@H]1C/C=C\CCCC(=O)OC[C@@H](CO)O)O)O","1"
"Prostaglandin PGE2 glyceryl ester","Prostaglandin PGE2 glyceryl ester","HMDB0013045","53481593",NA,"CCCCC[C@@H](/C=C/[C@@H]1[C@H](CC(=O)[C@H]1C/C=C\CCCC(=O)OC(CO)CO)O)O","1"
"Prostaglandin D2-1-glyceryl ester","Prostaglandin D2-1-glyceryl ester","HMDB0013653","53481917",NA,"CCCCC[C@H](/C=C/[C@@H]1[C@H]([C@H](CC1=O)O)C/C=C\CCCC(=O)OCC(CO)O)O","1"
"3-Methoxytyramine","3-Methoxytyramine","HMDB0000022","1669","C05587","COC1=C(C=CC(=C1)CCN)O","1"
"Phenylephrine","Phenylephrine","HMDB0002182","6041","C07441","CNC[C@@H](C1=CC(=CC=C1)O)O","1"
"p-Synephrine","p-Synephrine","HMDB0004826","7172","C04548","CNCC(C1=CC=C(C=C1)O)O","1"
"4-Methoxytyramine","4-Methoxytyramine","HMDB0012162","1748",NA,"COC1=C(C=C(C=C1)CCN)O","1"
"18-Carboxy-dinor-LTE4","18-Carboxy-dinor-LTE4","HMDB0012607","53481489",NA,"C(C[C@@H]([C@@H](/C=C/C=C/C=C\C/C=C\CCC(=O)O)SC[C@H](C(=O)O)N)O)CC(=O)O","1"
"Androsterone glucuronide","Androsterone glucuronide","HMDB0002829","114833","C11135","C[C@]12CC[C@H](C[C@@H]1CC[C@@H]3[C@@H]2CC[C@]4([C@H]3CCC4=O)C)O[C@H]5[C@@H]([C@H]([C@@H]([C@H](O5)C(=O)O)O)O)O","1"
"Etiocholanolone glucuronide","Etiocholanolone glucuronide","HMDB0004484","443078","C11136","C[C@]12CC[C@H](C[C@H]1CC[C@@H]3[C@@H]2CC[C@]4([C@H]3CCC4=O)C)O[C@H]5[C@@H]([C@H]([C@@H]([C@H](O5)C(=O)O)O)O)O","1"
"5-alpha-Dihydrotestosterone glucuronide","5-alpha-Dihydrotestosterone glucuronide","HMDB0006203","44263365",NA,"C[C@]12CCC(=O)C[C@@H]1CC[C@@H]3[C@@H]2CC[C@]4([C@H]3CC[C@@H]4O[C@H]5[C@@H]([C@H]([C@@H]([C@H](O5)C(=O)O)O)O)O)C","1"
"3-alpha-hydroxy-5-alpha-androstane-17-one 3-D-glucuronide","3-alpha-hydroxy-5-alpha-androstane-17-one 3-D-glucuronide","HMDB0010365","53480455",NA,"C[C@]12CC[C@H](C[C@@H]1CC[C@@H]3[C@@H]2CC[C@]4([C@H]3CCC4=O)C)O[C@@H]5[C@@H](C([C@@H](C(O5)C(=O)O)O)O)O","1"
"Hydantoin-5-propionic acid","Hydantoin-5-propionic acid","HMDB0001212","782","C05565","C(CC(=O)O)C1C(=O)NC(=O)N1","1"
"13'-carboxy-alpha-tocotrienol","13'-Carboxy-alpha-tocotrienol","HMDB0012556","53481462",NA,"CC1=C(C(=C2CC[C@@](OC2=C1C)(C)CC/C=C(/C)\CC/C=C(/C)\CC/C=C(\C)/C(=O)O)C)O","1"
"Suberic acid","Suberic acid","HMDB0000893","10457","C08278","C(CCCC(=O)O)CCC(=O)O","1"
"Ethyladipic acid","Ethyladipic acid","HMDB0002023","152459",NA,"CCC(CCCC(=O)O)C(=O)O","1"
"Ceramide (d18:1/12:0)","Ceramide (d18:1/12:0)","HMDB0004947","5283562","C00195","CCCCCCCCCCCCC/C=C/[C@H]([C@H](CO)NC(=O)CCCCCCCCCCC)O","1"
"Cer(d18:0/12:0)","Cer(d18:0/12:0)","HMDB0011758","53481046",NA,"CCCCCCCCCCCCCCC[C@H]([C@H](CO)NC(=O)CCCCCCCCCCC)O","1"
"2(N)-Methyl-norsalsolinol","2(N)-Methyl-norsalsolinol","HMDB0001189","37764",NA,"CN1CCC2=CC(=C(C=C2C1)O)O","1"
"(R)-Salsolinol","(R)-Salsolinol","HMDB0005199","54456","C09642","CC1C2=CC(=C(C=C2CCN1)O)O","1"
"L-Carnitine","L-Carnitine","HMDB0000062","2724480","C00318","C[N+](C)(C)C[C@H](CC(=O)[O-])O","1"
"3-Methyluric acid","3-Methyluric acid","HMDB0001970","11804",NA,"CN1C2=C(C(=O)NC1=O)NC(=O)N2","1"
"9-Methyluric acid","9-Methyluric acid","HMDB0001973","108714",NA,"CN1C2=C(C(=O)NC(=O)N2)NC1=O","1"
"1-Methyluric acid","1-Methyluric acid","HMDB0003099","69726","C16359","CN1C(=O)C2=C(NC(=O)N2)NC1=O","1"
"7-Methyluric acid","7-Methyluric acid","HMDB0011107","69160","C16355","CN1C2=C(NC(=O)NC2=O)NC1=O","1"
"LysoPE(0:0/18:3(6Z,9Z,12Z))","LysoPE(0:0/18:3(6Z,9Z,12Z))","HMDB0011478","53480927",NA,"CCCCC/C=C\C/C=C\C/C=C\CCCCC(=O)O[C@H](CO)COP(=O)(O)OCCN","1"
"LysoPE(0:0/18:3(9Z,12Z,15Z))","LysoPE(0:0/18:3(9Z,12Z,15Z))","HMDB0011479","53480928",NA,"CC/C=C\C/C=C\C/C=C\CCCCCCCC(=O)O[C@H](CO)COP(=O)(O)OCCN","1"
"LysoPE(18:3(6Z,9Z,12Z)/0:0)","LysoPE(18:3(6Z,9Z,12Z)/0:0)","HMDB0011508","52925136",NA,"CCCCC/C=C\C/C=C\C/C=C\CCCCC(=O)OC[C@H](COP(=O)(O)OCCN)O","1"
"LysoPE(18:3(9Z,12Z,15Z)/0:0)","LysoPE(18:3(9Z,12Z,15Z)/0:0)","HMDB0011509","52925148",NA,"CC/C=C\C/C=C\C/C=C\CCCCCCCC(=O)OC[C@H](COP(=O)(O)OCCN)O","1"
"Pregnanediol-3-glucuronide","Pregnanediol-3-glucuronide","HMDB0010318","123796","C03033","C[C@@H]([C@H]1CC[C@@H]2[C@@]1(CC[C@H]3[C@H]2CC[C@H]4[C@@]3(CC[C@H](C4)O[C@H]5[C@@H]([C@H]([C@@H]([C@H](O5)C(=O)O)O)O)O)C)C)O","1"
"3-alpha,20-alpha-dihydroxy-5-beta-pregnane 3-glucuronide","3-alpha,20-alpha-Dihydroxy-5-beta-pregnane 3-glucuronide","HMDB0010352","3531157",NA,"CC(C1CCC2C1(CCC3C2CCC4C3(CCC(C4)OC5C(C(C(C(O5)C(=O)O)O)O)O)C)C)O","1"
"LysoPC(P-16:0)","LysoPC(P-16:0)","HMDB0010407","10917802","C04230","CCCCCCCCCCCCCC/C=C\OC[C@H](COP(=O)([O-])OCC[N+](C)(C)C)O","1"
"Vanylglycol","Vanylglycol","HMDB0001490","10805","C05594","COC1=C(C=CC(=C1)C(CO)O)O","1"
"LysoPC(P-18:0)","LysoPC(P-18:0)","HMDB0013122","24779527","C04230","CCCCCCCCCCCCCCCC/C=C\OC[C@H](COP(=O)([O-])OCC[N+](C)(C)C)O","1"
"Azelaic acid","Azelaic acid","HMDB0000784","2266","C08261","C(CCCC(=O)O)CCCC(=O)O","1"
"Nonate","Nonate","HMDB0011717","16058309",NA,"CCCCC[C@@H](CC(=O)O)C(=O)O","1"
"Alpha-Trisaccharide","Alpha-Trisaccharide","HMDB0006595","53477862",NA,"C[C@H]1[C@H]([C@H]([C@@H]([C@@H](O1)OC[C@](C)([C@H]([C@@H](CO)O)O)O[C@@H]2[C@@H]([C@H]([C@H]([C@H](O2)CO)O)O)NC(=O)C)O)O)O","1"
"Poly-g-D-glutamate","Poly-g-D-glutamate","HMDB0004135","53477778","C05723","C(C[C@H](C(=O)O)NC(=O)CC[C@H](C(=O)O)NC(=O)CC[C@H](C(=O)O)NC(=O)CC[C@H](C(=O)O)N)C=O","1"
"LysoPC(18:1(9Z))","LysoPC(18:1(9Z))","HMDB0002815","16081932","C04230","CCCCCCCC/C=C\CCCCCCCC(=O)OC[C@H](COP(=O)([O-])OCC[N+](C)(C)C)O","1"
"LysoPC(18:1(11Z))","LysoPC(18:1(11Z))","HMDB0010385","53480465","C04230","CCCCCC/C=C\CCCCCCCCCC(=O)OC[C@H](COP(=O)([O-])OCC[N+](C)(C)C)O","1"
"(R)-N-Methylsalsolinol","(R)-N-Methylsalsolinol","HMDB0003626","12989303",NA,"C[C@@H]1C2=CC(=C(C=C2CCN1C)O)O","1"
"(S)-N-Methylsalsolinol","(S)-N-Methylsalsolinol","HMDB0003892","124148",NA,"C[C@H]1C2=CC(=C(C=C2CCN1C)O)O","1"
"(-)-Salsoline","(-)-Salsoline","HMDB0012469","442356","C09640","C[C@H]1C2=CC(=C(C=C2CCN1)O)OC","1"
"(R)-1,2-dimethyl-5,6-dihydroxy-tetrahydroisoquinoline","(R)-1,2-dimethyl-5,6-dihydroxy-tetrahydroisoquinoline","HMDB0012484","53481438",NA,"C[C@@H]1C2=C(CCN1C)C(=C(C=C2)O)O","1"
"Inosine triphosphate","Inosine triphosphate","HMDB0000189","8583","C00081","C1=NC(=O)C2=C(N1)N(C=N2)[C@H]3[C@@H]([C@@H]([C@H](O3)COP(=O)(O)OP(=O)(O)OP(=O)(O)O)O)O","1"
"LysoPC(O-18:0)","LysoPC(O-18:0)","HMDB0011149","2733532","C04317","CCCCCCCCCCCCCCCCCCOC[C@H](COP(=O)([O-])OCC[N+](C)(C)C)O","1"
"O-Ureidohomoserine","O-Ureidohomoserine","HMDB0012271","21126175",NA,"C(CONC(=O)N)C(C(=O)O)N","1"
"Guaifenesin","Guaifenesin","HMDB0004998","3516",NA,"COC1=CC=CC=C1OCC(CO)O","1"
"LysoPC(20:4(5Z,8Z,11Z,14Z))","LysoPC(20:4(5Z,8Z,11Z,14Z))","HMDB0010395","24779476","C04230","CCCCC/C=C\C/C=C\C/C=C\C/C=C\CCCC(=O)OC[C@H](COP(=O)([O-])OCC[N+](C)(C)C)O","1"
"LysoPC(20:4(8Z,11Z,14Z,17Z))","LysoPC(20:4(8Z,11Z,14Z,17Z))","HMDB0010396","53480469","C04230","CC/C=C\C/C=C\C/C=C\C/C=C\CCCCCCC(=O)OC[C@H](COP(=O)([O-])OCC[N+](C)(C)C)O","1"
"DG(14:1(9Z)/15:0/0:0)","DG(14:1(9Z)/15:0/0:0)","HMDB0007039","53477974",NA,"CCCCCCCCCCCCCCC(=O)O[C@@H](CO)COC(=O)CCCCCCC/C=C\CCCC","1"
"DG(15:0/14:1(9Z)/0:0)","DG(15:0/14:1(9Z)/0:0)","HMDB0007067","53478002",NA,"CCCCCCCCCCCCCCC(=O)OC[C@H](CO)OC(=O)CCCCCCC/C=C\CCCC","1"
"Glucosamine","Glucosamine","HMDB0001514","439213","C00329","C([C@@H]1[C@H]([C@@H]([C@H](C(O1)O)N)O)O)O","1"
"Fructosamine","Fructosamine","HMDB0002030","20484",NA,"C1[C@H]([C@H]([C@@H]([C@](O1)(CN)O)O)O)O","1"
"DG(14:0/15:0/0:0)","DG(14:0/15:0/0:0)","HMDB0007010","53477949",NA,"CCCCCCCCCCCCCCC(=O)O[C@@H](CO)COC(=O)CCCCCCCCCCCCC","1"
"DG(15:0/14:0/0:0)","DG(15:0/14:0/0:0)","HMDB0007066","53478001",NA,"CCCCCCCCCCCCCCC(=O)OC[C@H](CO)OC(=O)CCCCCCCCCCCCC","1"
"5-Methylthioribose","5-Methylthioribose","HMDB0001087","439904","C03089","CSC[C@@H]1[C@H]([C@H]([C@@H](O1)O)O)O","1"
"Lithocholate 3-O-glucuronide","Lithocholate 3-O-glucuronide","HMDB0002513","126511","C03033","C[C@H](CCC(=O)O)[C@H]1CC[C@@H]2[C@@]1(CC[C@H]3[C@H]2CC[C@H]4[C@@]3(CC[C@@H](C4)O[C@H]5[C@@H]([C@H]([C@@H]([C@H](O5)C(=O)O)O)O)O)C)C","1"
"Uridine diphosphate glucuronic acid","Uridine diphosphate glucuronic acid","HMDB0000935","17473","C00167","C1=CN(C(=O)NC1=O)[C@H]2[C@@H]([C@@H]([C@H](O2)COP(=O)(O)OP(=O)(O)O[C@@H]3[C@@H]([C@H]([C@@H]([C@H](O3)C(=O)O)O)O)O)O)O","1"
"UDP-D-galacturonate","UDP-D-galacturonate","HMDB0012302","15592253","C00617","C1=CN(C(=O)NC1=O)[C@H]2[C@@H]([C@@H]([C@H](O2)COP(=O)(O)OP(=O)(O)O[C@@H]3[C@@H]([C@H]([C@H]([C@H](O3)C(=O)O)O)O)O)O)O","1"
"UDP-L-iduronate","UDP-L-iduronate","HMDB0012304","15592259","C02330","C1=CN(C(=O)NC1=O)[C@H]2[C@@H]([C@@H]([C@H](O2)COP(=O)(O)OP(=O)(O)O[C@@H]3[C@@H]([C@H]([C@@H]([C@@H](O3)C(=O)O)O)O)O)O)O","1"
"Naringin","Naringin","HMDB0002927","442428","C09789","C[C@H]1[C@@H]([C@H]([C@H]([C@@H](O1)O[C@@H]2[C@H]([C@@H]([C@H](O[C@H]2OC3=CC(=C4C(=O)C[C@H](OC4=C3)C5=CC=C(C=C5)O)O)CO)O)O)O)O)O","1"
"N-Acetyl-L-phenylalanine","N-Acetyl-L-phenylalanine","HMDB0000512","74839","C03519","CC(=O)N[C@@H](CC1=CC=CC=C1)C(=O)O","1"
"Phenylpropionylglycine","Phenylpropionylglycine","HMDB0000860","1608347",NA,"C1=CC=C(C=C1)CCC(=O)NCC(=O)O","1"
"3-Phenylpropionylglycine","3-Phenylpropionylglycine","HMDB0002042","1608346",NA,"C1=CC=C(C=C1)C(=O)CC[NH2+]CC(=O)[O-]","1"
"LysoPC(22:6(4Z,7Z,10Z,13Z,16Z,19Z))","LysoPC(22:6(4Z,7Z,10Z,13Z,16Z,19Z))","HMDB0010404","10415542","C04230","CC/C=C\C/C=C\C/C=C\C/C=C\C/C=C\C/C=C\CCC(=O)OC[C@H](COP(=O)([O-])OCC[N+](C)(C)C)O","1"
"Lanthionine ketimine","Lanthionine ketimine","HMDB0004823","134340",NA,"C1C(N=C(CS1)C(=O)O)C(=O)O","1"
"LysoPC(22:5(4Z,7Z,10Z,13Z,16Z))","LysoPC(22:5(4Z,7Z,10Z,13Z,16Z))","HMDB0010402","53480473","C04230","CCCCC/C=C\C/C=C\C/C=C\C/C=C\C/C=C\CCC(=O)OC[C@H](COP(=O)([O-])OCC[N+](C)(C)C)O","1"
"LysoPC(22:5(7Z,10Z,13Z,16Z,19Z))","LysoPC(22:5(7Z,10Z,13Z,16Z,19Z))","HMDB0010403","53480475","C04230","CC/C=C\C/C=C\C/C=C\C/C=C\C/C=C\CCCCCC(=O)OC[C@H](COP(=O)([O-])OCC[N+](C)(C)C)O","1"
"Mesobilirubinogen","Mesobilirubinogen","HMDB0001898","26818","C05790","CCC1=C(C(=O)NC1CC2=C(C(=C(N2)CC3=C(C(=C(N3)CC4C(=C(C(=O)N4)CC)C)C)CCC(=O)O)CCC(=O)O)C)C","1"
"L-Urobilinogen","L-Urobilinogen","HMDB0004157","9548718","C05789","CCC1C(C(=O)NC1CC2=C(C(=C(N2)CC3=C(C(=C(N3)CC4C(C(C(=O)N4)CC)C)C)CCC(=O)O)CCC(=O)O)C)C","1"
"Undecanedioic acid","Undecanedioic acid","HMDB0000888","15816",NA,"C(CCCCC(=O)O)CCCCC(=O)O","1"
"DG(14:0/22:4(7Z,10Z,13Z,16Z)/0:0)","DG(14:0/22:4(7Z,10Z,13Z,16Z)/0:0)","HMDB0007031","53477966",NA,"CCCCCCCCCCCCCC(=O)OC[C@H](CO)OC(=O)CCCCC/C=C\C/C=C\C/C=C\C/C=C\CCCCC","1"
"DG(16:0/20:4(5Z,8Z,11Z,14Z)/0:0)","DG(16:0/20:4(5Z,8Z,11Z,14Z)/0:0)","HMDB0007112","9543736","C00165","CCCCCCCCCCCCCCCC(=O)OC[C@H](CO)OC(=O)CCC/C=C\C/C=C\C/C=C\C/C=C\CCCCC","1"
"DG(16:0/20:4(8Z,11Z,14Z,17Z)/0:0)","DG(16:0/20:4(8Z,11Z,14Z,17Z)/0:0)","HMDB0007113","53478029",NA,"CCCCCCCCCCCCCCCC(=O)OC[C@H](CO)OC(=O)CCCCCC/C=C\C/C=C\C/C=C\C/C=C\CC","1"
"DG(16:1(9Z)/20:3(5Z,8Z,11Z)/0:0)","DG(16:1(9Z)/20:3(5Z,8Z,11Z)/0:0)","HMDB0007139","53478040",NA,"CCCCCCCC/C=C\C/C=C\C/C=C\CCCC(=O)O[C@@H](CO)COC(=O)CCCCCCC/C=C\CCCCCC","1"
"DG(16:1(9Z)/20:3(8Z,11Z,14Z)/0:0)","DG(16:1(9Z)/20:3(8Z,11Z,14Z)/0:0)","HMDB0007140","9543735",NA,"CCCCCC/C=C\CCCCCCCC(=O)OC[C@H](CO)OC(=O)CCCCCC/C=C\C/C=C\C/C=C\CCCCC","1"
"DG(18:0/18:4(6Z,9Z,12Z,15Z)/0:0)","DG(18:0/18:4(6Z,9Z,12Z,15Z)/0:0)","HMDB0007164","53478051",NA,"CCCCCCCCCCCCCCCCCC(=O)OC[C@H](CO)OC(=O)CCCC/C=C\C/C=C\C/C=C\C/C=C\CC","1"
"DG(18:1(11Z)/18:3(6Z,9Z,12Z)/0:0)","DG(18:1(11Z)/18:3(6Z,9Z,12Z)/0:0)","HMDB0007191","53478066",NA,"CCCCCC/C=C\CCCCCCCCCC(=O)OC[C@H](CO)OC(=O)CCCC/C=C\C/C=C\C/C=C\CCCCC","1"
"DG(18:1(11Z)/18:3(9Z,12Z,15Z)/0:0)","DG(18:1(11Z)/18:3(9Z,12Z,15Z)/0:0)","HMDB0007192","53478067",NA,"CCCCCC/C=C\CCCCCCCCCC(=O)OC[C@H](CO)OC(=O)CCCCCCC/C=C\C/C=C\C/C=C\CC","1"
"DG(18:1(9Z)/18:3(6Z,9Z,12Z)/0:0)","DG(18:1(9Z)/18:3(6Z,9Z,12Z)/0:0)","HMDB0007220","14275403",NA,"CCCCCCCC/C=C\CCCCCCCC(=O)OC[C@H](CO)OC(=O)CCCC/C=C\C/C=C\C/C=C\CCCCC","1"
"DG(18:1(9Z)/18:3(9Z,12Z,15Z)/0:0)","DG(18:1(9Z)/18:3(9Z,12Z,15Z)/0:0)","HMDB0007221","9543730",NA,"CCCCCCCC/C=C\CCCCCCCC(=O)OC[C@H](CO)OC(=O)CCCCCCC/C=C\C/C=C\C/C=C\CC","1"
"DG(18:2(9Z,12Z)/18:2(9Z,12Z)/0:0)","DG(18:2(9Z,12Z)/18:2(9Z,12Z)/0:0)","HMDB0007248","9543729","C00165","CCCCC/C=C\C/C=C\CCCCCCCC(=O)OC[C@H](CO)OC(=O)CCCCCCC/C=C\C/C=C\CCCCC","1"
"DG(18:3(6Z,9Z,12Z)/18:1(11Z)/0:0)","DG(18:3(6Z,9Z,12Z)/18:1(11Z)/0:0)","HMDB0007275","53478118",NA,"CCCCCC/C=C\CCCCCCCCCC(=O)O[C@@H](CO)COC(=O)CCCC/C=C\C/C=C\C/C=C\CCCCC","1"
"DG(18:3(6Z,9Z,12Z)/18:1(9Z)/0:0)","DG(18:3(6Z,9Z,12Z)/18:1(9Z)/0:0)","HMDB0007276","53478119",NA,"CCCCCCCC/C=C\CCCCCCCC(=O)O[C@@H](CO)COC(=O)CCCC/C=C\C/C=C\C/C=C\CCCCC","1"
"DG(18:3(9Z,12Z,15Z)/18:1(11Z)/0:0)","DG(18:3(9Z,12Z,15Z)/18:1(11Z)/0:0)","HMDB0007304","53478146",NA,"CCCCCC/C=C\CCCCCCCCCC(=O)O[C@@H](CO)COC(=O)CCCCCCC/C=C\C/C=C\C/C=C\CC","1"
"DG(18:3(9Z,12Z,15Z)/18:1(9Z)/0:0)","DG(18:3(9Z,12Z,15Z)/18:1(9Z)/0:0)","HMDB0007305","53478147",NA,"CCCCCCCC/C=C\CCCCCCCC(=O)O[C@@H](CO)COC(=O)CCCCCCC/C=C\C/C=C\C/C=C\CC","1"
"DG(18:4(6Z,9Z,12Z,15Z)/18:0/0:0)","DG(18:4(6Z,9Z,12Z,15Z)/18:0/0:0)","HMDB0007332","53478161",NA,"CCCCCCCCCCCCCCCCCC(=O)O[C@@H](CO)COC(=O)CCCC/C=C\C/C=C\C/C=C\C/C=C\CC","1"
"DG(20:3(5Z,8Z,11Z)/16:1(9Z)/0:0)","DG(20:3(5Z,8Z,11Z)/16:1(9Z)/0:0)","HMDB0007447","53478242",NA,"CCCCCCCC/C=C\C/C=C\C/C=C\CCCC(=O)OC[C@H](CO)OC(=O)CCCCCCC/C=C\CCCCCC","1"
"DG(20:3(8Z,11Z,14Z)/16:1(9Z)/0:0)","DG(20:3(8Z,11Z,14Z)/16:1(9Z)/0:0)","HMDB0007476","53478271",NA,"CCCCCC/C=C\CCCCCCCC(=O)O[C@@H](CO)COC(=O)CCCCCC/C=C\C/C=C\C/C=C\CCCCC","1"
"DG(20:4(5Z,8Z,11Z,14Z)/16:0/0:0)","DG(20:4(5Z,8Z,11Z,14Z)/16:0/0:0)","HMDB0007504","53478290",NA,"CCCCCCCCCCCCCCCC(=O)O[C@@H](CO)COC(=O)CCC/C=C\C/C=C\C/C=C\C/C=C\CCCCC","1"
"DG(20:4(8Z,11Z,14Z,17Z)/16:0/0:0)","DG(20:4(8Z,11Z,14Z,17Z)/16:0/0:0)","HMDB0007533","53478311",NA,"CCCCCCCCCCCCCCCC(=O)O[C@@H](CO)COC(=O)CCCCCC/C=C\C/C=C\C/C=C\C/C=C\CC","1"
"DG(22:4(7Z,10Z,13Z,16Z)/14:0/0:0)","DG(22:4(7Z,10Z,13Z,16Z)/14:0/0:0)","HMDB0007675","53478431",NA,"CCCCCCCCCCCCCC(=O)O[C@@H](CO)COC(=O)CCCCC/C=C\C/C=C\C/C=C\C/C=C\CCCCC","1"
"Neuromedin N","Neuromedin N","HMDB0013022","53481583",NA,"CC[C@@H](C)[C@H](C(=O)N1CCC[C@H]1C(=O)N[C@@H](CC2=CC=C(C=C2)O)C(=O)N[C@H]([C@H](C)CC)C(=O)N[C@@H](CC(C)C)C(=O)O)N","1"
"CerP(d18:0/16:0)","CerP(d18:0/16:0)","HMDB0010698","5283582",NA,"CCCCCCCCCCCCCCC[C@H]([C@H](COP(=O)(O)O)NC(=O)CCCCCCCCCCCCCCC)O","1"
"Glycochenodeoxycholic acid 3-glucuronide","Glycochenodeoxycholic acid 3-glucuronide","HMDB0002579","53477753","C03033","C[C@H](CCC(=O)NCC(=O)O)C1CC[C@@H]2[C@@]1(CC[C@H]3[C@H]2[C@@H](C[C@H]4[C@@]3(CC[C@H](C4)O[C@H]5[C@@H]([C@H]([C@@H]([C@H](O5)C(=O)O)O)O)O)C)O)C","1"
"5-Tetradecenoic acid","5-Tetradecenoic acid","HMDB0000499","5282740",NA,"CCCCCCCC/C=C/CCCC(=O)O","1"
"5Z-Tetradecenoic acid","5Z-Tetradecenoic acid","HMDB0000521","5312400",NA,"CCCCCCCC/C=C\CCCC(=O)O","1"
"Myristoleic acid","Myristoleic acid","HMDB0002000","5281119","C08322","CCCC/C=C\CCCCCCCC(=O)O","1"
"Tsuzuic acid","Tsuzuic acid","HMDB0005051","5312399",NA,"CCCCCCCCC/C=C\CCC(=O)O","1"
"trans-Tetra-dec-2-enoic acid","trans-Tetra-dec-2-enoic acid","HMDB0010732","5282738",NA,"CCCCCCCCCCC/C=C/C(=O)O","1"
"PE(14:0/14:0)","PE(14:0/14:0)","HMDB0008821","9852308","C00350","CCCCCCCCCCCCCC(=O)OC[C@H](COP(=O)(O)OCCN)OC(=O)CCCCCCCCCCCCC","1"
"PE(14:0/16:1(9Z))","PE(14:0/16:1(9Z))","HMDB0008825","52924945","C00350","CCCCCCCCCCCCCC(=O)OC[C@H](COP(=O)(O)OCCN)OC(=O)CCCCCCC/C=C\CCCCCC","1"
"PE(14:1(9Z)/16:0)","PE(14:1(9Z)/16:0)","HMDB0008857","52924132","C00350","CCCCCCCCCCCCCCCC(=O)O[C@H](COC(=O)CCCCCCC/C=C\CCCC)COP(=O)(O)OCCN","1"
"PE(16:0/14:1(9Z))","PE(16:0/14:1(9Z))","HMDB0008921","52924209","C00350","CCCCCCCCCCCCCCCC(=O)OC[C@H](COP(=O)(O)OCCN)OC(=O)CCCCCCC/C=C\CCCC","1"
"PE(16:1(9Z)/14:0)","PE(16:1(9Z)/14:0)","HMDB0008953","52924219","C00350","CCCCCCCCCCCCCC(=O)O[C@H](COC(=O)CCCCCCC/C=C\CCCCCC)COP(=O)(O)OCCN","1"
"3-Chlorotyrosine","3-Chlorotyrosine","HMDB0001885","119226",NA,"C1=CC(=C(C=C1CC(C(=O)O)N)Cl)O","1"
"Propenoylcarnitine","Propenoylcarnitine","HMDB0013124","53481611",NA,"C[N+](C)(C)C[C@H](CC(=O)[O-])OC(=O)C=C","1"
"N'-Formylkynurenine","N'-Formylkynurenine","HMDB0001200","910","C02406","C1=CC=C(C(=C1)C(=O)CC(C(=O)O)N)NC=O","1"
"DG(15:0/24:0/0:0)","DG(15:0/24:0/0:0)","HMDB0007093","53478022",NA,"CCCCCCCCCCCCCCCCCCCCCCCC(=O)O[C@@H](CO)COC(=O)CCCCCCCCCCCCCC","1"
"DG(24:0/15:0/0:0)","DG(24:0/15:0/0:0)","HMDB0007793","53478543",NA,"CCCCCCCCCCCCCCCCCCCCCCCC(=O)OC[C@H](CO)OC(=O)CCCCCCCCCCCCCC","1"
"PE(14:1(9Z)/15:0)","PE(14:1(9Z)/15:0)","HMDB0008856","52924130","C00350","CCCCCCCCCCCCCCC(=O)O[C@H](COC(=O)CCCCCCC/C=C\CCCC)COP(=O)(O)OCCN","1"
"PE(15:0/14:1(9Z))","PE(15:0/14:1(9Z))","HMDB0008888","52924158","C00350","CCCCCCCCCCCCCCC(=O)OC[C@H](COP(=O)(O)OCCN)OC(=O)CCCCCCC/C=C\CCCC","1"
"PE(14:0/P-18:1(11Z))","PE(14:0/P-18:1(11Z))","HMDB0008852","53479561","C00350","CCCCCCCCCCCCCC(=O)OC[C@H](COP(=O)(O)OCCN)O/C=C\CCCCCCCC/C=C\CCCCCC","1"
"PE(14:0/P-18:1(9Z))","PE(14:0/P-18:1(9Z))","HMDB0008853","53479562","C00350","CCCCCCCCCCCCCC(=O)OC[C@H](COP(=O)(O)OCCN)O/C=C\CCCCCC/C=C\CCCCCCCC","1"
"PE(14:1(9Z)/P-18:0)","PE(14:1(9Z)/P-18:0)","HMDB0008884","53479572","C00350","CCCCCCCCCCCCCCCC/C=C\O[C@H](COC(=O)CCCCCCC/C=C\CCCC)COP(=O)(O)OCCN","1"
"PE(16:1(9Z)/P-16:0)","PE(16:1(9Z)/P-16:0)","HMDB0008982","53479605","C00350","CCCCCCCCCCCCCC/C=C\O[C@H](COC(=O)CCCCCCC/C=C\CCCCCC)COP(=O)(O)OCCN","1"
"PE(P-16:0/16:1(9Z))","PE(P-16:0/16:1(9Z))","HMDB0011339","52925047",NA,"CCCCCCCCCCCCCC/C=C\OC[C@H](COP(=O)(O)OCCN)OC(=O)CCCCCCC/C=C\CCCCCC","1"
"PE(P-18:0/14:1(9Z))","PE(P-18:0/14:1(9Z))","HMDB0011369","52925070",NA,"CCCCCCCCCCCCCCCC/C=C\OC[C@H](COP(=O)(O)OCCN)OC(=O)CCCCCCC/C=C\CCCC","1"
"PE(P-18:1(11Z)/14:0)","PE(P-18:1(11Z)/14:0)","HMDB0011401","53480861",NA,"CCCCCCCCCCCCCC(=O)O[C@H](CO/C=C\CCCCCCCC/C=C\CCCCCC)COP(=O)(O)OCCN","1"
"PE(P-18:1(9Z)/14:0)","PE(P-18:1(9Z)/14:0)","HMDB0011434","53480890",NA,"CCCCCCCCCCCCCC(=O)O[C@H](CO/C=C\CCCCCC/C=C\CCCCCCCC)COP(=O)(O)OCCN","1"
"All-trans-heptaprenyl diphosphate","All-trans-heptaprenyl diphosphate","HMDB0012187","5280658","C04216","CC(=CCC/C(=C/CC/C(=C/CC/C(=C/CC/C(=C/CC/C(=C/CC/C(=C/COP(=O)(O)OP(=O)(O)O)/C)/C)/C)/C)/C)/C)C","1"
"Erythrohydrobupropion","Erythrohydrobupropion","HMDB0012227","445",NA,"CC(C(C1=CC(=CC=C1)Cl)O)NC(C)(C)C","1"
"PE(15:0/P-16:0)","PE(15:0/P-16:0)","HMDB0008916","53479583","C00350","CCCCCCCCCCCCCC/C=C\O[C@H](COC(=O)CCCCCCCCCCCCCC)COP(=O)(O)OCCN","1"
"PE(P-16:0/15:0)","PE(P-16:0/15:0)","HMDB0011337","52925044",NA,"CCCCCCCCCCCCCC/C=C\OC[C@H](COP(=O)(O)OCCN)OC(=O)CCCCCCCCCCCCCC","1"
"PE(14:0/18:3(6Z,9Z,12Z))","PE(14:0/18:3(6Z,9Z,12Z))","HMDB0008830","52924117","C00350","CCCCCCCCCCCCCC(=O)OC[C@H](COP(=O)(O)OCCN)OC(=O)CCCC/C=C\C/C=C\C/C=C\CCCCC","1"
"PE(14:0/18:3(9Z,12Z,15Z))","PE(14:0/18:3(9Z,12Z,15Z))","HMDB0008831","52924942","C00350","CCCCCCCCCCCCCC(=O)OC[C@H](COP(=O)(O)OCCN)OC(=O)CCCCCCC/C=C\C/C=C\C/C=C\CC","1"
"PE(14:1(9Z)/18:2(9Z,12Z))","PE(14:1(9Z)/18:2(9Z,12Z))","HMDB0008862","52924139","C00350","CCCCC/C=C\C/C=C\CCCCCCCC(=O)O[C@H](COC(=O)CCCCCCC/C=C\CCCC)COP(=O)(O)OCCN","1"
"PE(18:2(9Z,12Z)/14:1(9Z))","PE(18:2(9Z,12Z)/14:1(9Z))","HMDB0009086","52924357","C00350","CCCCC/C=C\C/C=C\CCCCCCCC(=O)OC[C@H](COP(=O)(O)OCCN)OC(=O)CCCCCCC/C=C\CCCC","1"
"PE(18:3(6Z,9Z,12Z)/14:0)","PE(18:3(6Z,9Z,12Z)/14:0)","HMDB0009118","52924382","C00350","CCCCCCCCCCCCCC(=O)O[C@H](COC(=O)CCCC/C=C\C/C=C\C/C=C\CCCCC)COP(=O)(O)OCCN","1"
"PE(18:3(9Z,12Z,15Z)/14:0)","PE(18:3(9Z,12Z,15Z)/14:0)","HMDB0009151","52924413","C00350","CCCCCCCCCCCCCC(=O)O[C@H](COC(=O)CCCCCCC/C=C\C/C=C\C/C=C\CC)COP(=O)(O)OCCN","1"
"Histidylproline diketopiperazine","Histidylproline diketopiperazine","HMDB0002053","65137",NA,"C1CCN2[C@@H](C1)C(=O)N[C@H](C2=O)CC3=CN=CN3","1"
"SM(d18:1/14:0)","SM(d18:1/14:0)","HMDB0012097","11433862",NA,"CCCCCCCCCCCCC/C=C/[C@H]([C@H](COP(=O)([O-])OCC[N+](C)(C)C)NC(=O)CCCCCCCCCCCCC)O","1"
"PE(16:0/P-18:1(11Z))","PE(16:0/P-18:1(11Z))","HMDB0008951","53479594","C00350","CCCCCCCCCCCCCCCC(=O)OC[C@H](COP(=O)(O)OCCN)O/C=C\CCCCCCCC/C=C\CCCCCC","1"
"PE(16:0/P-18:1(9Z))","PE(16:0/P-18:1(9Z))","HMDB0008952","53479595","C00350","CCCCCCCCCCCCCCCC(=O)OC[C@H](COP(=O)(O)OCCN)O/C=C\CCCCCC/C=C\CCCCCCCC","1"
"PE(16:1(9Z)/P-18:0)","PE(16:1(9Z)/P-18:0)","HMDB0008983","53479606","C00350","CCCCCCCCCCCCCCCC/C=C\O[C@H](COC(=O)CCCCCCC/C=C\CCCCCC)COP(=O)(O)OCCN","1"
"PE(18:1(11Z)/P-16:0)","PE(18:1(11Z)/P-16:0)","HMDB0009048","53479646","C00350","CCCCCCCCCCCCCC/C=C\O[C@H](COC(=O)CCCCCCCCC/C=C\CCCCCC)COP(=O)(O)OCCN","1"
"PE(18:1(9Z)/P-16:0)","PE(18:1(9Z)/P-16:0)","HMDB0009081","53479657","C00350","CCCCCCCCCCCCCC/C=C\O[C@H](COC(=O)CCCCCCC/C=C\CCCCCCCC)COP(=O)(O)OCCN","1"
"PEP-16:0/18:1(11Z))","PEP-16:0/18:1(11Z))","HMDB0011341","53480845",NA,"CCCCCCCCCCCCCC/C=C\OC[C@H](COP(=O)(O)OCCN)OC(=O)CCCCCCCCC/C=C\CCCCCC","1"
"PE(P-16:0/18:1(9Z))","PE(P-16:0/18:1(9Z))","HMDB0011342","52925128",NA,"CCCCCCCCCCCCCC/C=C\OC[C@H](COP(=O)(O)OCCN)OC(=O)CCCCCCC/C=C\CCCCCCCC","1"
"PE(P-18:0/16:1(9Z))","PE(P-18:0/16:1(9Z))","HMDB0011372","52925074",NA,"CCCCCCCCCCCCCCCC/C=C\OC[C@H](COP(=O)(O)OCCN)OC(=O)CCCCCCC/C=C\CCCCCC","1"
"PE(P-18:1(11Z)/16:0)","PE(P-18:1(11Z)/16:0)","HMDB0011404","53480864",NA,"CCCCCCCCCCCCCCCC(=O)O[C@H](CO/C=C\CCCCCCCC/C=C\CCCCCC)COP(=O)(O)OCCN","1"
"PE(P-18:1(9Z)/16:0)","PE(P-18:1(9Z)/16:0)","HMDB0011437","53480893",NA,"CCCCCCCCCCCCCCCC(=O)O[C@H](CO/C=C\CCCCCC/C=C\CCCCCCCC)COP(=O)(O)OCCN","1"
"PS(14:1(9Z)/16:1(9Z))","PS(14:1(9Z)/16:1(9Z))","HMDB0012344","52925225",NA,"CCCCCC/C=C\CCCCCCCC(=O)O[C@H](COC(=O)CCCCCCC/C=C\CCCC)COP(=O)(O)OC[C@@H](C(=O)O)N","1"
"PS(16:1(9Z)/14:1(9Z))","PS(16:1(9Z)/14:1(9Z))","HMDB0012364","52925314",NA,"CCCCCC/C=C\CCCCCCCC(=O)OC[C@H](COP(=O)(O)OC[C@@H](C(=O)O)N)OC(=O)CCCCCCC/C=C\CCCC","1"
"PC(15:0/P-16:0)","PC(15:0/P-16:0)","HMDB0007961","53478661","C00157","CCCCCCCCCCCCCC/C=C\OC(COC(=O)CCCCCCCCCCCCCC)COP(=O)([O-])OCC[N+](C)(C)C","1"
"PE(16:0/P-18:0)","PE(16:0/P-18:0)","HMDB0008950","53479593","C00350","CCCCCCCCCCCCCCCC/C=C\O[C@H](COC(=O)CCCCCCCCCCCCCCC)COP(=O)(O)OCCN","1"
"PE(18:0/P-16:0)","PE(18:0/P-16:0)","HMDB0009015","53479614","C00350","CCCCCCCCCCCCCCCCCC(=O)OC[C@H](COP(=O)(O)OCCN)O/C=C\CCCCCCCCCCCCCC","1"
"PE(P-16:0e/18:1(9Z))","PE(P-16:0e/18:1(9Z))","HMDB0011157","42607455",NA,"CCCCCCCCCCCCCCCCOC[C@H](COP(=O)(O)OCCN)OC(=O)CCCCCCC/C=C\CCCCCCCC","1"
"PC(P-16:0/15:0)","PC(P-16:0/15:0)","HMDB0011205","52923878",NA,"CCCCCCCCCCCCCC/C=C\OC[C@H](COP(=O)([O-])OCC[N+](C)(C)C)OC(=O)CCCCCCCCCCCCCC","1"
"PE(P-16:0/18:0)","PE(P-16:0/18:0)","HMDB0011340","52925051",NA,"CCCCCCCCCCCCCCCCCC(=O)O[C@H](CO/C=C\CCCCCCCCCCCCCC)COP(=O)(O)OCCN","1"
"PE(P-18:0/16:0)","PE(P-18:0/16:0)","HMDB0011371","52925073",NA,"CCCCCCCCCCCCCCCC/C=C\OC[C@H](COP(=O)(O)OCCN)OC(=O)CCCCCCCCCCCCCCC","1"
"DG(20:4(5Z,8Z,11Z,14Z)/22:6(4Z,7Z,10Z,13Z,16Z,19Z)/0:0)","DG(20:4(5Z,8Z,11Z,14Z)/22:6(4Z,7Z,10Z,13Z,16Z,19Z)/0:0)","HMDB0007527","9543946",NA,"CCCCC/C=C\C/C=C\C/C=C\C/C=C\CCCC(=O)OC[C@H](CO)OC(=O)CC/C=C\C/C=C\C/C=C\C/C=C\C/C=C\C/C=C\CC","1"
"DG(20:4(8Z,11Z,14Z,17Z)/22:6(4Z,7Z,10Z,13Z,16Z,19Z)/0:0)","DG(20:4(8Z,11Z,14Z,17Z)/22:6(4Z,7Z,10Z,13Z,16Z,19Z)/0:0)","HMDB0007556","53478334",NA,"CC/C=C\C/C=C\C/C=C\C/C=C\CCCCCCC(=O)OC[C@H](CO)OC(=O)CC/C=C\C/C=C\C/C=C\C/C=C\C/C=C\C/C=C\CC","1"
"DG(20:5(5Z,8Z,11Z,14Z,17Z)/22:5(4Z,7Z,10Z,13Z,16Z)/0:0)","DG(20:5(5Z,8Z,11Z,14Z,17Z)/22:5(4Z,7Z,10Z,13Z,16Z)/0:0)","HMDB0007583","53478356",NA,"CCCCC/C=C\C/C=C\C/C=C\C/C=C\C/C=C\CCC(=O)O[C@@H](CO)COC(=O)CCC/C=C\C/C=C\C/C=C\C/C=C\C/C=C\CC","1"
"DG(20:5(5Z,8Z,11Z,14Z,17Z)/22:5(7Z,10Z,13Z,16Z,19Z)/0:0)","DG(20:5(5Z,8Z,11Z,14Z,17Z)/22:5(7Z,10Z,13Z,16Z,19Z)/0:0)","HMDB0007584","9543945",NA,"CC/C=C\C/C=C\C/C=C\C/C=C\C/C=C\CCCCCC(=O)O[C@@H](CO)COC(=O)CCC/C=C\C/C=C\C/C=C\C/C=C\C/C=C\CC","1"
"DG(22:5(4Z,7Z,10Z,13Z,16Z)/20:5(5Z,8Z,11Z,14Z,17Z)/0:0)","DG(22:5(4Z,7Z,10Z,13Z,16Z)/20:5(5Z,8Z,11Z,14Z,17Z)/0:0)","HMDB0007723","53478476",NA,"CCCCC/C=C\C/C=C\C/C=C\C/C=C\C/C=C\CCC(=O)OC[C@H](CO)OC(=O)CCC/C=C\C/C=C\C/C=C\C/C=C\C/C=C\CC","1"
"DG(22:5(7Z,10Z,13Z,16Z,19Z)/20:5(5Z,8Z,11Z,14Z,17Z)/0:0)","DG(22:5(7Z,10Z,13Z,16Z,19Z)/20:5(5Z,8Z,11Z,14Z,17Z)/0:0)","HMDB0007752","53478505",NA,"CC/C=C\C/C=C\C/C=C\C/C=C\C/C=C\CCCCCC(=O)OC[C@H](CO)OC(=O)CCC/C=C\C/C=C\C/C=C\C/C=C\C/C=C\CC","1"
"DG(22:6(4Z,7Z,10Z,13Z,16Z,19Z)/20:4(5Z,8Z,11Z,14Z)/0:0)","DG(22:6(4Z,7Z,10Z,13Z,16Z,19Z)/20:4(5Z,8Z,11Z,14Z)/0:0)","HMDB0007779","53478530",NA,"CCCCC/C=C\C/C=C\C/C=C\C/C=C\CCCC(=O)O[C@@H](CO)COC(=O)CC/C=C\C/C=C\C/C=C\C/C=C\C/C=C\C/C=C\CC","1"
"DG(22:6(4Z,7Z,10Z,13Z,16Z,19Z)/20:4(8Z,11Z,14Z,17Z)/0:0)","DG(22:6(4Z,7Z,10Z,13Z,16Z,19Z)/20:4(8Z,11Z,14Z,17Z)/0:0)","HMDB0007780","53478531",NA,"CC/C=C\C/C=C\C/C=C\C/C=C\CCCCCCC(=O)O[C@@H](CO)COC(=O)CC/C=C\C/C=C\C/C=C\C/C=C\C/C=C\C/C=C\CC","1"
"Glucosamine-1P","Glucosamine-1P","HMDB0001109","9965052","C06156","C([C@@H]1[C@H]([C@@H]([C@H]([C@@H](O1)OP(=O)(O)O)N)O)O)O","1"
"Glucosamine 6-phosphate","Glucosamine 6-phosphate","HMDB0001254","439217","C00352","C([C@@H]1[C@H]([C@@H]([C@H]([C@H](O1)O)N)O)O)OP(=O)(O)O","1"
"L-beta-aspartyl-L-glutamic acid","L-beta-aspartyl-L-glutamic acid","HMDB0011164","25207301",NA,"C(CC(=O)O)C(C(=O)O)NC(=O)CC(C(=O)O)N","1"
"PS(14:0/16:0)","PS(14:0/16:0)","HMDB0012332","52926089",NA,"CCCCCCCCCCCCCCCC(=O)O[C@H](COC(=O)CCCCCCCCCCCCC)COP(=O)(O)OC[C@@H](C(=O)O)N","1"
"PS(16:0/14:0)","PS(16:0/14:0)","HMDB0012352","52926077",NA,"CCCCCCCCCCCCCCCC(=O)OC[C@H](COP(=O)(O)OC[C@@H](C(=O)O)N)OC(=O)CCCCCCCCCCCCC","1"
"PE(18:1(11Z)/P-18:1(11Z))","PE(18:1(11Z)/P-18:1(11Z))","HMDB0009050","53479648","C00350","CCCCCC/C=C\CCCCCCCCCC(=O)OC[C@H](COP(=O)(O)OCCN)O/C=C\CCCCCCCC/C=C\CCCCCC","1"
"PE(18:1(11Z)/P-18:1(9Z))","PE(18:1(11Z)/P-18:1(9Z))","HMDB0009051","53479649","C00350","CCCCCCCC/C=C\CCCCCC/C=C\O[C@H](COC(=O)CCCCCCCCC/C=C\CCCCCC)COP(=O)(O)OCCN","1"
"PE(18:1(9Z)/P-18:1(11Z))","PE(18:1(9Z)/P-18:1(11Z))","HMDB0009083","53479659","C00350","CCCCCCCC/C=C\CCCCCCCC(=O)OC[C@H](COP(=O)(O)OCCN)O/C=C\CCCCCCCC/C=C\CCCCCC","1"
"PE(18:1(9Z)/P-18:1(9Z))","PE(18:1(9Z)/P-18:1(9Z))","HMDB0009084","53479660","C00350","CCCCCCCC/C=C\CCCCCCCC(=O)OC[C@H](COP(=O)(O)OCCN)O/C=C\CCCCCC/C=C\CCCCCCCC","1"
"PE(18:2(9Z,12Z)/P-18:0)","PE(18:2(9Z,12Z)/P-18:0)","HMDB0009115","53479670","C00350","CCCCCCCCCCCCCCCC/C=C\O[C@H](COC(=O)CCCCCCC/C=C\C/C=C\CCCCC)COP(=O)(O)OCCN","1"
"PE(20:2(11Z,14Z)/P-16:0)","PE(20:2(11Z,14Z)/P-16:0)","HMDB0009312","53479738","C00350","CCCCCCCCCCCCCC/C=C\O[C@H](COC(=O)CCCCCCCCC/C=C\C/C=C\CCCCC)COP(=O)(O)OCCN","1"
"PE(P-16:0/20:2(11Z,14Z))","PE(P-16:0/20:2(11Z,14Z))","HMDB0011349","52925059",NA,"CCCCCCCCCCCCCC/C=C\OC[C@H](COP(=O)(O)OCCN)OC(=O)CCCCCCCCC/C=C\C/C=C\CCCCC","1"
"PE(P-18:0/18:2(9Z,12Z))","PE(P-18:0/18:2(9Z,12Z))","HMDB0011376","52925079",NA,"CCCCCCCCCCCCCCCC/C=C\OC[C@H](COP(=O)(O)OCCN)OC(=O)CCCCCCC/C=C\C/C=C\CCCCC","1"
"PE(P-18:1(11Z)/18:1(11Z))","PE(P-18:1(11Z)/18:1(11Z))","HMDB0011407","53480867",NA,"CCCCCC/C=C\CCCCCCCCCC(=O)O[C@H](CO/C=C\CCCCCCCC/C=C\CCCCCC)COP(=O)(O)OCCN","1"
"PE(P-18:1(11Z)/18:1(9Z))","PE(P-18:1(11Z)/18:1(9Z))","HMDB0011408","53480868",NA,"CCCCCCCC/C=C\CCCCCCCC(=O)O[C@H](CO/C=C\CCCCCCCC/C=C\CCCCCC)COP(=O)(O)OCCN","1"
"PE(P-18:1(9Z)/18:1(11Z))","PE(P-18:1(9Z)/18:1(11Z))","HMDB0011440","53480896",NA,"CCCCCCCC/C=C\CCCCCC/C=C\OC[C@H](COP(=O)(O)OCCN)OC(=O)CCCCCCCCC/C=C\CCCCCC","1"
"PE(P-18:1(9Z)/18:1(9Z))","PE(P-18:1(9Z)/18:1(9Z))","HMDB0011441","53480897",NA,"CCCCCCCC/C=C\CCCCCCCC(=O)O[C@H](CO/C=C\CCCCCC/C=C\CCCCCCCC)COP(=O)(O)OCCN","1"
"PS(14:0/18:2(9Z,12Z))","PS(14:0/18:2(9Z,12Z))","HMDB0012336","52926034",NA,"CCCCCCCCCCCCCC(=O)OC[C@H](COP(=O)(O)OC[C@@H](C(=O)O)N)OC(=O)CCCCCCC/C=C\C/C=C\CCCCC","1"
"PS(14:1(9Z)/18:1(9Z))","PS(14:1(9Z)/18:1(9Z))","HMDB0012346","52925230",NA,"CCCCCCCC/C=C\CCCCCCCC(=O)O[C@H](COC(=O)CCCCCCC/C=C\CCCC)COP(=O)(O)OC[C@@H](C(=O)O)N","1"
"PS(16:1(9Z)/16:1(9Z))","PS(16:1(9Z)/16:1(9Z))","HMDB0012366","52926071",NA,"CCCCCC/C=C\CCCCCCCC(=O)OC[C@H](COP(=O)(O)OC[C@@H](C(=O)O)N)OC(=O)CCCCCCC/C=C\CCCCCC","1"
"PS(18:1(9Z)/14:1(9Z))","PS(18:1(9Z)/14:1(9Z))","HMDB0012386","52925434",NA,"CCCCCCCC/C=C\CCCCCCCC(=O)OC[C@H](COP(=O)(O)OC[C@@H](C(=O)O)N)OC(=O)CCCCCCC/C=C\CCCC","1"
"PS(18:2(9Z,12Z)/14:0)","PS(18:2(9Z,12Z)/14:0)","HMDB0012396","52925452",NA,"CCCCCCCCCCCCCC(=O)O[C@H](COC(=O)CCCCCCC/C=C\C/C=C\CCCCC)COP(=O)(O)OC[C@@H](C(=O)O)N","1"
"PC(15:0/P-18:0)","PC(15:0/P-18:0)","HMDB0007962","53478663","C00157","CCCCCCCCCCCCCCCC/C=C\OC(COC(=O)CCCCCCCCCCCCCC)COP(=O)([O-])OCC[N+](C)(C)C","1"
"PE(18:0/P-18:0)","PE(18:0/P-18:0)","HMDB0009016","53479615","C00350","CCCCCCCCCCCCCCCCCC(=O)OC[C@H](COP(=O)(O)OCCN)O/C=C\CCCCCCCCCCCCCCCC","1"
"PE(20:0/P-16:0)","PE(20:0/P-16:0)","HMDB0009246","53479714","C00350","CCCCCCCCCCCCCCCCCCCC(=O)OC[C@H](COP(=O)(O)OCCN)O/C=C\CCCCCCCCCCCCCC","1"
"PC(P-18:0/15:0)","PC(P-18:0/15:0)","HMDB0011238","52923930",NA,"CCCCCCCCCCCCCCCC/C=C\OC[C@H](COP(=O)([O-])OCC[N+](C)(C)C)OC(=O)CCCCCCCCCCCCCC","1"
"PE(P-16:0/20:0)","PE(P-16:0/20:0)","HMDB0011347","52925057",NA,"CCCCCCCCCCCCCCCCCCCC(=O)O[C@H](CO/C=C\CCCCCCCCCCCCCC)COP(=O)(O)OCCN","1"
"PE(dm18:0/18:0)","PE(dm18:0/18:0)","HMDB11373","52925078",NA,"CCCCCCCCCCCCCCCCCC(=O)O[C@H](CO/C=C\CCCCCCCCCCCCCCCC)COP(=O)(O)OCCN","1"
"Leucyl-phenylalanine","Leucyl-phenylalanine","HMDB0013243","6992310","C11221","CC(C)CC(C(=O)NC(CC1=CC=CC=C1)C(=O)O)N","1"
"Stearic acid","Stearic acid","HMDB0000827","5281","C01530","CCCCCCCCCCCCCCCCCC(=O)O","1"
"PE(20:1(11Z)/P-18:1(11Z))","PE(20:1(11Z)/P-18:1(11Z))","HMDB0009281","53479728","C00350","CCCCCCCC/C=C\CCCCCCCCCC(=O)OC[C@H](COP(=O)(O)OCCN)O/C=C\CCCCCCCC/C=C\CCCCCC","1"
"PE(20:1(11Z)/P-18:1(9Z))","PE(20:1(11Z)/P-18:1(9Z))","HMDB0009282","53479729","C00350","CCCCCCCC/C=C\CCCCCCCCCC(=O)OC[C@H](COP(=O)(O)OCCN)O/C=C\CCCCCC/C=C\CCCCCCCC","1"
"PE(20:2(11Z,14Z)/P-18:0)","PE(20:2(11Z,14Z)/P-18:0)","HMDB0009313","53479739","C00350","CCCCCCCCCCCCCCCC/C=C\O[C@H](COC(=O)CCCCCCCCC/C=C\C/C=C\CCCCC)COP(=O)(O)OCCN","1"
"PE(22:2(13Z,16Z)/P-16:0)","PE(22:2(13Z,16Z)/P-16:0)","HMDB0009576","53479893","C00350","CCCCCCCCCCCCCC/C=C\O[C@H](COC(=O)CCCCCCCCCCC/C=C\C/C=C\CCCCC)COP(=O)(O)OCCN","1"
"PE(P-16:0/22:2(13Z,16Z))","PE(P-16:0/22:2(13Z,16Z))","HMDB0011357","52925065",NA,"CCCCCCCCCCCCCC/C=C\OC[C@H](COP(=O)(O)OCCN)OC(=O)CCCCCCCCCCC/C=C\C/C=C\CCCCC","1"
"PE(P-18:0/20:2(11Z,14Z))","PE(P-18:0/20:2(11Z,14Z))","HMDB0011382","52925087",NA,"CCCCCCCCCCCCCCCC/C=C\OC[C@H](COP(=O)(O)OCCN)OC(=O)CCCCCCCCC/C=C\C/C=C\CCCCC","1"
"PE(P-18:1(11Z)/20:1(11Z))","PE(P-18:1(11Z)/20:1(11Z))","HMDB0011414","53480874",NA,"CCCCCCCC/C=C\CCCCCCCCCC(=O)O[C@H](CO/C=C\CCCCCCCC/C=C\CCCCCC)COP(=O)(O)OCCN","1"
"PE(P-18:1(9Z)/20:1(11Z))","PE(P-18:1(9Z)/20:1(11Z))","HMDB0011447","53480903",NA,"CCCCCCCC/C=C\CCCCCCCCCC(=O)O[C@H](CO/C=C\CCCCCC/C=C\CCCCCCCC)COP(=O)(O)OCCN","1"
"Salicin","Salicin","HMDB0003546","439503","C01451","C1=CC=C(C(=C1)CO)O[C@H]2[C@@H]([C@H]([C@@H]([C@H](O2)CO)O)O)O","1"
"PS(16:0/18:2(9Z,12Z))","PS(16:0/18:2(9Z,12Z))","HMDB0012358","46891802",NA,"CCCCCCCCCCCCCCCC(=O)OC[C@H](COP(=O)(O)OC[C@@H](C(=O)O)N)OC(=O)CCCCCCC/C=C\C/C=C\CCCCC","1"
"PS(16:1(9Z)/18:1(9Z))","PS(16:1(9Z)/18:1(9Z))","HMDB0012368","52926009",NA,"CCCCCCCC/C=C\CCCCCCCC(=O)O[C@H](COC(=O)CCCCCCC/C=C\CCCCCC)COP(=O)(O)OC[C@@H](C(=O)O)N","1"
"PS(18:1(9Z)/16:1(9Z))","PS(18:1(9Z)/16:1(9Z))","HMDB0012388","52925990",NA,"CCCCCCCC/C=C\CCCCCCCC(=O)OC[C@H](COP(=O)(O)OC[C@@H](C(=O)O)N)OC(=O)CCCCCCC/C=C\CCCCCC","1"
"PS(18:2(9Z,12Z)/16:0)","PS(18:2(9Z,12Z)/16:0)","HMDB0012398","52925986",NA,"CCCCCCCCCCCCCCCC(=O)O[C@H](COC(=O)CCCCCCC/C=C\C/C=C\CCCCC)COP(=O)(O)OC[C@@H](C(=O)O)N","1"
"PS(16:0/18:1(9Z))","PS(16:0/18:1(9Z))","HMDB0012357","5283499","C13880","CCCCCCCCCCCCCCCC(=O)OC[C@H](COP(=O)(O)OC[C@@H](C(=O)O)N)OC(=O)CCCCCCC/C=C\CCCCCCCC","1"
"PS(16:1(9Z)/18:0)","PS(16:1(9Z)/18:0)","HMDB0012367","52925321",NA,"CCCCCCCCCCCCCCCCCC(=O)O[C@H](COC(=O)CCCCCCC/C=C\CCCCCC)COP(=O)(O)OC[C@@H](C(=O)O)N","1"
"PS(18:0/16:1(9Z))","PS(18:0/16:1(9Z))","HMDB0012377","52925996",NA,"CCCCCCCCCCCCCCCCCC(=O)OC[C@H](COP(=O)(O)OC[C@@H](C(=O)O)N)OC(=O)CCCCCCC/C=C\CCCCCC","1"
"PS(18:1(9Z)/16:0)","PS(18:1(9Z)/16:0)","HMDB0012387","52926066",NA,"CCCCCCCCCCCCCCCC(=O)O[C@H](COC(=O)CCCCCCC/C=C\CCCCCCCC)COP(=O)(O)OC[C@@H](C(=O)O)N","1"
"Androsterone","Androsterone","HMDB0000031","5879","C00523","C[C@]12CCC(C[C@@H]1CC[C@@H]3[C@@H]2CC[C@]4([C@H]3CCC4=O)C)O","1"
"Epiandrosterone","Epiandrosterone","HMDB0000365","11055399","C07635","C[C@]12CC[C@@H](CC1CC[C@@H]3[C@@H]2CC[C@]4([C@H]3CCC4=O)C)O","1"
"Etiocholanolone","Etiocholanolone","HMDB0000490","5880","C04373","C[C@]12CC[C@H](C[C@H]1CC[C@@H]3[C@@H]2CC[C@]4([C@H]3CCC4=O)C)O","1"
"Epietiocholanolone","Epietiocholanolone","HMDB0000546","247732",NA,"C[C@]12CC[C@@H](C[C@H]1CC[C@@H]3[C@@H]2CC[C@]4([C@H]3CCC4=O)C)O","1"
"Dihydrotestosterone","Dihydrotestosterone","HMDB0002961","10635","C03917","C[C@]12CCC(=O)C[C@@H]1CC[C@@H]3[C@@H]2CC[C@]4([C@H]3CC[C@@H]4O)C","1"
"Androst-5-ene-3b,17b-diol","5-Androstenediol","HMDB0003818","10634","C04295","C[C@]12CC[C@H]3[C@H]([C@@H]1CC[C@@H]2O)CC=C4[C@@]3(CC[C@@H](C4)O)C","1"
"4-Androstenediol","4-Androstenediol","HMDB0005849","136297","C14210","C[C@]12CC[C@H]3[C@H]([C@@H]1CC[C@@H]2O)CCC4=C[C@H](CC[C@]34C)O","1"
"5b-Dihydrotestosterone","5b-Dihydrotestosterone","HMDB0006770","11302","C05293","C[C@]12CCC(=O)C[C@H]1CC[C@@H]3[C@@H]2CC[C@]4([C@H]3CC[C@@H]4O)C","1"
"13-OxoODE","13-OxoODE","HMDB0004668","6446027","C14765","CCCCCC(=O)/C=C/C=C\CCCCCCCC(=O)O","1"
"9-OxoODE","9-OxoODE","HMDB0004669","9839084","C14766","CCCCC/C=C\C=C\C(=O)CCCCCCCC(=O)O","1"
"A-12(13)-EpODE","A-12(13)-EpODE","HMDB0010200","16061061",NA,"CC/C=C\CC1C(O1)C/C=C\CCCCCCCC(=O)O","1"
"13-HOTE","13-HOTE","HMDB0010203","10469728",NA,"CC/C=C\CC(/C=C/C=C\CCCCCCCC(=O)O)O","1"
"15(16)-EpODE","15(16)-EpODE","HMDB0010206","16061062",NA,"CCC1C(O1)C/C=C\C/C=C\CCCCCCCC(=O)O","1"
"9(10)-EpODE","9(10)-EpODE","HMDB0010220","16061060",NA,"CC/C=C\C/C=C\CC1C(O1)CCCCCCCC(=O)O","1"
"9-HOTE","9-HOTE","HMDB0010224","53480359",NA,"CC/C=C\CC/C=C/C=C(\CCCCCCCC(=O)O)/O","1"
"17-Hydroxylinolenic acid","17-Hydroxylinolenic acid","HMDB0011108","10708957","C16346","CC(/C=C\C/C=C\C/C=C\CCCCCCCC(=O)O)O","1"
"3-O-Sulfogalactosylceramide (d18:1/16:0)","3-O-Sulfogalactosylceramide (d18:1/16:0)","HMDB0012313","24779578","C06125","CCCCCCCCCCCCCCCC(=O)N[C@@H](CO[C@H]1C(C([C@H]([C@H](O1)CO)O)OS(=O)(=O)O)O)[C@@H](/C=C/CCCCCCCCCCCCC)O","1"
"(R)-3-Hydroxy-Octadecanoic acid","(R)-3-Hydroxy-Octadecanoic acid","HMDB0010737","5312838",NA,"CCCCCCCCCCCCCCC[C@H](CC(=O)O)O","1"
"FAD","FAD","HMDB0001248","643975","C00016","CC1=CC2=C(C=C1C)N(C3=NC(=O)NC(=O)C3=N2)C[C@@H]([C@@H]([C@@H](COP(=O)(O)OP(=O)(O)OC[C@@H]4[C@H]([C@H]([C@@H](O4)N5C=NC6=C5N=CN=C6N)O)O)O)O)O","1"
"Dolichol phosphate","Dolichol phosphate","HMDB0006353","5280322","C00110","CC(CC/C=C(\C)/CCC=C(C)C)CCOP(=O)(O)O","1"
"Capsaicin","Capsaicin","HMDB0002227","1548943","C06866","CC(C)/C=C/CCCCC(=O)NCC1=CC(=C(C=C1)O)OC","1"
"PGP(16:1(9Z)/16:1(9Z))","PGP(16:1(9Z)/16:1(9Z))","HMDB0013488","53481808",NA,"CCCCCC/C=C\CCCCCCCC(=O)OC[C@H](COP(=O)(O)OC[C@H](COP(=O)(O)O)O)OC(=O)CCCCCCC/C=C\CCCCCC","1"
"12(13)Ep-9-KODE","12(13)Ep-9-KODE","HMDB0013623","5283007",NA,"CCCCCC1C(O1)/C=C/C(=O)CCCCCCCC(=O)O","1"
"Digoxin","Digoxin","HMDB0001917","2724385","C06956","C[C@@H]1[C@H]([C@H](C[C@@H](O1)O[C@@H]2[C@H](O[C@H](C[C@@H]2O)O[C@@H]3[C@H](O[C@H](C[C@@H]3O)O[C@H]4CC[C@]5([C@@H](C4)CC[C@@H]6[C@@H]5C[C@H]([C@]7([C@@]6(CC[C@@H]7C8=CC(=O)OC8)O)C)O)C)C)C)O)O","1"
"2-trans,4-cis-Decadienoylcarnitine","2-trans,4-cis-Decadienoylcarnitine","HMDB0013325","53481669",NA,"CCCCC/C=C\C=C\C(=O)O[C@@H](CCC(=O)[O-])[N+](C)(C)C","1"
"PC(14:1(9Z)/22:2(13Z,16Z))","PC(14:1(9Z)/22:2(13Z,16Z))","HMDB0007921","52922294","C00157","CCCCC/C=C\C/C=C\CCCCCCCCCCCC(=O)O[C@H](COC(=O)CCCCCCC/C=C\CCCC)COP(=O)([O-])OCC[N+](C)(C)C","1"
"PC(16:0/20:3(5Z,8Z,11Z))","PC(16:0/20:3(5Z,8Z,11Z))","HMDB0007980","24778715","C00157","CCCCCCCCCCCCCCCC(=O)OC[C@H](COP(=O)([O-])OCC[N+](C)(C)C)OC(=O)CCC/C=C\C/C=C\C/C=C\CCCCCCCC","1"
"PC(16:0/20:3(8Z,11Z,14Z))","PC(16:0/20:3(8Z,11Z,14Z))","HMDB0007981","24778719","C00157","CCCCCCCCCCCCCCCC(=O)OC[C@H](COP(=O)([O-])OCC[N+](C)(C)C)OC(=O)CCCCCC/C=C\C/C=C\C/C=C\CCCCC","1"
"PC(16:1(9Z)/20:2(11Z,14Z))","PC(16:1(9Z)/20:2(11Z,14Z))","HMDB0008012","52922461","C00157","CCCCCC/C=C\CCCCCCCC(=O)OC[C@H](COP(=O)([O-])OCC[N+](C)(C)C)OC(=O)CCCCCCCCC/C=C\C/C=C\CCCCC","1"
"PC(18:0/18:3(6Z,9Z,12Z))","PC(18:0/18:3(6Z,9Z,12Z))","HMDB0008040","52922655","C00157","CCCCCCCCCCCCCCCCCC(=O)OC[C@H](COP(=O)([O-])OCC[N+](C)(C)C)OC(=O)CCCC/C=C\C/C=C\C/C=C\CCCCC","1"
"PC(18:0/18:3(9Z,12Z,15Z))","PC(18:0/18:3(9Z,12Z,15Z))","HMDB0008041","52922657","C00157","CCCCCCCCCCCCCCCCCC(=O)OC[C@H](COP(=O)([O-])OCC[N+](C)(C)C)OC(=O)CCCCCCC/C=C\C/C=C\C/C=C\CC","1"
"PC(18:1(11Z)/18:2(9Z,12Z))","PC(18:1(11Z)/18:2(9Z,12Z))","HMDB0008072","53478723","C00157","CCCCCC/C=C\CCCCCCCCCC(=O)OC[C@H](COP(=O)([O-])OCC[N+](C)(C)C)OC(=O)CCCCCCC/C=C\C/C=C\CCCCC","1"
"PC(18:1(9Z)/18:2(9Z,12Z))","PC(18:1(9Z)/18:2(9Z,12Z))","HMDB0008105","24778939","C00157","CCCCCCCC/C=C\CCCCCCCC(=O)OC[C@H](COP(=O)([O-])OCC[N+](C)(C)C)OC(=O)CCCCCCC/C=C\C/C=C\CCCCC","1"
"PC(18:2(9Z,12Z)/18:1(11Z))","PC(18:2(9Z,12Z)/18:1(11Z))","HMDB0008136","53478785","C00157","CCCCCC/C=C\CCCCCCCCCC(=O)O[C@H](COC(=O)CCCCCCC/C=C\C/C=C\CCCCC)COP(=O)([O-])OCC[N+](C)(C)C","1"
"PC(18:2(9Z,12Z)/18:1(9Z))","PC(18:2(9Z,12Z)/18:1(9Z))","HMDB0008137","52922727","C00157","CCCCCCCC/C=C\CCCCCCCC(=O)O[C@H](COC(=O)CCCCCCC/C=C\C/C=C\CCCCC)COP(=O)([O-])OCC[N+](C)(C)C","1"
"PC(18:3(6Z,9Z,12Z)/18:0)","PC(18:3(6Z,9Z,12Z)/18:0)","HMDB0008168","52922781","C00157","CCCCCCCCCCCCCCCCCC(=O)O[C@H](COC(=O)CCCC/C=C\C/C=C\C/C=C\CCCCC)COP(=O)([O-])OCC[N+](C)(C)C","1"
"PC(18:3(9Z,12Z,15Z)/18:0)","PC(18:3(9Z,12Z,15Z)/18:0)","HMDB0008201","52922843","C00157","CCCCCCCCCCCCCCCCCC(=O)O[C@H](COC(=O)CCCCCCC/C=C\C/C=C\C/C=C\CC)COP(=O)([O-])OCC[N+](C)(C)C","1"
"PC(20:2(11Z,14Z)/16:1(9Z))","PC(20:2(11Z,14Z)/16:1(9Z))","HMDB0008332","52923163","C00157","CCCCCC/C=C\CCCCCCCC(=O)O[C@H](COC(=O)CCCCCCCCC/C=C\C/C=C\CCCCC)COP(=O)([O-])OCC[N+](C)(C)C","1"
"PC(20:3(5Z,8Z,11Z)/16:0)","PC(20:3(5Z,8Z,11Z)/16:0)","HMDB0008364","53478949","C00157","CCCCCCCCCCCCCCCC(=O)O[C@H](COC(=O)CCC/C=C\C/C=C\C/C=C\CCCCCCCC)COP(=O)([O-])OCC[N+](C)(C)C","1"
"PC(20:3(8Z,11Z,14Z)/16:0)","PC(20:3(8Z,11Z,14Z)/16:0)","HMDB0008397","52923221","C00157","CCCCCCCCCCCCCCCC(=O)O[C@H](COC(=O)CCCCCC/C=C\C/C=C\C/C=C\CCCCC)COP(=O)([O-])OCC[N+](C)(C)C","1"
"PC(22:2(13Z,16Z)/14:1(9Z))","PC(22:2(13Z,16Z)/14:1(9Z))","HMDB0008591","52923553","C00157","CCCCC/C=C\C/C=C\CCCCCCCCCCCC(=O)OC[C@H](COP(=O)([O-])OCC[N+](C)(C)C)OC(=O)CCCCCCC/C=C\CCCC","1"
"CerP(d18:1/26:1(17Z))","CerP(d18:1/26:1(17Z))","HMDB0010707","16061332",NA,"CCCCCCCCCCCCCCC/C=C/[C@H]([C@H](COP(=O)(O)O)NC(=O)CCCCCCCCCCCCCCC/C=C\CCCCCCCC)O","1"
"Octadecanedioic acid","Octadecanedioic acid","HMDB0000782","70095",NA,"C(CCCCCCCCC(=O)O)CCCCCCCC(=O)O","1"
"9,10-DHOME","9,10-DHOME","HMDB0004704","9966640","C14828","CCCCC/C=C\CC(C(CCCCCCCC(=O)O)O)O","1"
"12,13-DHOME","12,13-DHOME","HMDB0004705","10236635","C14829","CCCCCC(C(C/C=C\CCCCCCCC(=O)O)O)O","1"
"MG(0:0/15:0/0:0)","MG(0:0/15:0/0:0)","HMDB0011532","537297",NA,"CCCCCCCCCCCCCCC(=O)OC(CO)CO","1"
"MG(15:0/0:0/0:0)","MG(15:0/0:0/0:0)","HMDB0011563","46879024",NA,"CCCCCCCCCCCCCCC(=O)OC[C@H](CO)O","1"
"5,6-Epoxy-8,11,14-eicosatrienoic acid","5,6-Epoxy-8,11,14-eicosatrienoic acid","HMDB0002190","5283202","C14768","CCCCC/C=C\C/C=C\C/C=C\CC1C(O1)CCCC(=O)O","1"
"8,9-Epoxyeicosatrienoic acid","8,9-Epoxyeicosatrienoic acid","HMDB0002232","5283203","C14769","CCCCC/C=C\C/C=C\CC1C(O1)C/C=C\CCCC(=O)O","1"
"14R,15S-EpETrE","14R,15S-EpETrE","HMDB0002283","5283201",NA,"CCCCC[C@H]1[C@H](O1)C/C=C\C/C=C\C/C=C\CCCC(=O)O","1"
"Hydroxyeicosatetraenoic acid","NA","NA","NA","NA","NA","0"
"15(S)-HETE","15(S)-HETE","HMDB0003876","9966861","C04742","CCCCC[C@@H](/C=C/C=C\C/C=C\C/C=C\CCCC(=O)O)O","1"
"14,15-Epoxy-5,8,11-eicosatrienoic acid","14,15-Epoxy-5,8,11-eicosatrienoic acid","HMDB0004264","5283205","C14771","CCCCCC1C(O1)C/C=C\C/C=C\C/C=C\CCCC(=O)O","1"
"11,12-Epoxyeicosatrienoic acid","11,12-Epoxyeicosatrienoic acid","HMDB0004673","5353269","C14770","CCCCC/C=C/CC1C(O1)C/C=C/C/C=C/CCCC(=O)O","1"
"8-HETE","8-HETE","HMDB0004679","5283154","C14776","CCCCC/C=C\C/C=C\C=C\[C@H](C/C=C\CCCC(=O)O)O","1"
"16(R)-HETE","16(R)-HETE","HMDB0004680","9548884","C14778","CCCC[C@H](/C=C\C/C=C\C/C=C\C/C=C\CCCC(=O)O)O","1"
"11(R)-HETE","11(R)-HETE","HMDB0004682","5312981","C14780","CCCCC/C=C\C=C/[C@@H](C/C=C\C/C=C/CCCC(=O)O)O","1"
"20-Hydroxyeicosatetraenoic acid","20-Hydroxyeicosatetraenoic acid","HMDB0005998","5283157","C14748","C(CC/C=C\C/C=C\C/C=C\C/C=C\CCCC(=O)O)CCO","1"
"12-HETE","12-HETE","HMDB0006111","5312983","C14777","CCCCC/C=C\CC(/C=C\C=C/C/C=C/CCCC(=O)O)O","1"
"18-Hydroxyarachidonic acid","18-Hydroxyarachidonic acid","HMDB0006245","11141754",NA,"CC[C@H](CC/C=C\C/C=C\C/C=C\C/C=C\CCCC(=O)O)O","1"
"9-HETE","9-HETE","HMDB0010222","5312978",NA,"CCCCC/C=C\C/C=C\CC(/C=C\C=C\CCCC(=O)O)O","1"
"11,12-EpETrE","11,12-EpETrE","HMDB0010409","5353269","C14770","CCCCC/C=C/CC1C(O1)C/C=C\C/C=C/CCCC(=O)O","1"
"5-HETE","5-HETE","HMDB0011134","5280733","C04805","CCCCC/C=C\C/C=C\C/C=C\C=C\[C@H](CCCC(=O)O)O","1"
"19(S)-HETE","19(S)-HETE","HMDB0011136","9548883","C14749","C[C@@H](CCC/C=C\C/C=C\C/C=C\C/C=C\CCCC(=O)O)O","1"
"10-Nitrolinoleic acid","10-Nitrolinoleic acid","HMDB0005049","5282259","C13800","CCCCC/C=C\C/C(=C\CCCCCCCC(=O)O)/[N+](=O)[O-]","1"
